  0
SECTION
  2
HEADER
  9
$ACADVER
  1
AC1027
  9
$ACADMAINTVER
 70
   125
  9
$DWGCODEPAGE
  3
ANSI_936
  9
$LASTSAVEDBY
  1
admin
  9
$REQUIREDVERSIONS
160
                 0
  9
$INSBASE
 10
0.0
 20
0.0
 30
0.0
  9
$EXTMIN
 10
-54.2071005595242
 20
-2.963405998767882
 30
0.0
  9
$EXTMAX
 10
1375.992520566413
 20
581.7799985840359
 30
0.0
  9
$LIMMIN
 10
-54.2071005595242
 20
13.7114797174901
  9
$LIMMAX
 10
1373.14983989999
 20
581.7844141498029
  9
$ORTHOMODE
 70
     0
  9
$REGENMODE
 70
     1
  9
$FILLMODE
 70
     1
  9
$QTEXTMODE
 70
     0
  9
$MIRRTEXT
 70
     0
  9
$LTSCALE
 40
1.0
  9
$ATTMODE
 70
     1
  9
$TEXTSIZE
 40
0.200000002980232
  9
$TRACEWID
 40
0.05
  9
$TEXTSTYLE
  7
Standard
  9
$CLAYER
  8
0
  9
$CELTYPE
  6
ByLayer
  9
$CECOLOR
 62
   256
  9
$CELTSCALE
 40
1.0
  9
$DISPSILH
 70
     0
  9
$DIMSCALE
 40
1.0
  9
$DIMASZ
 40
0.09375
  9
$DIMEXO
 40
0.09375
  9
$DIMDLI
 40
0.38
  9
$DIMRND
 40
0.0
  9
$DIMDLE
 40
0.0
  9
$DIMEXE
 40
0.09375
  9
$DIMTP
 40
0.0
  9
$DIMTM
 40
0.0
  9
$DIMTXT
 40
0.078125
  9
$DIMCEN
 40
0.09
  9
$DIMTSZ
 40
0.0
  9
$DIMTOL
 70
     0
  9
$DIMLIM
 70
     0
  9
$DIMTIH
 70
     0
  9
$DIMTOH
 70
     0
  9
$DIMSE1
 70
     0
  9
$DIMSE2
 70
     0
  9
$DIMTAD
 70
     0
  9
$DIMZIN
 70
     0
  9
$DIMBLK
  1
ARCHTICK
  9
$DIMASO
 70
     1
  9
$DIMSHO
 70
     1
  9
$DIMPOST
  1
\X
  9
$DIMAPOST
  1

  9
$DIMALT
 70
     0
  9
$DIMALTD
 70
     2
  9
$DIMALTF
 40
25.4
  9
$DIMLFAC
 40
1.0
  9
$DIMTOFL
 70
     0
  9
$DIMTVP
 40
0.0
  9
$DIMTIX
 70
     0
  9
$DIMSOXD
 70
     0
  9
$DIMSAH
 70
     0
  9
$DIMBLK1
  1

  9
$DIMBLK2
  1

  9
$DIMSTYLE
  2
ROMANS-beside
  9
$DIMCLRD
 70
   256
  9
$DIMCLRE
 70
   256
  9
$DIMCLRT
 70
   256
  9
$DIMTFAC
 40
1.0
  9
$DIMGAP
 40
0.0625
  9
$DIMJUST
 70
     0
  9
$DIMSD1
 70
     0
  9
$DIMSD2
 70
     0
  9
$DIMTOLJ
 70
     1
  9
$DIMTZIN
 70
     0
  9
$DIMALTZ
 70
     0
  9
$DIMALTTZ
 70
     0
  9
$DIMUPT
 70
     0
  9
$DIMDEC
 70
     0
  9
$DIMTDEC
 70
     4
  9
$DIMALTU
 70
     2
  9
$DIMALTTD
 70
     2
  9
$DIMTXSTY
  7
ROMANS
  9
$DIMAUNIT
 70
     0
  9
$DIMADEC
 70
     0
  9
$DIMALTRND
 40
0.0
  9
$DIMAZIN
 70
     0
  9
$DIMDSEP
 70
    46
  9
$DIMATFIT
 70
     3
  9
$DIMFRAC
 70
     0
  9
$DIMLDRBLK
  1

  9
$DIMLUNIT
 70
     2
  9
$DIMLWD
 70
    -2
  9
$DIMLWE
 70
    -2
  9
$DIMTMOVE
 70
     0
  9
$DIMFXL
 40
1.0
  9
$DIMFXLON
 70
     0
  9
$DIMJOGANG
 40
0.7853981633974483
  9
$DIMTFILL
 70
     0
  9
$DIMTFILLCLR
 70
     0
  9
$DIMARCSYM
 70
     0
  9
$DIMLTYPE
  6

  9
$DIMLTEX1
  6

  9
$DIMLTEX2
  6

  9
$DIMTXTDIRECTION
 70
     0
  9
$LUNITS
 70
     2
  9
$LUPREC
 70
     4
  9
$SKETCHINC
 40
0.1
  9
$FILLETRAD
 40
0.0
  9
$AUNITS
 70
     0
  9
$AUPREC
 70
     0
  9
$MENU
  1
.
  9
$ELEVATION
 40
0.0
  9
$PELEVATION
 40
0.0
  9
$THICKNESS
 40
0.0
  9
$LIMCHECK
 70
     0
  9
$CHAMFERA
 40
0.0
  9
$CHAMFERB
 40
0.0
  9
$CHAMFERC
 40
0.0
  9
$CHAMFERD
 40
0.0
  9
$SKPOLY
 70
     0
  9
$TDCREATE
 40
2460386.914907407
  9
$TDUCREATE
 40
2460386.581574074
  9
$TDUPDATE
 40
2460386.915324074
  9
$TDUUPDATE
 40
2460386.581990741
  9
$TDINDWG
 40
0.0004166667
  9
$TDUSRTIMER
 40
0.0004166667
  9
$USRTIMER
 70
     1
  9
$ANGBASE
 50
0.0
  9
$ANGDIR
 70
     0
  9
$PDMODE
 70
     0
  9
$PDSIZE
 40
0.0
  9
$PLINEWID
 40
0.0
  9
$SPLFRAME
 70
     0
  9
$SPLINETYPE
 70
     6
  9
$SPLINESEGS
 70
     8
  9
$HANDSEED
  5
D29C
  9
$SURFTAB1
 70
     6
  9
$SURFTAB2
 70
     6
  9
$SURFTYPE
 70
     6
  9
$SURFU
 70
     6
  9
$SURFV
 70
     6
  9
$UCSBASE
  2

  9
$UCSNAME
  2

  9
$UCSORG
 10
0.0
 20
0.0
 30
0.0
  9
$UCSXDIR
 10
1.0
 20
0.0
 30
0.0
  9
$UCSYDIR
 10
0.0
 20
1.0
 30
0.0
  9
$UCSORTHOREF
  2

  9
$UCSORTHOVIEW
 70
     0
  9
$UCSORGTOP
 10
0.0
 20
0.0
 30
0.0
  9
$UCSORGBOTTOM
 10
0.0
 20
0.0
 30
0.0
  9
$UCSORGLEFT
 10
0.0
 20
0.0
 30
0.0
  9
$UCSORGRIGHT
 10
0.0
 20
0.0
 30
0.0
  9
$UCSORGFRONT
 10
0.0
 20
0.0
 30
0.0
  9
$UCSORGBACK
 10
0.0
 20
0.0
 30
0.0
  9
$PUCSBASE
  2

  9
$PUCSNAME
  2

  9
$PUCSORG
 10
0.0
 20
0.0
 30
0.0
  9
$PUCSXDIR
 10
1.0
 20
0.0
 30
0.0
  9
$PUCSYDIR
 10
0.0
 20
1.0
 30
0.0
  9
$PUCSORTHOREF
  2

  9
$PUCSORTHOVIEW
 70
     0
  9
$PUCSORGTOP
 10
0.0
 20
0.0
 30
0.0
  9
$PUCSORGBOTTOM
 10
0.0
 20
0.0
 30
0.0
  9
$PUCSORGLEFT
 10
0.0
 20
0.0
 30
0.0
  9
$PUCSORGRIGHT
 10
0.0
 20
0.0
 30
0.0
  9
$PUCSORGFRONT
 10
0.0
 20
0.0
 30
0.0
  9
$PUCSORGBACK
 10
0.0
 20
0.0
 30
0.0
  9
$USERI1
 70
     0
  9
$USERI2
 70
     0
  9
$USERI3
 70
     0
  9
$USERI4
 70
     0
  9
$USERI5
 70
     0
  9
$USERR1
 40
0.0
  9
$USERR2
 40
0.0
  9
$USERR3
 40
0.0
  9
$USERR4
 40
0.0
  9
$USERR5
 40
0.0
  9
$WORLDVIEW
 70
     1
  9
$SHADEDGE
 70
     3
  9
$SHADEDIF
 70
    70
  9
$TILEMODE
 70
     1
  9
$MAXACTVP
 70
    64
  9
$PINSBASE
 10
0.0
 20
0.0
 30
0.0
  9
$PLIMCHECK
 70
     0
  9
$PEXTMIN
 10
1.000000000000000E+20
 20
1.000000000000000E+20
 30
1.000000000000000E+20
  9
$PEXTMAX
 10
-1.000000000000000E+20
 20
-1.000000000000000E+20
 30
-1.000000000000000E+20
  9
$PLIMMIN
 10
-0.249883571165071
 20
-0.7499209474646311
  9
$PLIMMAX
 10
35.74988602883589
 20
23.2499254525353
  9
$UNITMODE
 70
     0
  9
$VISRETAIN
 70
     1
  9
$PLINEGEN
 70
     0
  9
$PSLTSCALE
 70
     1
  9
$TREEDEPTH
 70
  3020
  9
$CMLSTYLE
  2
STANDARD
  9
$CMLJUST
 70
     0
  9
$CMLSCALE
 40
1.0
  9
$PROXYGRAPHICS
 70
     1
  9
$MEASUREMENT
 70
     0
  9
$CELWEIGHT
370
    -1
  9
$ENDCAPS
280
     0
  9
$JOINSTYLE
280
     0
  9
$LWDISPLAY
290
     0
  9
$INSUNITS
 70
     1
  9
$HYPERLINKBASE
  1

  9
$STYLESHEET
  1

  9
$XEDIT
290
     1
  9
$CEPSNTYPE
380
     0
  9
$PSTYLEMODE
290
     1
  9
$FINGERPRINTGUID
  2
{BDACD80C-F3CD-4D4A-93AB-A493A1BDA44C}
  9
$VERSIONGUID
  2
{57A5DEBC-FA60-494D-87BB-744083452AEF}
  9
$EXTNAMES
290
     1
  9
$PSVPSCALE
 40
0.0
  9
$OLESTARTUP
290
     0
  9
$SORTENTS
280
   127
  9
$INDEXCTL
280
     0
  9
$HIDETEXT
280
     0
  9
$XCLIPFRAME
280
     2
  9
$HALOGAP
280
     0
  9
$OBSCOLOR
 70
   257
  9
$OBSLTYPE
280
     0
  9
$INTERSECTIONDISPLAY
280
     0
  9
$INTERSECTIONCOLOR
 70
   257
  9
$DIMASSOC
280
     1
  9
$PROJECTNAME
  1

  9
$CAMERADISPLAY
290
     0
  9
$LENSLENGTH
 40
50.0
  9
$CAMERAHEIGHT
 40
0.0
  9
$STEPSPERSEC
 40
2.0
  9
$STEPSIZE
 40
6.0
  9
$3DDWFPREC
 40
2.0
  9
$PSOLWIDTH
 40
0.25
  9
$PSOLHEIGHT
 40
4.0
  9
$LOFTANG1
 40
1.570796326794896
  9
$LOFTANG2
 40
1.570796326794896
  9
$LOFTMAG1
 40
0.0
  9
$LOFTMAG2
 40
0.0
  9
$LOFTPARAM
 70
     7
  9
$LOFTNORMALS
280
     1
  9
$LATITUDE
 40
37.795
  9
$LONGITUDE
 40
-122.394
  9
$NORTHDIRECTION
 40
0.0
  9
$TIMEZONE
 70
 -8000
  9
$LIGHTGLYPHDISPLAY
280
     1
  9
$TILEMODELIGHTSYNCH
280
     1
  9
$CMATERIAL
347
D1D7
  9
$SOLIDHIST
280
     0
  9
$SHOWHIST
280
     1
  9
$DWFFRAME
280
     2
  9
$DGNFRAME
280
     0
  9
$REALWORLDSCALE
290
     1
  9
$INTERFERECOLOR
 62
     1
  9
$INTERFEREOBJVS
345
D1F9
  9
$INTERFEREVPVS
346
D1F6
  9
$CSHADOW
280
     0
  9
$SHADOWPLANELOCATION
 40
0.0
  0
ENDSEC
  0
SECTION
  2
CLASSES
  0
CLASS
  1
SPATIAL_INDEX
  2
AcDbAcDbSpatialIndex
  3
ObjectDBX Classes
 90
        0
 91
        0
280
     0
281
     0
  0
CLASS
  1
SPATIAL_FILTER
  2
AcDbAcDbSpatialFilter
  3
ObjectDBX Classes
 90
        0
 91
        0
280
     0
281
     1
  0
CLASS
  1
IMAGE
  2
AcDbRasterImage
  3
ISM
 90
     2175
 91
        0
280
     0
281
     1
  0
CLASS
  1
IMAGEDEF
  2
AcDbRasterImageDef
  3
ISM
 90
        0
 91
        0
280
     0
281
     0
  0
CLASS
  1
WIPEOUT
  2
AcDbWipeout
  3
WipeOut|Product Desc: Object Enabler for WipeOut entity | Company: Autodesk, Inc. | WEB Address: www.autodesk.com
 90
     2175
 91
        0
280
     0
281
     1
  0
CLASS
  1
WIPEOUTVARIABLES
  2
AcDbWipeoutVariables
  3
"WipeOut|Product Desc:     WipeOut Dbx Application|Company:          Autodesk, Inc.|WEB Address:      www.autodesk.com"
 90
        0
 91
        1
280
     0
281
     0
  0
CLASS
  1
MPOLYGON
  2
AcDbMPolygon
  3
"AcMPolygonObj15|Version(1.0.0.0) Product Desc:     Object enabler for the AcDbMPolygon entity|Company:          Autodesk,Inc.|WEB Address:      www.autodesk.com"
 90
     3071
 91
        0
280
     0
281
     1
  0
CLASS
  1
TABLESTYLE
  2
AcDbTableStyle
  3
ObjectDBX Classes
 90
     4095
 91
        1
280
     0
281
     0
  0
CLASS
  1
ACAD_TABLE
  2
AcDbTable
  3
ObjectDBX Classes
 90
     1025
 91
        0
280
     0
281
     1
  0
CLASS
  1
SCALE
  2
AcDbScale
  3
ObjectDBX Classes
 90
     1153
 91
       49
280
     0
281
     0
  0
CLASS
  1
ACDB_MTEXTOBJECTCONTEXTDATA_CLASS
  2
AcDbMTextObjectContextData
  3
ObjectDBX Classes
 90
     1153
 91
        5
280
     0
281
     0
  0
CLASS
  1
ACDBDICTIONARYWDFLT
  2
AcDbDictionaryWithDefault
  3
ObjectDBX Classes
 90
        0
 91
        1
280
     0
281
     0
  0
CLASS
  1
MATERIAL
  2
AcDbMaterial
  3
ObjectDBX Classes
 90
     1153
 91
        3
280
     0
281
     0
  0
CLASS
  1
VISUALSTYLE
  2
AcDbVisualStyle
  3
ObjectDBX Classes
 90
     4095
 91
       24
280
     0
281
     0
  0
CLASS
  1
MLEADERSTYLE
  2
AcDbMLeaderStyle
  3
ACDB_MLEADERSTYLE_CLASS
 90
     4095
 91
        1
280
     0
281
     0
  0
CLASS
  1
ACDBSECTIONVIEWSTYLE
  2
AcDbSectionViewStyle
  3
ObjectDBX Classes
 90
     1025
 91
        1
280
     0
281
     0
  0
CLASS
  1
ACDBDETAILVIEWSTYLE
  2
AcDbDetailViewStyle
  3
ObjectDBX Classes
 90
     1025
 91
        1
280
     0
281
     0
  0
CLASS
  1
DICTIONARYVAR
  2
AcDbDictionaryVar
  3
ObjectDBX Classes
 90
        0
 91
       10
280
     0
281
     0
  0
CLASS
  1
CELLSTYLEMAP
  2
AcDbCellStyleMap
  3
ObjectDBX Classes
 90
     1152
 91
        1
280
     0
281
     0
  0
ENDSEC
  0
SECTION
  2
TABLES
  0
TABLE
  2
VPORT
  5
D0EA
330
0
100
AcDbSymbolTable
 70
     1
1001
ACAD
1000
DbSaveVer
1071
      298
  0
VPORT
  5
D0EC
330
D0EA
100
AcDbSymbolTableRecord
100
AcDbViewportTableRecord
  2
*ACTIVE
 70
     0
 10
0.0
 20
0.0
 11
1.0
 21
1.0
 12
676.275328700484
 22
369.3475890001116
 13
0.0
 23
0.0
 14
1.0
 24
1.0
 15
1.0
 25
1.0
 16
0.0
 26
0.0
 36
1.0
 17
0.0
 27
0.0
 37
0.0
 40
994.9550828059486
 41
1.956804281345565
 42
50.0
 43
0.0
 44
0.0
 50
0.0
 51
0.0
 71
     0
 72
   100
 73
     1
 74
     1
 75
     0
 76
     0
 77
     0
 78
     0
281
     0
 65
     1
110
0.0
120
0.0
130
0.0
111
1.0
121
0.0
131
0.0
112
0.0
122
1.0
132
0.0
 79
     0
146
0.0
348
D1F5
 60
     3
 61
     5
292
     1
282
     1
141
0.0
142
0.0
 63
   250
421
  3355443
1001
ACAD_NAV_VCDISPLAY
1070
     3
  0
ENDTAB
  0
TABLE
  2
LTYPE
  5
5
330
0
100
AcDbSymbolTable
 70
     4
  0
LTYPE
  5
14
330
5
100
AcDbSymbolTableRecord
100
AcDbLinetypeTableRecord
  2
ByBlock
 70
     0
  3

 72
    65
 73
     0
 40
0.0
  0
LTYPE
  5
15
330
5
100
AcDbSymbolTableRecord
100
AcDbLinetypeTableRecord
  2
ByLayer
 70
     0
  3

 72
    65
 73
     0
 40
0.0
  0
LTYPE
  5
16
330
5
100
AcDbSymbolTableRecord
100
AcDbLinetypeTableRecord
  2
Continuous
 70
     0
  3

 72
    65
 73
     0
 40
0.0
  0
LTYPE
  5
361
330
5
100
AcDbSymbolTableRecord
100
AcDbLinetypeTableRecord
  2
HIDDEN
 70
     0
  3
_ 
 72
    65
 73
     2
 40
0.375
 49
0.25
 74
     0
 49
-0.125
 74
     0
  0
LTYPE
  5
362
330
5
100
AcDbSymbolTableRecord
100
AcDbLinetypeTableRecord
  2
CENTER
 70
     0
  3
_ _ 
 72
    65
 73
     4
 40
2.0
 49
1.25
 74
     0
 49
-0.25
 74
     0
 49
0.25
 74
     0
 49
-0.25
 74
     0
  0
LTYPE
  5
363
330
5
100
AcDbSymbolTableRecord
100
AcDbLinetypeTableRecord
  2
BATTING
 70
     0
  3
_   
 72
    65
 73
     4
 40
0.4001000000000001
 49
0.0001
 74
     0
 49
-0.1
 74
     4
 75
   134
340
3CD
 46
0.1
 50
0.0
 44
-0.1
 45
0.0
 49
-0.2
 74
     4
 75
   134
340
3CD
 46
0.1
 50
180.0
 44
0.1
 45
0.0
 49
-0.1
 74
     0
  0
ENDTAB
  0
TABLE
  2
LAYER
  5
2
330
0
100
AcDbSymbolTable
 70
    49
  0
LAYER
  5
10
102
{ACAD_XDICTIONARY
360
D22B
102
}
330
2
100
AcDbSymbolTableRecord
100
AcDbLayerTableRecord
  2
0
 70
     0
 62
     7
  6
Continuous
370
    -3
390
D1D6
347
D1E7
348
0
  0
LAYER
  5
364
330
2
100
AcDbSymbolTableRecord
100
AcDbLayerTableRecord
  2
DEFPOINTS
 70
     0
 62
     7
  6
Continuous
290
     0
370
    -3
390
D1D6
347
D1E7
348
0
  0
LAYER
  5
365
102
{ACAD_XDICTIONARY
360
D22D
102
}
330
2
100
AcDbSymbolTableRecord
100
AcDbLayerTableRecord
  2
Center
 70
     0
 62
   251
  6
CENTER
370
    -3
390
D1D6
347
D1E7
348
0
  0
LAYER
  5
368
102
{ACAD_XDICTIONARY
360
D22F
102
}
330
2
100
AcDbSymbolTableRecord
100
AcDbLayerTableRecord
  2
Structural_SteelBeam
 70
     0
 62
    22
  6
Continuous
370
    -3
390
D1D6
347
D1E7
348
0
  0
LAYER
  5
36B
102
{ACAD_XDICTIONARY
360
D231
102
}
330
2
100
AcDbSymbolTableRecord
100
AcDbLayerTableRecord
  2
LAYER131A
 70
     0
 62
   131
  6
Continuous
370
    -3
390
D1D6
347
D1E7
348
0
  0
LAYER
  5
36E
102
{ACAD_XDICTIONARY
360
D233
102
}
330
2
100
AcDbSymbolTableRecord
100
AcDbLayerTableRecord
  2
Struc_Section_Steel
 70
     0
 62
    11
  6
Continuous
370
    -3
390
D1D6
347
D1E7
348
0
  0
LAYER
  5
371
102
{ACAD_XDICTIONARY
360
D235
102
}
330
2
100
AcDbSymbolTableRecord
100
AcDbLayerTableRecord
  2
Struc_Section_Dim
 70
     0
 62
     5
  6
Continuous
370
    -3
390
D1D6
347
D1E7
348
0
  0
LAYER
  5
374
102
{ACAD_XDICTIONARY
360
D237
102
}
330
2
100
AcDbSymbolTableRecord
100
AcDbLayerTableRecord
  2
Struc_Section_Conc
 70
     0
 62
    71
  6
Continuous
370
    -3
390
D1D6
347
D1E7
348
0
  0
LAYER
  5
377
102
{ACAD_XDICTIONARY
360
D239
102
}
330
2
100
AcDbSymbolTableRecord
100
AcDbLayerTableRecord
  2
LAYER11A
 70
     0
 62
    11
  6
Continuous
370
    -3
390
D1D6
347
D1E7
348
0
  0
LAYER
  5
37A
102
{ACAD_XDICTIONARY
360
D23B
102
}
330
2
100
AcDbSymbolTableRecord
100
AcDbLayerTableRecord
  2
Struc_Section_BP
 70
     0
 62
   135
  6
Continuous
370
    -3
390
D1D6
347
D1E7
348
0
  0
LAYER
  5
37D
102
{ACAD_XDICTIONARY
360
D23D
102
}
330
2
100
AcDbSymbolTableRecord
100
AcDbLayerTableRecord
  2
C-241-1
 70
     0
 62
   241
  6
Continuous
370
    -3
390
D1D6
347
D1E7
348
0
  0
LAYER
  5
380
102
{ACAD_XDICTIONARY
360
D23F
102
}
330
2
100
AcDbSymbolTableRecord
100
AcDbLayerTableRecord
  2
Struc_Section_MachineBolt
 70
     0
 62
   133
  6
Continuous
370
    -3
390
D1D6
347
D1E7
348
0
  0
LAYER
  5
383
102
{ACAD_XDICTIONARY
360
D241
102
}
330
2
100
AcDbSymbolTableRecord
100
AcDbLayerTableRecord
  2
Struc_Section_Stair
 70
     0
 62
   131
  6
Continuous
370
    -3
390
D1D6
347
D1E7
348
0
  0
LAYER
  5
386
102
{ACAD_XDICTIONARY
360
D243
102
}
330
2
100
AcDbSymbolTableRecord
100
AcDbLayerTableRecord
  2
Structural_Section_StAngle
 70
     0
 62
     2
  6
Continuous
370
    -3
390
D1D6
347
D1E7
348
0
  0
LAYER
  5
389
102
{ACAD_XDICTIONARY
360
D245
102
}
330
2
100
AcDbSymbolTableRecord
100
AcDbLayerTableRecord
  2
LAYER131D
 70
     0
 62
   131
  6
HIDDEN
370
    -3
390
D1D6
347
D1E7
348
0
  0
LAYER
  5
38C
102
{ACAD_XDICTIONARY
360
D247
102
}
330
2
100
AcDbSymbolTableRecord
100
AcDbLayerTableRecord
  2
Layer131B
 70
     0
 62
    71
  6
Continuous
370
    -3
390
D1D6
347
D1E7
348
0
  0
LAYER
  5
38F
102
{ACAD_XDICTIONARY
360
D249
102
}
330
2
100
AcDbSymbolTableRecord
100
AcDbLayerTableRecord
  2
Structural_Steel_Deck
 70
     0
 62
    41
  6
Continuous
370
    -3
390
D1D6
347
D1E7
348
0
  0
LAYER
  5
392
102
{ACAD_XDICTIONARY
360
D24B
102
}
330
2
100
AcDbSymbolTableRecord
100
AcDbLayerTableRecord
  2
Stair_Conc.
 70
     0
 62
   252
  6
Continuous
370
    -3
390
D1D6
347
D1E7
348
0
  0
LAYER
  5
398
102
{ACAD_XDICTIONARY
360
D24D
102
}
330
2
100
AcDbSymbolTableRecord
100
AcDbLayerTableRecord
  2
Arch_Section_Ceiling
 70
     0
 62
   150
  6
Continuous
370
    -3
390
D1D6
347
D1E7
348
0
  0
LAYER
  5
39B
102
{ACAD_XDICTIONARY
360
D24F
102
}
330
2
100
AcDbSymbolTableRecord
100
AcDbLayerTableRecord
  2
LAYER251A
 70
     0
 62
   251
  6
Continuous
370
    -3
390
D1D6
347
D1E7
348
0
  0
LAYER
  5
39E
102
{ACAD_XDICTIONARY
360
D251
102
}
330
2
100
AcDbSymbolTableRecord
100
AcDbLayerTableRecord
  2
Arch_Detail_Door
 70
     0
 62
   140
  6
Continuous
370
    -3
390
D1D6
347
D1E7
348
0
  0
LAYER
  5
3A1
102
{ACAD_XDICTIONARY
360
D253
102
}
330
2
100
AcDbSymbolTableRecord
100
AcDbLayerTableRecord
  2
Arch_Section_Wall
 70
     0
 62
   131
  6
Continuous
370
    -3
390
D1D6
347
D1E7
348
0
  0
LAYER
  5
3A4
102
{ACAD_XDICTIONARY
360
D255
102
}
330
2
100
AcDbSymbolTableRecord
100
AcDbLayerTableRecord
  2
Arch_Section_Handrail
 70
     0
 62
     1
  6
Continuous
370
    -3
390
D1D6
347
D1E7
348
0
  0
LAYER
  5
3A7
102
{ACAD_XDICTIONARY
360
D257
102
}
330
2
100
AcDbSymbolTableRecord
100
AcDbLayerTableRecord
  2
Arch_Section_Insul
 70
     0
 62
    11
  6
BATTING
370
    -3
390
D1D6
347
D1E7
348
0
  0
LAYER
  5
3AA
102
{ACAD_XDICTIONARY
360
D259
102
}
330
2
100
AcDbSymbolTableRecord
100
AcDbLayerTableRecord
  2
Arch_Section_VP
 70
     0
 62
    71
  6
HIDDEN
370
    -3
390
D1D6
347
D1E7
348
0
  0
LAYER
  5
3BC
102
{ACAD_XDICTIONARY
360
D25B
102
}
330
2
100
AcDbSymbolTableRecord
100
AcDbLayerTableRecord
  2
L1
 70
     0
 62
     1
  6
Continuous
370
    -3
390
D1D6
347
D1E7
348
0
1001
RAK
1000
{ACET-LAYISO
1070
     0
1070
     1
1000
Continuous
1071
       -3
1071
        1
1005
F
1000
ACET-LAYISO}
  0
LAYER
  5
3BF
102
{ACAD_XDICTIONARY
360
D25D
102
}
330
2
100
AcDbSymbolTableRecord
100
AcDbLayerTableRecord
  2
Structural_Steel_Joist
 70
     0
 62
    21
  6
Continuous
370
    -3
390
D1D6
347
D1E7
348
0
1001
RAK
1000
{ACET-LAYISO
1070
     0
1070
    21
1000
Continuous
1071
       -3
1071
        1
1005
F
1000
ACET-LAYISO}
  0
LAYER
  5
3C2
102
{ACAD_XDICTIONARY
360
D25F
102
}
330
2
100
AcDbSymbolTableRecord
100
AcDbLayerTableRecord
  2
Arch_Section_Truss
 70
     0
 62
    45
  6
Continuous
370
    -3
390
D1D6
347
D1E7
348
0
1001
RAK
1000
{ACET-LAYISO
1070
     0
1070
    45
1000
Continuous
1071
       -3
1071
        1
1005
F
1000
ACET-LAYISO}
  0
LAYER
  5
3C5
102
{ACAD_XDICTIONARY
360
D261
102
}
330
2
100
AcDbSymbolTableRecord
100
AcDbLayerTableRecord
  2
Struc_Plan_Deck
 70
     0
 62
    41
  6
Continuous
370
    -3
390
D1D6
347
D1E7
348
0
  0
LAYER
  5
1246
102
{ACAD_XDICTIONARY
360
D263
102
}
330
2
100
AcDbSymbolTableRecord
100
AcDbLayerTableRecord
  2
Mleader
 70
     0
 62
     5
  6
Continuous
370
    -3
390
D1D6
347
D1E7
348
0
1001
AcAecLayerStandard
1000

1000

  0
LAYER
  5
1247
102
{ACAD_XDICTIONARY
360
D265
102
}
330
2
100
AcDbSymbolTableRecord
100
AcDbLayerTableRecord
  2
Dim
 70
     0
 62
     5
  6
Continuous
370
    -3
390
D1D6
347
D1E7
348
0
1001
AcAecLayerStandard
1000

1000

  0
LAYER
  5
2286
102
{ACAD_XDICTIONARY
360
D267
102
}
330
2
100
AcDbSymbolTableRecord
100
AcDbLayerTableRecord
  2
PS_Viewport
 70
     0
 62
   220
  6
Continuous
290
     0
370
    -3
390
D1D6
347
D1E7
348
0
  0
LAYER
  5
2289
102
{ACAD_XDICTIONARY
360
D269
102
}
330
2
100
AcDbSymbolTableRecord
100
AcDbLayerTableRecord
  2
PS_Annot
 70
     0
 62
     5
  6
Continuous
370
    -3
390
D1D6
347
D1E7
348
0
  0
LAYER
  5
228C
102
{ACAD_XDICTIONARY
360
D26B
102
}
330
2
100
AcDbSymbolTableRecord
100
AcDbLayerTableRecord
  2
TS-TEXT2
 70
     0
 62
     7
  6
Continuous
370
    -3
390
D1D6
347
D1E7
348
0
  0
LAYER
  5
228F
102
{ACAD_XDICTIONARY
360
D26D
102
}
330
2
100
AcDbSymbolTableRecord
100
AcDbLayerTableRecord
  2
TEXT
 70
     0
 62
     5
  6
Continuous
370
    -3
390
D1D6
347
D1E7
348
0
  0
LAYER
  5
2292
102
{ACAD_XDICTIONARY
360
D26F
102
}
330
2
100
AcDbSymbolTableRecord
100
AcDbLayerTableRecord
  2
Foundation_Plan_Dim
 70
     0
 62
     5
  6
Continuous
370
    -3
390
D1D6
347
D1E7
348
0
  0
LAYER
  5
2295
102
{ACAD_XDICTIONARY
360
D271
102
}
330
2
100
AcDbSymbolTableRecord
100
AcDbLayerTableRecord
  2
TB_TEXT1
 70
     0
 62
     5
  6
Continuous
370
    -3
390
D1D6
347
D1E7
348
0
  0
LAYER
  5
2298
102
{ACAD_XDICTIONARY
360
D273
102
}
330
2
100
AcDbSymbolTableRecord
100
AcDbLayerTableRecord
  2
TB_TEXT3
 70
     0
 62
     1
  6
Continuous
370
    -3
390
D1D6
347
D1E7
348
0
  0
LAYER
  5
229B
102
{ACAD_XDICTIONARY
360
D275
102
}
330
2
100
AcDbSymbolTableRecord
100
AcDbLayerTableRecord
  2
TB_BORDER
 70
     0
 62
     6
  6
Continuous
370
    -3
390
D1D6
347
D1E7
348
0
  0
LAYER
  5
229E
102
{ACAD_XDICTIONARY
360
D277
102
}
330
2
100
AcDbSymbolTableRecord
100
AcDbLayerTableRecord
  2
TB_INFORMATION
 70
     0
 62
     3
  6
Continuous
370
    -3
390
D1D6
347
D1E7
348
0
  0
LAYER
  5
22A1
102
{ACAD_XDICTIONARY
360
D279
102
}
330
2
100
AcDbSymbolTableRecord
100
AcDbLayerTableRecord
  2
TB_TEXT4
 70
     0
 62
     5
  6
Continuous
370
    -3
390
D1D6
347
D1E7
348
0
  0
LAYER
  5
22A4
102
{ACAD_XDICTIONARY
360
D27B
102
}
330
2
100
AcDbSymbolTableRecord
100
AcDbLayerTableRecord
  2
TB_CORNERS
 70
     0
 62
     1
  6
Continuous
370
    -3
390
D1D6
347
D1E7
348
0
  0
LAYER
  5
22A7
102
{ACAD_XDICTIONARY
360
D27D
102
}
330
2
100
AcDbSymbolTableRecord
100
AcDbLayerTableRecord
  2
Title
 70
     0
 62
     7
  6
Continuous
370
    -3
390
D1D6
347
D1E7
348
0
  0
LAYER
  5
50C4
102
{ACAD_XDICTIONARY
360
D27F
102
}
330
2
100
AcDbSymbolTableRecord
100
AcDbLayerTableRecord
  2
TB_TEXT2
 70
     0
 62
     1
  6
Continuous
370
    -3
390
D1D6
347
D1E7
348
0
  0
LAYER
  5
CEF7
102
{ACAD_XDICTIONARY
360
D281
102
}
330
2
100
AcDbSymbolTableRecord
100
AcDbLayerTableRecord
  2
Dim @ 48
 70
     0
 62
     5
  6
Continuous
370
    -3
390
D1D6
347
D1E7
348
0
1001
AcAecLayerStandard
1000

1000

  0
LAYER
  5
CEFA
102
{ACAD_XDICTIONARY
360
D283
102
}
330
2
100
AcDbSymbolTableRecord
100
AcDbLayerTableRecord
  2
Dim @ 24
 70
     0
 62
     5
  6
Continuous
370
    -3
390
D1D6
347
D1E7
348
0
1001
AcAecLayerStandard
1000

1000

  0
LAYER
  5
CEFD
102
{ACAD_XDICTIONARY
360
D285
102
}
330
2
100
AcDbSymbolTableRecord
100
AcDbLayerTableRecord
  2
Mleader @ 48
 70
     0
 62
     5
  6
Continuous
370
    -3
390
D1D6
347
D1E7
348
0
1001
AcAecLayerStandard
1000

1000

  0
LAYER
  5
CF00
102
{ACAD_XDICTIONARY
360
D287
102
}
330
2
100
AcDbSymbolTableRecord
100
AcDbLayerTableRecord
  2
Mleader @ 24
 70
     0
 62
     5
  6
Continuous
370
    -3
390
D1D6
347
D1E7
348
0
1001
AcAecLayerStandard
1000

1000

  0
LAYER
  5
CF03
102
{ACAD_XDICTIONARY
360
D289
102
}
330
2
100
AcDbSymbolTableRecord
100
AcDbLayerTableRecord
  2
Mleader @ 4
 70
     0
 62
     5
  6
Continuous
370
    -3
390
D1D6
347
D1E7
348
0
1001
AcAecLayerStandard
1000

1000

  0
ENDTAB
  0
TABLE
  2
STYLE
  5
3
330
0
100
AcDbSymbolTable
 70
     8
  0
STYLE
  5
11
330
3
100
AcDbSymbolTableRecord
100
AcDbTextStyleTableRecord
  2
Standard
 70
     0
 40
0.0
 41
1.0
 50
0.0
 71
     0
 42
0.200000002980232
  3

  4

1001
AcadAnnotative
1000
AnnotativeData
1002
{
1070
     1
1070
     1
1002
}
  0
STYLE
  5
3CB
330
3
100
AcDbSymbolTableRecord
100
AcDbTextStyleTableRecord
  2
SANSSERIFBOLD
 70
     0
 40
0.0
 41
1.0
 50
0.0
 71
     0
 42
0.0625
  3

  4

1001
ACAD
1000
SansSerif
1071
 33554946
  0
STYLE
  5
3CC
330
3
100
AcDbSymbolTableRecord
100
AcDbTextStyleTableRecord
  2
ROMANS
 70
     0
 40
0.0
 41
1.149999976158139
 50
0.0
 71
     0
 42
0.0625
  3

  4

1001
AcadAnnotative
1000
AnnotativeData
1002
{
1070
     1
1070
     1
1002
}
  0
STYLE
  5
3CD
330
3
100
AcDbSymbolTableRecord
100
AcDbTextStyleTableRecord
  2

 70
     1
 40
0.0
 41
1.0
 50
0.0
 71
     0
 42
0.0625
  3
ltypeshp.shx
  4

  0
STYLE
  5
22AA
330
3
100
AcDbSymbolTableRecord
100
AcDbTextStyleTableRecord
  2
ROMANS-80
 70
     0
 40
0.0
 41
0.8000000119209291
 50
0.0
 71
     0
 42
12.0
  3
romans.shx
  4

  0
STYLE
  5
22AB
330
3
100
AcDbSymbolTableRecord
100
AcDbTextStyleTableRecord
  2
ROMANC
 70
     0
 40
0.0
 41
1.0
 50
0.0
 71
     0
 42
36.0
  3
romanc
  4

  0
STYLE
  5
22AC
330
3
100
AcDbSymbolTableRecord
100
AcDbTextStyleTableRecord
  2
ROMAND
 70
     0
 40
0.0
 41
1.0
 50
0.0
 71
     0
 42
0.100000001490116
  3
ROMAND
  4

  0
STYLE
  5
22AD
330
3
100
AcDbSymbolTableRecord
100
AcDbTextStyleTableRecord
  2
SANSERIF
 70
     0
 40
0.0
 41
1.0
 50
0.0
 71
     0
 42
0.1875
  3

  4

1001
ACAD
1000
SansSerif
1071
      514
  0
ENDTAB
  0
TABLE
  2
VIEW
  5
D0ED
330
0
100
AcDbSymbolTable
 70
     0
  0
ENDTAB
  0
TABLE
  2
UCS
  5
D0EE
330
0
100
AcDbSymbolTable
 70
     0
  0
ENDTAB
  0
TABLE
  2
APPID
  5
D0BB
330
0
100
AcDbSymbolTable
 70
    20
  0
APPID
  5
D0BC
330
D0BB
100
AcDbSymbolTableRecord
100
AcDbRegAppTableRecord
  2
ACAD
 70
     0
  0
APPID
  5
DD
330
D0BB
100
AcDbSymbolTableRecord
100
AcDbRegAppTableRecord
  2
AcadAnnoPO
 70
     0
  0
APPID
  5
DE
330
D0BB
100
AcDbSymbolTableRecord
100
AcDbRegAppTableRecord
  2
AcadAnnotative
 70
     0
  0
APPID
  5
DF
330
D0BB
100
AcDbSymbolTableRecord
100
AcDbRegAppTableRecord
  2
ACAD_DSTYLE_DIMJAG
 70
     0
  0
APPID
  5
E0
330
D0BB
100
AcDbSymbolTableRecord
100
AcDbRegAppTableRecord
  2
ACAD_DSTYLE_DIMTALN
 70
     0
  0
APPID
  5
3D5
330
D0BB
100
AcDbSymbolTableRecord
100
AcDbRegAppTableRecord
  2
ACAD_PSEXT
 70
     0
  0
APPID
  5
3D6
330
D0BB
100
AcDbSymbolTableRecord
100
AcDbRegAppTableRecord
  2
AcAecLayerStandard
 70
     0
  0
APPID
  5
3D7
330
D0BB
100
AcDbSymbolTableRecord
100
AcDbRegAppTableRecord
  2
RAK
 70
     0
  0
APPID
  5
3D8
330
D0BB
100
AcDbSymbolTableRecord
100
AcDbRegAppTableRecord
  2
PE_URL
 70
     0
  0
APPID
  5
3D9
330
D0BB
100
AcDbSymbolTableRecord
100
AcDbRegAppTableRecord
  2
ACAD_DSTYLE_DIMTEXT_FILL
 70
     0
  0
APPID
  5
165C
330
D0BB
100
AcDbSymbolTableRecord
100
AcDbRegAppTableRecord
  2
AcadAnnotativeDecomposition
 70
     0
  0
APPID
  5
19F7
330
D0BB
100
AcDbSymbolTableRecord
100
AcDbRegAppTableRecord
  2
ACAD_DSTYLE_DIMBREAK
 70
     0
  0
APPID
  5
22B0
330
D0BB
100
AcDbSymbolTableRecord
100
AcDbRegAppTableRecord
  2
AcDbBlockRepETag
 70
     0
  0
APPID
  5
22B1
330
D0BB
100
AcDbSymbolTableRecord
100
AcDbRegAppTableRecord
  2
AcDbDynamicBlockTrueName
 70
     0
  0
APPID
  5
22B2
330
D0BB
100
AcDbSymbolTableRecord
100
AcDbRegAppTableRecord
  2
AcDbDynamicBlockGUID
 70
     0
  0
APPID
  5
22B3
330
D0BB
100
AcDbSymbolTableRecord
100
AcDbRegAppTableRecord
  2
AcDbBlockRepBTag
 70
     0
  0
APPID
  5
50CB
330
D0BB
100
AcDbSymbolTableRecord
100
AcDbRegAppTableRecord
  2
AcadAnnoAV
 70
     0
  0
APPID
  5
5750
330
D0BB
100
AcDbSymbolTableRecord
100
AcDbRegAppTableRecord
  2
ACAD_EXEMPT_FROM_CAD_STANDARDS
 70
     0
  0
APPID
  5
B922
330
D0BB
100
AcDbSymbolTableRecord
100
AcDbRegAppTableRecord
  2
ACAD_MLEADERVER
 70
     0
  0
APPID
  5
D294
330
D0BB
100
AcDbSymbolTableRecord
100
AcDbRegAppTableRecord
  2
ACAD_NAV_VCDISPLAY
 70
     0
  0
ENDTAB
  0
TABLE
  2
DIMSTYLE
  5
A
330
0
100
AcDbSymbolTable
 70
     3
100
AcDbDimStyleTable
 71
     0
  0
DIMSTYLE
105
27
330
A
100
AcDbSymbolTableRecord
100
AcDbDimStyleTableRecord
  2
Standard
 70
     0
 74
     0
141
0.0
147
0.0625
340
11
  0
DIMSTYLE
105
3CF
102
{ACAD_REACTORS
330
9EA
330
9ED
330
A43
330
AC6
330
AC7
330
BF8
330
BF9
330
BFA
330
C2B
330
E30
330
E31
102
}
330
A
100
AcDbSymbolTableRecord
100
AcDbDimStyleTableRecord
  2
ROMANS
 70
     0
 41
0.09375
 42
0.09375
 44
0.09375
 74
     0
140
0.078125
141
0.0625
147
0.0625
340
3CC
  0
DIMSTYLE
105
19F8
102
{ACAD_REACTORS
330
9EE
330
A2C
330
AC3
330
AC5
330
ACA
330
BFB
330
C16
330
C17
330
C18
330
C28
330
E2F
330
E32
330
EF1
330
EF3
330
41CB
330
41E0
330
6008
102
}
330
A
100
AcDbSymbolTableRecord
100
AcDbDimStyleTableRecord
  2
ROMANS-beside
 70
     0
 41
0.09375
 42
0.09375
 44
0.09375
 74
     0
 77
     1
140
0.078125
141
0.0625
147
0.0625
340
3CC
  0
ENDTAB
  0
TABLE
  2
BLOCK_RECORD
  5
D0BD
330
0
100
AcDbSymbolTable
 70
    42
  0
BLOCK_RECORD
  5
D0BE
330
D0BD
100
AcDbSymbolTableRecord
100
AcDbBlockTableRecord
  2
*MODEL_SPACE
340
22
 70
     0
280
     1
281
     0
  0
BLOCK_RECORD
  5
D0BF
330
D0BD
100
AcDbSymbolTableRecord
100
AcDbBlockTableRecord
  2
*PAPER_SPACE
340
2189
 70
     0
280
     1
281
     0
  0
BLOCK_RECORD
  5
D0C0
330
D0BD
100
AcDbSymbolTableRecord
100
AcDbBlockTableRecord
  2
OUTSTANDINGCONN1
340
0
102
{BLKREFS
331
9EF
331
A49
331
C7C
331
DA2
102
}
 70
     0
280
     1
281
     0
  0
BLOCK_RECORD
  5
D0C1
330
D0BD
100
AcDbSymbolTableRecord
100
AcDbBlockTableRecord
  2
C250X23
340
0
102
{BLKREFS
331
A5C
331
A5D
331
A86
331
A87
331
D8B
331
D8C
331
DF4
331
E05
102
}
 70
     0
280
     1
281
     0
  0
BLOCK_RECORD
  5
D0C2
330
D0BD
100
AcDbSymbolTableRecord
100
AcDbBlockTableRecord
  2
STAIR
340
0
102
{BLKREFS
331
A67
331
E2E
102
}
 70
     0
280
     1
281
     0
  0
BLOCK_RECORD
  5
D0C3
330
D0BD
100
AcDbSymbolTableRecord
100
AcDbBlockTableRecord
  2
W250X33
340
0
102
{BLKREFS
331
A6F
331
ABF
102
}
 70
     0
280
     1
281
     0
  0
BLOCK_RECORD
  5
D0C4
330
D0BD
100
AcDbSymbolTableRecord
100
AcDbBlockTableRecord
  2
_ARCHTICK
340
0
102
{BLKREFS
331
CBCA
331
CBCB
331
CBD7
331
CBD8
331
CBE2
331
CBE3
331
CBEE
331
CBEF
331
CBFC
331
CBFD
331
CC08
331
CC09
331
CC14
331
CC15
331
CC21
331
CC22
331
CC2E
331
CC2F
331
CC3E
331
CC3F
331
CC4B
331
CC4C
331
CC58
331
CC59
331
CC64
331
CC65
331
CC70
331
CC71
331
CC7D
331
CC7E
331
CC8A
331
CC8B
331
CC97
331
CC98
331
CCA5
331
CCA6
331
CCB4
331
CCB5
331
CCC0
331
CCC1
331
CCCE
331
CCCF
331
CCDB
331
CCDC
331
CCE7
331
CCE8
331
CCF4
331
CCF5
331
CD01
331
CD02
331
CD14
331
CD15
331
CD20
331
CD21
331
CD30
331
CD31
102
}
 70
     0
280
     1
281
     0
  0
BLOCK_RECORD
  5
D0C5
330
D0BD
100
AcDbSymbolTableRecord
100
AcDbBlockTableRecord
  2
REV
340
0
102
{BLKREFS
331
2397
331
239C
102
}
 70
     0
280
     1
281
     0
  0
BLOCK_RECORD
  5
D0C6
330
D0BD
100
AcDbSymbolTableRecord
100
AcDbBlockTableRecord
  2
TITLE
340
0
102
{BLKREFS
331
50EE
102
}
 70
     0
280
     1
281
     0
  0
BLOCK_RECORD
  5
D0C7
330
D0BD
100
AcDbSymbolTableRecord
100
AcDbBlockTableRecord
  2
DRAWING TITLE
340
0
 70
     0
280
     1
281
     0
  0
BLOCK_RECORD
  5
D0C8
330
D0BD
100
AcDbSymbolTableRecord
100
AcDbBlockTableRecord
  2
*B8
340
0
102
{BLKREFS
331
23FF
102
}
 70
     0
280
     1
281
     0
  0
BLOCK_RECORD
  5
D0C9
330
D0BD
100
AcDbSymbolTableRecord
100
AcDbBlockTableRecord
  2
*B9
340
0
102
{BLKREFS
331
23E8
102
}
 70
     0
280
     1
281
     0
  0
BLOCK_RECORD
  5
D0CA
330
D0BD
100
AcDbSymbolTableRecord
100
AcDbBlockTableRecord
  2
*B10
340
0
102
{BLKREFS
331
2416
102
}
 70
     0
280
     1
281
     0
  0
BLOCK_RECORD
  5
D0CB
330
D0BD
100
AcDbSymbolTableRecord
100
AcDbBlockTableRecord
  2
*B11
340
0
102
{BLKREFS
331
242D
102
}
 70
     0
280
     1
281
     0
  0
BLOCK_RECORD
  5
D0CC
330
D0BD
100
AcDbSymbolTableRecord
100
AcDbBlockTableRecord
  2
_DETAILCALLOUT
340
0
 70
     0
280
     1
281
     0
  0
BLOCK_RECORD
  5
D0CD
330
D0BD
100
AcDbSymbolTableRecord
100
AcDbBlockTableRecord
  2
*D13
340
0
 70
     0
280
     1
281
     0
  0
BLOCK_RECORD
  5
D0CE
330
D0BD
100
AcDbSymbolTableRecord
100
AcDbBlockTableRecord
  2
*D14
340
0
 70
     0
280
     1
281
     0
  0
BLOCK_RECORD
  5
D0CF
330
D0BD
100
AcDbSymbolTableRecord
100
AcDbBlockTableRecord
  2
*D15
340
0
 70
     0
280
     1
281
     0
  0
BLOCK_RECORD
  5
D0D0
330
D0BD
100
AcDbSymbolTableRecord
100
AcDbBlockTableRecord
  2
*D16
340
0
 70
     0
280
     1
281
     0
  0
BLOCK_RECORD
  5
D0D1
330
D0BD
100
AcDbSymbolTableRecord
100
AcDbBlockTableRecord
  2
*D17
340
0
 70
     0
280
     1
281
     0
  0
BLOCK_RECORD
  5
D0D2
330
D0BD
100
AcDbSymbolTableRecord
100
AcDbBlockTableRecord
  2
*D18
340
0
 70
     0
280
     1
281
     0
  0
BLOCK_RECORD
  5
D0D3
330
D0BD
100
AcDbSymbolTableRecord
100
AcDbBlockTableRecord
  2
*D19
340
0
 70
     0
280
     1
281
     0
  0
BLOCK_RECORD
  5
D0D4
330
D0BD
100
AcDbSymbolTableRecord
100
AcDbBlockTableRecord
  2
*D20
340
0
 70
     0
280
     1
281
     0
  0
BLOCK_RECORD
  5
D0D5
330
D0BD
100
AcDbSymbolTableRecord
100
AcDbBlockTableRecord
  2
*D21
340
0
 70
     0
280
     1
281
     0
  0
BLOCK_RECORD
  5
D0D6
330
D0BD
100
AcDbSymbolTableRecord
100
AcDbBlockTableRecord
  2
*D22
340
0
 70
     0
280
     1
281
     0
  0
BLOCK_RECORD
  5
D0D7
330
D0BD
100
AcDbSymbolTableRecord
100
AcDbBlockTableRecord
  2
*D23
340
0
 70
     0
280
     1
281
     0
  0
BLOCK_RECORD
  5
D0D8
330
D0BD
100
AcDbSymbolTableRecord
100
AcDbBlockTableRecord
  2
*D24
340
0
 70
     0
280
     1
281
     0
  0
BLOCK_RECORD
  5
D0D9
330
D0BD
100
AcDbSymbolTableRecord
100
AcDbBlockTableRecord
  2
*D25
340
0
 70
     0
280
     1
281
     0
  0
BLOCK_RECORD
  5
D0DA
330
D0BD
100
AcDbSymbolTableRecord
100
AcDbBlockTableRecord
  2
*D26
340
0
 70
     0
280
     1
281
     0
  0
BLOCK_RECORD
  5
D0DB
330
D0BD
100
AcDbSymbolTableRecord
100
AcDbBlockTableRecord
  2
*D27
340
0
 70
     0
280
     1
281
     0
  0
BLOCK_RECORD
  5
D0DC
330
D0BD
100
AcDbSymbolTableRecord
100
AcDbBlockTableRecord
  2
*D28
340
0
 70
     0
280
     1
281
     0
  0
BLOCK_RECORD
  5
D0DD
330
D0BD
100
AcDbSymbolTableRecord
100
AcDbBlockTableRecord
  2
*D29
340
0
 70
     0
280
     1
281
     0
  0
BLOCK_RECORD
  5
D0DE
330
D0BD
100
AcDbSymbolTableRecord
100
AcDbBlockTableRecord
  2
*D30
340
0
 70
     0
280
     1
281
     0
  0
BLOCK_RECORD
  5
D0DF
330
D0BD
100
AcDbSymbolTableRecord
100
AcDbBlockTableRecord
  2
*D31
340
0
 70
     0
280
     1
281
     0
  0
BLOCK_RECORD
  5
D0E0
330
D0BD
100
AcDbSymbolTableRecord
100
AcDbBlockTableRecord
  2
*D32
340
0
 70
     0
280
     1
281
     0
  0
BLOCK_RECORD
  5
D0E1
330
D0BD
100
AcDbSymbolTableRecord
100
AcDbBlockTableRecord
  2
*D33
340
0
 70
     0
280
     1
281
     0
  0
BLOCK_RECORD
  5
D0E2
330
D0BD
100
AcDbSymbolTableRecord
100
AcDbBlockTableRecord
  2
*D34
340
0
 70
     0
280
     1
281
     0
  0
BLOCK_RECORD
  5
D0E3
330
D0BD
100
AcDbSymbolTableRecord
100
AcDbBlockTableRecord
  2
*D35
340
0
 70
     0
280
     1
281
     0
  0
BLOCK_RECORD
  5
D0E4
330
D0BD
100
AcDbSymbolTableRecord
100
AcDbBlockTableRecord
  2
*D36
340
0
 70
     0
280
     1
281
     0
  0
BLOCK_RECORD
  5
D0E5
330
D0BD
100
AcDbSymbolTableRecord
100
AcDbBlockTableRecord
  2
*D37
340
0
 70
     0
280
     1
281
     0
  0
BLOCK_RECORD
  5
D0E6
330
D0BD
100
AcDbSymbolTableRecord
100
AcDbBlockTableRecord
  2
*D38
340
0
 70
     0
280
     1
281
     0
  0
BLOCK_RECORD
  5
D0E7
330
D0BD
100
AcDbSymbolTableRecord
100
AcDbBlockTableRecord
  2
*D39
340
0
 70
     0
280
     1
281
     0
  0
BLOCK_RECORD
  5
D0E8
330
D0BD
100
AcDbSymbolTableRecord
100
AcDbBlockTableRecord
  2
*D40
340
0
 70
     0
280
     1
281
     0
  0
BLOCK_RECORD
  5
D0E9
330
D0BD
100
AcDbSymbolTableRecord
100
AcDbBlockTableRecord
  2
defender
340
0
 70
     0
280
     1
281
     0
  0
ENDTAB
  0
ENDSEC
  0
SECTION
  2
BLOCKS
  0
BLOCK
  5
D0EF
330
D0BE
100
AcDbEntity
  8
0
100
AcDbBlockBegin
  2
*MODEL_SPACE
 70
     0
 10
0.0
 20
0.0
 30
0.0
  3
*MODEL_SPACE
  1

  0
ENDBLK
  5
D0F0
330
D0BE
100
AcDbEntity
  8
0
100
AcDbBlockEnd
  0
BLOCK
  5
D0F1
330
D0BF
100
AcDbEntity
 67
     1
  8
0
100
AcDbBlockBegin
  2
*PAPER_SPACE
 70
     0
 10
0.0
 20
0.0
 30
0.0
  3
*PAPER_SPACE
  1

  0
ENDBLK
  5
D0F2
330
D0BF
100
AcDbEntity
 67
     1
  8
0
100
AcDbBlockEnd
  0
BLOCK
  5
105
330
D0C0
100
AcDbEntity
  8
0
100
AcDbBlockBegin
  2
OUTSTANDINGCONN1
 70
     0
 10
0.0
 20
0.0
 30
0.0
  3
OUTSTANDINGCONN1
  1

  0
LINE
  5
106
330
D0C0
100
AcDbEntity
  8
Struc_Section_Steel
 62
   131
 48
2.0
100
AcDbLine
 10
0.0000000000000284
 20
6.1400000000001
 30
0.0
 11
3.0
 21
6.13999999999999
 31
0.0
  0
LINE
  5
107
330
D0C0
100
AcDbEntity
  8
Struc_Section_Steel
 62
   131
 48
2.0
100
AcDbLine
 10
0.0000000000000284
 20
0.0
 30
0.0
 11
3.0
 21
-0.0000000000000568
 31
0.0
  0
LINE
  5
108
330
D0C0
100
AcDbEntity
  8
Struc_Section_Steel
 62
   131
 48
2.0
100
AcDbLine
 10
0.375
 20
6.1400000000001
 30
0.0
 11
0.375
 21
-0.0000000000000568
 31
0.0
  0
LINE
  5
109
330
D0C0
100
AcDbEntity
  8
Struc_Section_Steel
 62
   131
 48
2.0
100
AcDbLine
 10
0.0
 20
6.13999999999999
 30
0.0
 11
0.0
 21
0.0
 31
0.0
  0
LINE
  5
10A
330
D0C0
100
AcDbEntity
  8
Struc_Section_Steel
 62
   131
 48
2.0
100
AcDbLine
 10
3.0
 20
6.13999999999999
 30
0.0
 11
3.0
 21
-0.0000000000000568
 31
0.0
  0
CIRCLE
  5
10B
330
D0C0
100
AcDbEntity
  8
Struc_Section_MachineBolt
 48
2.0
100
AcDbCircle
 10
1.687499999999969
 20
4.63999999999999
 30
0.0
 40
0.375
  0
CIRCLE
  5
10C
330
D0C0
100
AcDbEntity
  8
Struc_Section_MachineBolt
 48
2.0
100
AcDbCircle
 10
1.687499999999969
 20
1.5
 30
0.0
 40
0.375
  0
LWPOLYLINE
  5
10D
330
D0C0
100
AcDbEntity
  8
Struc_Section_MachineBolt
 48
2.0
100
AcDbPolyline
 90
        6
 70
     1
 43
0.0
 10
1.198405667539959
 20
4.35762125549508
 10
1.687499999999969
 20
4.075242510990169
 10
2.176594332459989
 20
4.35762125549508
 10
2.176594332459989
 20
4.9223787445049
 10
1.687499999999969
 20
5.204757489009809
 10
1.198405667539959
 20
4.9223787445049
  0
LWPOLYLINE
  5
10E
330
D0C0
100
AcDbEntity
  8
Struc_Section_MachineBolt
 48
2.0
100
AcDbPolyline
 90
        6
 70
     1
 43
0.0
 10
1.198405667539959
 20
1.21762125549509
 10
1.687499999999969
 20
0.935242510990179
 10
2.176594332459989
 20
1.21762125549509
 10
2.176594332459989
 20
1.782378744504909
 10
1.687499999999969
 20
2.064757489009819
 10
1.198405667539959
 20
1.782378744504909
  0
ENDBLK
  5
D0F3
330
D0C0
100
AcDbEntity
  8
0
100
AcDbBlockEnd
  0
BLOCK
  5
111
330
D0C1
100
AcDbEntity
  8
0
100
AcDbBlockBegin
  2
C250X23
 70
     0
 10
0.0
 20
0.0
 30
0.0
  3
C250X23
  1

  0
LWPOLYLINE
  5
112
330
D0C1
100
AcDbEntity
  8
Struc_Section_Steel
100
AcDbPolyline
 90
       12
 70
     1
 43
0.0
 10
2.34182968797177
 20
0.29099299324298
 42
-0.361843796694132
 10
2.5575162529949
 20
0.0546697159775249
 10
2.55999999999949
 20
0.0
 10
0.0
 20
0.0
 10
0.0
 20
10.0
 10
2.55999999999949
 20
10.0
 10
2.5575162529949
 20
9.945330284022929
 42
-0.3618437966941919
 10
2.34182968797177
 20
9.70900700675747
 10
0.45594417306711
 20
9.449688113871619
 42
0.374733536052091
 10
0.239999999999782
 20
9.202018574662819
 10
0.239999999999782
 20
0.7979814253376391
 42
0.374733536052091
 10
0.45594417306711
 20
0.550311886128839
  0
ENDBLK
  5
D0F4
330
D0C1
100
AcDbEntity
  8
0
100
AcDbBlockEnd
  0
BLOCK
  5
117
330
D0C2
100
AcDbEntity
  8
0
100
AcDbBlockBegin
  2
STAIR
 70
     0
 10
0.0
 20
0.0
 30
0.0
  3
STAIR
  1
.\STAIR.dwg
  0
LINE
  5
118
330
D0C2
100
AcDbEntity
  8
Layer131B
100
AcDbLine
 10
14.6542553191539
 20
132.45
 30
0.0
 11
14.6542553191539
 21
133.95
 31
0.0
  0
LINE
  5
119
330
D0C2
100
AcDbEntity
  8
Layer131B
100
AcDbLine
 10
24.9042553191539
 20
125.4
 30
0.0
 11
24.9042553191484
 21
126.9
 31
0.0
  0
LINE
  5
11A
330
D0C2
100
AcDbEntity
  8
Layer131B
100
AcDbLine
 10
36.1542553191521
 20
118.35
 30
0.0
 11
36.1542553191521
 21
119.85
 31
0.0
  0
LINE
  5
11B
330
D0C2
100
AcDbEntity
  8
Layer131B
100
AcDbLine
 10
47.40425531915209
 20
111.3
 30
0.0
 11
47.40425531915209
 21
112.8
 31
0.0
  0
LINE
  5
11C
330
D0C2
100
AcDbEntity
  8
Layer131B
100
AcDbLine
 10
58.6542553191521
 20
104.25
 30
0.0
 11
58.6542553191521
 21
105.75
 31
0.0
  0
LINE
  5
11D
330
D0C2
100
AcDbEntity
  8
Layer131B
100
AcDbLine
 10
69.9042553191521
 20
97.2000000000003
 30
0.0
 11
69.9042553191521
 21
98.70000000000031
 31
0.0
  0
LINE
  5
11E
330
D0C2
100
AcDbEntity
  8
Layer131B
100
AcDbLine
 10
92.40425531914841
 20
83.09999999999991
 30
0.0
 11
92.40425531914841
 21
84.59999999999991
 31
0.0
  0
LINE
  5
11F
330
D0C2
100
AcDbEntity
  8
Layer131B
100
AcDbLine
 10
103.65425531915
 20
76.05000000000019
 30
0.0
 11
103.6542553191519
 21
77.5500000000002
 31
0.0
  0
LINE
  5
120
330
D0C2
100
AcDbEntity
  8
Layer131B
 48
5.0
100
AcDbLine
 10
15.2500000000036
 20
5.54999999999973
 30
0.0
 11
15.2500000000018
 21
7.04999999999973
 31
0.0
  0
LINE
  5
121
330
D0C2
100
AcDbEntity
  8
Layer131B
 48
5.0
100
AcDbLine
 10
26.5000000000018
 20
12.5999999999999
 30
0.0
 11
26.5000000000036
 21
14.0999999999999
 31
0.0
  0
LINE
  5
122
330
D0C2
100
AcDbEntity
  8
Layer131B
 48
5.0
100
AcDbLine
 10
37.7500000000055
 20
19.6500000000001
 30
0.0
 11
37.7500000000055
 21
21.1500000000001
 31
0.0
  0
LINE
  5
123
330
D0C2
100
AcDbEntity
  8
Layer131B
 48
5.0
100
AcDbLine
 10
49.0000000000055
 20
26.7000000000003
 30
0.0
 11
49.0000000000055
 21
28.2000000000003
 31
0.0
  0
LINE
  5
124
330
D0C2
100
AcDbEntity
  8
Layer131B
 48
5.0
100
AcDbLine
 10
60.2500000000055
 20
33.75
 30
0.0
 11
60.2500000000055
 21
35.25
 31
0.0
  0
LINE
  5
125
330
D0C2
100
AcDbEntity
  8
Layer131B
 48
5.0
100
AcDbLine
 10
71.5000000000055
 20
40.8000000000002
 30
0.0
 11
71.5000000000055
 21
42.3000000000002
 31
0.0
  0
LINE
  5
126
330
D0C2
100
AcDbEntity
  8
Layer131B
 48
5.0
100
AcDbLine
 10
82.75000000000909
 20
47.84999999999989
 30
0.0
 11
82.75000000000909
 21
49.34999999999989
 31
0.0
  0
LINE
  5
127
330
D0C2
100
AcDbEntity
  8
Layer131B
 48
5.0
100
AcDbLine
 10
94.00000000000551
 20
54.9000000000001
 30
0.0
 11
94.00000000000551
 21
56.40000000000011
 31
0.0
  0
LINE
  5
128
330
D0C2
100
AcDbEntity
  8
Layer131B
 48
5.0
100
AcDbLine
 10
103.654255319154
 20
60.95000000000029
 30
0.0
 11
103.654255319154
 21
62.45000000000029
 31
0.0
  0
LINE
  5
129
330
D0C2
100
AcDbEntity
  8
Layer131B
100
AcDbLine
 10
81.1542553191521
 20
90.14999999999959
 30
0.0
 11
81.1542553191521
 21
91.6499999999996
 31
0.0
  0
LINE
  5
12A
330
D0C2
100
AcDbEntity
  8
Layer131B
100
AcDbLine
 10
2.404255319150249
 20
132.45
 30
0.0
 11
2.404255319150249
 21
133.95
 31
0.0
  0
LINE
  5
12B
330
D0C2
100
AcDbEntity
  8
Layer131B
100
AcDbLine
 10
12.6542553191448
 20
125.4
 30
0.0
 11
12.6542553191448
 21
126.9
 31
0.0
  0
LINE
  5
12C
330
D0C2
100
AcDbEntity
  8
Layer131B
100
AcDbLine
 10
23.9042553191484
 20
118.35
 30
0.0
 11
23.9042553191484
 21
119.85
 31
0.0
  0
LINE
  5
12D
330
D0C2
100
AcDbEntity
  8
Layer131B
100
AcDbLine
 10
35.1542553191484
 20
111.3
 30
0.0
 11
35.1542553191484
 21
112.8
 31
0.0
  0
LINE
  5
12E
330
D0C2
100
AcDbEntity
  8
Layer131B
100
AcDbLine
 10
46.40425531914839
 20
104.25
 30
0.0
 11
46.40425531914839
 21
105.75
 31
0.0
  0
LINE
  5
12F
330
D0C2
100
AcDbEntity
  8
Layer131B
100
AcDbLine
 10
57.65425531914839
 20
97.2000000000003
 30
0.0
 11
57.65425531914839
 21
98.70000000000031
 31
0.0
  0
LINE
  5
130
330
D0C2
100
AcDbEntity
  8
Layer131B
100
AcDbLine
 10
68.90425531914839
 20
90.14999999999959
 30
0.0
 11
68.90425531914839
 21
91.6499999999996
 31
0.0
  0
LINE
  5
131
330
D0C2
100
AcDbEntity
  8
Layer131B
100
AcDbLine
 10
80.15425531914479
 20
83.09999999999991
 30
0.0
 11
80.15425531914479
 21
84.59999999999991
 31
0.0
  0
LINE
  5
132
330
D0C2
100
AcDbEntity
  8
Layer131B
100
AcDbLine
 10
91.40425531914841
 20
76.05000000000019
 30
0.0
 11
91.40425531914841
 21
77.5500000000002
 31
0.0
  0
LINE
  5
133
330
D0C2
100
AcDbEntity
  8
Layer131B
 48
5.0
100
AcDbLine
 10
91.40425531915029
 20
60.9500000000007
 30
0.0
 11
91.40425531915029
 21
62.45000000000029
 31
0.0
  0
LINE
  5
134
330
D0C2
100
AcDbEntity
  8
Layer131B
 48
5.0
100
AcDbLine
 10
81.7500000000018
 20
54.9000000000001
 30
0.0
 11
81.7500000000018
 21
56.40000000000011
 31
0.0
  0
LINE
  5
135
330
D0C2
100
AcDbEntity
  8
Layer131B
 48
5.0
100
AcDbLine
 10
70.5000000000055
 20
47.84999999999989
 30
0.0
 11
70.5000000000055
 21
49.34999999999989
 31
0.0
  0
LINE
  5
136
330
D0C2
100
AcDbEntity
  8
Layer131B
 48
5.0
100
AcDbLine
 10
59.25000000000179
 20
40.8000000000002
 30
0.0
 11
59.25000000000179
 21
42.3000000000002
 31
0.0
  0
LINE
  5
137
330
D0C2
100
AcDbEntity
  8
Layer131B
 48
5.0
100
AcDbLine
 10
48.00000000000179
 20
33.75
 30
0.0
 11
48.00000000000179
 21
35.25
 31
0.0
  0
LINE
  5
138
330
D0C2
100
AcDbEntity
  8
Layer131B
 48
5.0
100
AcDbLine
 10
36.7500000000018
 20
26.7000000000003
 30
0.0
 11
36.7500000000018
 21
28.2000000000003
 31
0.0
  0
LINE
  5
139
330
D0C2
100
AcDbEntity
  8
Layer131B
 48
5.0
100
AcDbLine
 10
25.5000000000018
 20
19.6500000000001
 30
0.0
 11
25.5000000000018
 21
21.1500000000001
 31
0.0
  0
LINE
  5
13A
330
D0C2
100
AcDbEntity
  8
Layer131B
 48
5.0
100
AcDbLine
 10
14.25
 20
12.5999999999999
 30
0.0
 11
14.25
 21
14.0999999999999
 31
0.0
  0
LINE
  5
13B
330
D0C2
100
AcDbEntity
  8
Layer131B
 48
5.0
100
AcDbLine
 10
2.99999999999818
 20
5.54999999999973
 30
0.0
 11
2.99999999999818
 21
7.04999999999973
 31
0.0
  0
LINE
  5
13C
330
D0C2
100
AcDbEntity
  8
Layer131B
100
AcDbLine
 10
2.404255319150249
 20
132.45
 30
0.0
 11
14.6542553191539
 21
132.45
 31
0.0
  0
LINE
  5
13D
330
D0C2
100
AcDbEntity
  8
Layer131B
100
AcDbLine
 10
12.6542553191448
 20
125.4
 30
0.0
 11
24.9042553191539
 21
125.4
 31
0.0
  0
LINE
  5
13E
330
D0C2
100
AcDbEntity
  8
Layer131B
100
AcDbLine
 10
23.9042553191484
 20
118.35
 30
0.0
 11
36.1542553191521
 21
118.35
 31
0.0
  0
LINE
  5
13F
330
D0C2
100
AcDbEntity
  8
Layer131B
100
AcDbLine
 10
35.1542553191484
 20
111.3
 30
0.0
 11
47.40425531915209
 21
111.3
 31
0.0
  0
LINE
  5
140
330
D0C2
100
AcDbEntity
  8
Layer131B
100
AcDbLine
 10
46.40425531914839
 20
104.25
 30
0.0
 11
58.6542553191521
 21
104.25
 31
0.0
  0
LINE
  5
141
330
D0C2
100
AcDbEntity
  8
Layer131B
100
AcDbLine
 10
57.65425531914839
 20
97.2000000000003
 30
0.0
 11
69.9042553191521
 21
97.2000000000003
 31
0.0
  0
LINE
  5
142
330
D0C2
100
AcDbEntity
  8
Layer131B
100
AcDbLine
 10
68.90425531914839
 20
90.14999999999959
 30
0.0
 11
81.1542553191521
 21
90.14999999999959
 31
0.0
  0
LINE
  5
143
330
D0C2
100
AcDbEntity
  8
Layer131B
100
AcDbLine
 10
80.15425531914479
 20
83.09999999999991
 30
0.0
 11
92.40425531914841
 21
83.09999999999991
 31
0.0
  0
LINE
  5
144
330
D0C2
100
AcDbEntity
  8
Layer131B
100
AcDbLine
 10
91.40425531914841
 20
76.05000000000019
 30
0.0
 11
103.65425531915
 21
76.05000000000019
 31
0.0
  0
LINE
  5
145
330
D0C2
100
AcDbEntity
  8
Layer131B
 48
8.0
100
AcDbLine
 10
91.40425531915029
 20
60.9500000000007
 30
0.0
 11
103.654255319154
 21
60.95000000000029
 31
0.0
  0
LINE
  5
146
330
D0C2
100
AcDbEntity
  8
Layer131B
 48
8.0
100
AcDbLine
 10
81.7500000000018
 20
54.9000000000001
 30
0.0
 11
94.00000000000551
 21
54.9000000000001
 31
0.0
  0
LINE
  5
147
330
D0C2
100
AcDbEntity
  8
Layer131B
 48
8.0
100
AcDbLine
 10
70.5000000000055
 20
47.84999999999989
 30
0.0
 11
82.75000000000909
 21
47.84999999999989
 31
0.0
  0
LINE
  5
148
330
D0C2
100
AcDbEntity
  8
Layer131B
 48
8.0
100
AcDbLine
 10
59.25000000000179
 20
40.8000000000002
 30
0.0
 11
71.5000000000055
 21
40.8000000000002
 31
0.0
  0
LINE
  5
149
330
D0C2
100
AcDbEntity
  8
Layer131B
 48
5.0
100
AcDbLine
 10
48.00000000000179
 20
33.75
 30
0.0
 11
60.2500000000055
 21
33.75
 31
0.0
  0
LINE
  5
14A
330
D0C2
100
AcDbEntity
  8
Layer131B
 48
8.0
100
AcDbLine
 10
36.7500000000018
 20
26.7000000000003
 30
0.0
 11
49.0000000000055
 21
26.7000000000003
 31
0.0
  0
LINE
  5
14B
330
D0C2
100
AcDbEntity
  8
Layer131B
 48
8.0
100
AcDbLine
 10
25.5000000000018
 20
19.6500000000001
 30
0.0
 11
37.7500000000055
 21
19.6500000000001
 31
0.0
  0
LINE
  5
14C
330
D0C2
100
AcDbEntity
  8
Layer131B
 48
8.0
100
AcDbLine
 10
14.25
 20
12.5999999999999
 30
0.0
 11
26.5000000000018
 21
12.5999999999999
 31
0.0
  0
LINE
  5
14D
330
D0C2
100
AcDbEntity
  8
Layer131B
 48
8.0
100
AcDbLine
 10
2.99999999999818
 20
5.54999999999973
 30
0.0
 11
15.2500000000036
 21
5.54999999999973
 31
0.0
  0
HATCH
  5
14E
330
D0C2
100
AcDbEntity
  8
Stair_Conc.
100
AcDbHatch
 10
0.0
 20
0.0
 30
0.0
210
0.0
220
0.0
230
1.0
  2
AR-CONC
 70
     0
 71
     0
 91
        1
 92
        7
 72
     0
 73
     1
 93
        4
 10
14.6542553191539
 20
133.95
 10
2.404255319150249
 20
133.95
 10
2.404255319150249
 20
132.45
 10
14.6542553191539
 20
132.45
 97
        0
 75
     0
 76
     1
 52
0.0
 41
1.0
 77
     0
 78
    13
 53
50.0
 43
1.57935174359955
 44
133.420041597946
 45
0.7172601826007541
 46
-0.0627521349825951
 79
     2
 49
0.0750000029802322
 49
-0.8249999880790708
 53
355.0
 43
2.29661348533045
 44
133.357291962775
 45
-0.138751333613
 46
0.7521921337000121
 79
     2
 49
0.0599999986588955
 49
-0.6600000262260439
 53
100.451400756836
 43
2.219567120790319
 44
134.096751988918
 45
0.5785093817140219
 46
0.689439542060954
 79
     2
 49
0.063740186393261
 49
-0.7011421322822571
 53
46.18420028686521
 43
1.36817047156137
 44
133.308439319756
 45
1.06724104862564
 46
-0.165519014329018
 79
     2
 49
0.112499997019768
 49
-1.237499952316279
 53
96.63559722900391
 43
1.458600612218669
 44
133.288107282655
 45
0.9346627055487031
 46
0.9741178709004419
 79
     2
 49
0.0956102907657623
 49
-1.05171298980713
 53
351.184204101563
 43
1.36825745153237
 44
133.308874330123
 45
0.934661945133627
 46
0.9741186009253249
 79
     2
 49
0.0900000035762787
 49
-0.9900000095367428
 53
21.0
 43
1.78092403389383
 44
134.24732567233
 45
0.5969070521184622
 46
-0.402618890665339
 79
     2
 49
0.0750000029802322
 49
-0.8249999880790708
 53
326.0
 43
1.78092740784086
 44
134.247325563085
 45
0.243315331921582
 46
0.725150045046853
 79
     2
 49
0.0599999986588955
 49
-0.6600000262260439
 53
71.45140075683591
 43
1.832518195792259
 44
134.2062853275379
 45
0.8402226285814899
 46
0.322530496709952
 79
     2
 49
0.063740186393261
 49
-0.7011421322822571
 53
37.5
 43
1.14705233884524
 44
133.020724286802
 45
0.0121598553172907
 46
0.332893853831311
 79
     6
 49
0.0
 49
-0.65200001001358
 49
0.0
 49
-0.6700000166893011
 49
0.0
 49
-0.6625000238418579
 53
7.499999999999999
 43
1.2512057566837
 44
133.494219703471
 45
0.263069537442149
 46
0.39441171188236
 79
     6
 49
0.0
 49
-0.381999999284744
 49
0.0
 49
-0.637000024318695
 49
0.0
 49
-0.252499997615814
 53
327.5
 43
3.575684558910319
 44
132.905514901609
 45
0.533822436172409
 46
-0.0225548717343798
 79
     6
 49
0.0
 49
-0.25
 49
0.0
 49
-0.779999971389771
 49
0.0
 49
-1.0349999666214
 53
317.5
 43
2.113393173502459
 44
133.694887992427
 45
0.583186169342386
 46
0.100104982332318
 79
     6
 49
0.0
 49
-0.324999988079071
 49
0.0
 49
-0.5180000066757201
 49
0.0
 49
-0.7350000143051151
 47
0.000001
 98
        0
  0
HATCH
  5
14F
330
D0C2
100
AcDbEntity
  8
Stair_Conc.
100
AcDbHatch
 10
0.0
 20
0.0
 30
0.0
210
0.0
220
0.0
230
1.0
  2
AR-CONC
 70
     0
 71
     0
 91
        1
 92
        7
 72
     0
 73
     1
 93
        4
 10
24.9042553191484
 20
126.9
 10
12.6542553191448
 20
126.9
 10
12.6542553191448
 20
125.4
 10
24.9042553191484
 20
125.4
 97
        0
 75
     0
 76
     1
 52
0.0
 41
1.0
 77
     0
 78
    13
 53
50.0
 43
11.8293517435941
 44
126.370041597946
 45
0.7172601826007541
 46
-0.0627521349825951
 79
     2
 49
0.0750000029802322
 49
-0.8249999880790708
 53
355.0
 43
12.546613485325
 44
126.307291962775
 45
-0.138751333613
 46
0.7521921337000121
 79
     2
 49
0.0599999986588955
 49
-0.6600000262260439
 53
100.451400756836
 43
12.4695671207844
 44
127.046751988921
 45
0.5785093817140219
 46
0.689439542060954
 79
     2
 49
0.063740186393261
 49
-0.7011421322822571
 53
46.18420028686521
 43
11.6181704715559
 44
126.258439319756
 45
1.06724104862564
 46
-0.165519014329018
 79
     2
 49
0.112499997019768
 49
-1.237499952316279
 53
96.63559722900391
 43
11.7086006122132
 44
126.238107282654
 45
0.9346627055487031
 46
0.9741178709004419
 79
     2
 49
0.0956102907657623
 49
-1.05171298980713
 53
351.184204101563
 43
11.6182574515269
 44
126.258874330122
 45
0.934661945133627
 46
0.9741186009253249
 79
     2
 49
0.0900000035762787
 49
-0.9900000095367428
 53
21.0
 43
12.0309240338865
 44
127.19732567233
 45
0.5969070521184622
 46
-0.402618890665339
 79
     2
 49
0.0750000029802322
 49
-0.8249999880790708
 53
326.0
 43
12.0309274078354
 44
127.197325563085
 45
0.243315331921582
 46
0.725150045046853
 79
     2
 49
0.0599999986588955
 49
-0.6600000262260439
 53
71.45140075683591
 43
12.0825181957868
 44
127.156285327539
 45
0.8402226285814899
 46
0.322530496709952
 79
     2
 49
0.063740186393261
 49
-0.7011421322822571
 53
37.5
 43
11.3970523388398
 44
125.970724286801
 45
0.0121598553172907
 46
0.332893853831311
 79
     6
 49
0.0
 49
-0.65200001001358
 49
0.0
 49
-0.6700000166893011
 49
0.0
 49
-0.6625000238418579
 53
7.499999999999999
 43
11.5012057566782
 44
126.44421970347
 45
0.263069537442149
 46
0.39441171188236
 79
     6
 49
0.0
 49
-0.381999999284744
 49
0.0
 49
-0.637000024318695
 49
0.0
 49
-0.252499997615814
 53
327.5
 43
13.8256845589049
 44
125.855514901609
 45
0.533822436172409
 46
-0.0225548717343798
 79
     6
 49
0.0
 49
-0.25
 49
0.0
 49
-0.779999971389771
 49
0.0
 49
-1.0349999666214
 53
317.5
 43
12.363393173497
 44
126.644887992427
 45
0.583186169342386
 46
0.100104982332318
 79
     6
 49
0.0
 49
-0.324999988079071
 49
0.0
 49
-0.5180000066757201
 49
0.0
 49
-0.7350000143051151
 47
0.000001
 98
        0
  0
HATCH
  5
150
330
D0C2
100
AcDbEntity
  8
Stair_Conc.
100
AcDbHatch
 10
0.0
 20
0.0
 30
0.0
210
0.0
220
0.0
230
1.0
  2
AR-CONC
 70
     0
 71
     0
 91
        1
 92
        7
 72
     0
 73
     1
 93
        4
 10
36.1542553191521
 20
119.85
 10
23.9042553191484
 20
119.85
 10
23.9042553191484
 20
118.35
 10
36.1542553191521
 20
118.35
 97
        0
 75
     0
 76
     1
 52
0.0
 41
1.0
 77
     0
 78
    13
 53
50.0
 43
23.0793517435977
 44
119.320041597946
 45
0.7172601826007541
 46
-0.0627521349825951
 79
     2
 49
0.0750000029802322
 49
-0.8249999880790708
 53
355.0
 43
23.7966134853286
 44
119.257291962775
 45
-0.138751333613
 46
0.7521921337000121
 79
     2
 49
0.0599999986588955
 49
-0.6600000262260439
 53
100.451400756836
 43
23.719567120788
 44
119.996751988921
 45
0.5785093817140219
 46
0.689439542060954
 79
     2
 49
0.063740186393261
 49
-0.7011421322822571
 53
46.18420028686521
 43
22.8681704715596
 44
119.208439319756
 45
1.06724104862564
 46
-0.165519014329018
 79
     2
 49
0.112499997019768
 49
-1.237499952316279
 53
96.63559722900391
 43
22.9586006122169
 44
119.188107282655
 45
0.9346627055487031
 46
0.9741178709004419
 79
     2
 49
0.0956102907657623
 49
-1.05171298980713
 53
351.184204101563
 43
22.8682574515306
 44
119.208874330123
 45
0.934661945133627
 46
0.9741186009253249
 79
     2
 49
0.0900000035762787
 49
-0.9900000095367428
 53
21.0
 43
23.2809240338902
 44
120.14732567233
 45
0.5969070521184622
 46
-0.402618890665339
 79
     2
 49
0.0750000029802322
 49
-0.8249999880790708
 53
326.0
 43
23.280927407839
 44
120.147325563084
 45
0.243315331921582
 46
0.725150045046853
 79
     2
 49
0.0599999986588955
 49
-0.6600000262260439
 53
71.45140075683591
 43
23.3325181957904
 44
120.106285327538
 45
0.8402226285814899
 46
0.322530496709952
 79
     2
 49
0.063740186393261
 49
-0.7011421322822571
 53
37.5
 43
22.6470523388434
 44
118.920724286801
 45
0.0121598553172907
 46
0.332893853831311
 79
     6
 49
0.0
 49
-0.65200001001358
 49
0.0
 49
-0.6700000166893011
 49
0.0
 49
-0.6625000238418579
 53
7.499999999999999
 43
22.7512057566819
 44
119.39421970347
 45
0.263069537442149
 46
0.39441171188236
 79
     6
 49
0.0
 49
-0.381999999284744
 49
0.0
 49
-0.637000024318695
 49
0.0
 49
-0.252499997615814
 53
327.5
 43
25.0756845589085
 44
118.805514901609
 45
0.533822436172409
 46
-0.0225548717343798
 79
     6
 49
0.0
 49
-0.25
 49
0.0
 49
-0.779999971389771
 49
0.0
 49
-1.0349999666214
 53
317.5
 43
23.6133931735006
 44
119.594887992427
 45
0.583186169342386
 46
0.100104982332318
 79
     6
 49
0.0
 49
-0.324999988079071
 49
0.0
 49
-0.5180000066757201
 49
0.0
 49
-0.7350000143051151
 47
0.000001
 98
        0
  0
HATCH
  5
151
330
D0C2
100
AcDbEntity
  8
Stair_Conc.
100
AcDbHatch
 10
0.0
 20
0.0
 30
0.0
210
0.0
220
0.0
230
1.0
  2
AR-CONC
 70
     0
 71
     0
 91
        1
 92
        7
 72
     0
 73
     1
 93
        4
 10
47.40425531915209
 20
112.8
 10
35.1542553191484
 20
112.8
 10
35.1542553191484
 20
111.3
 10
47.40425531915209
 20
111.3
 97
        0
 75
     0
 76
     1
 52
0.0
 41
1.0
 77
     0
 78
    13
 53
50.0
 43
34.3293517435977
 44
112.270041597946
 45
0.7172601826007541
 46
-0.0627521349825951
 79
     2
 49
0.0750000029802322
 49
-0.8249999880790708
 53
355.0
 43
35.0466134853286
 44
112.207291962775
 45
-0.138751333613
 46
0.7521921337000121
 79
     2
 49
0.0599999986588955
 49
-0.6600000262260439
 53
100.451400756836
 43
34.969567120788
 44
112.94675198892
 45
0.5785093817140219
 46
0.689439542060954
 79
     2
 49
0.063740186393261
 49
-0.7011421322822571
 53
46.18420028686521
 43
34.1181704715596
 44
112.158439319755
 45
1.06724104862564
 46
-0.165519014329018
 79
     2
 49
0.112499997019768
 49
-1.237499952316279
 53
96.63559722900391
 43
34.2086006122169
 44
112.138107282653
 45
0.9346627055487031
 46
0.9741178709004419
 79
     2
 49
0.0956102907657623
 49
-1.05171298980713
 53
351.184204101563
 43
34.1182574515306
 44
112.158874330122
 45
0.934661945133627
 46
0.9741186009253249
 79
     2
 49
0.0900000035762787
 49
-0.9900000095367428
 53
21.0
 43
34.5309240338902
 44
113.09732567233
 45
0.5969070521184622
 46
-0.402618890665339
 79
     2
 49
0.0750000029802322
 49
-0.8249999880790708
 53
326.0
 43
34.530927407839
 44
113.097325563085
 45
0.243315331921582
 46
0.725150045046853
 79
     2
 49
0.0599999986588955
 49
-0.6600000262260439
 53
71.45140075683591
 43
34.5825181957904
 44
113.056285327538
 45
0.8402226285814899
 46
0.322530496709952
 79
     2
 49
0.063740186393261
 49
-0.7011421322822571
 53
37.5
 43
33.8970523388434
 44
111.870724286801
 45
0.0121598553172907
 46
0.332893853831311
 79
     6
 49
0.0
 49
-0.65200001001358
 49
0.0
 49
-0.6700000166893011
 49
0.0
 49
-0.6625000238418579
 53
7.499999999999999
 43
34.0012057566819
 44
112.344219703471
 45
0.263069537442149
 46
0.39441171188236
 79
     6
 49
0.0
 49
-0.381999999284744
 49
0.0
 49
-0.637000024318695
 49
0.0
 49
-0.252499997615814
 53
327.5
 43
36.3256845589085
 44
111.755514901609
 45
0.533822436172409
 46
-0.0225548717343798
 79
     6
 49
0.0
 49
-0.25
 49
0.0
 49
-0.779999971389771
 49
0.0
 49
-1.0349999666214
 53
317.5
 43
34.8633931735006
 44
112.544887992427
 45
0.583186169342386
 46
0.100104982332318
 79
     6
 49
0.0
 49
-0.324999988079071
 49
0.0
 49
-0.5180000066757201
 49
0.0
 49
-0.7350000143051151
 47
0.000001
 98
        0
  0
HATCH
  5
152
330
D0C2
100
AcDbEntity
  8
Stair_Conc.
100
AcDbHatch
 10
0.0
 20
0.0
 30
0.0
210
0.0
220
0.0
230
1.0
  2
AR-CONC
 70
     0
 71
     0
 91
        1
 92
        7
 72
     0
 73
     1
 93
        4
 10
58.6542553191521
 20
105.75
 10
46.40425531914839
 20
105.75
 10
46.40425531914839
 20
104.25
 10
58.6542553191521
 20
104.25
 97
        0
 75
     0
 76
     1
 52
0.0
 41
1.0
 77
     0
 78
    13
 53
50.0
 43
45.5793517435977
 44
105.220041597945
 45
0.7172601826007541
 46
-0.0627521349825951
 79
     2
 49
0.0750000029802322
 49
-0.8249999880790708
 53
355.0
 43
46.29661348532859
 44
105.157291962774
 45
-0.138751333613
 46
0.7521921337000121
 79
     2
 49
0.0599999986588955
 49
-0.6600000262260439
 53
100.451400756836
 43
46.219567120788
 44
105.896751988921
 45
0.5785093817140219
 46
0.689439542060954
 79
     2
 49
0.063740186393261
 49
-0.7011421322822571
 53
46.18420028686521
 43
45.3681704715596
 44
105.108439319754
 45
1.06724104862564
 46
-0.165519014329018
 79
     2
 49
0.112499997019768
 49
-1.237499952316279
 53
96.63559722900391
 43
45.45860061221691
 44
105.088107282653
 45
0.9346627055487031
 46
0.9741178709004419
 79
     2
 49
0.0956102907657623
 49
-1.05171298980713
 53
351.184204101563
 43
45.3682574515306
 44
105.108874330121
 45
0.934661945133627
 46
0.9741186009253249
 79
     2
 49
0.0900000035762787
 49
-0.9900000095367428
 53
21.0
 43
45.7809240338902
 44
106.04732567233
 45
0.5969070521184622
 46
-0.402618890665339
 79
     2
 49
0.0750000029802322
 49
-0.8249999880790708
 53
326.0
 43
45.780927407839
 44
106.047325563084
 45
0.243315331921582
 46
0.725150045046853
 79
     2
 49
0.0599999986588955
 49
-0.6600000262260439
 53
71.45140075683591
 43
45.83251819579039
 44
106.006285327539
 45
0.8402226285814899
 46
0.322530496709952
 79
     2
 49
0.063740186393261
 49
-0.7011421322822571
 53
37.5
 43
45.1470523388434
 44
104.8207242868
 45
0.0121598553172907
 46
0.332893853831311
 79
     6
 49
0.0
 49
-0.65200001001358
 49
0.0
 49
-0.6700000166893011
 49
0.0
 49
-0.6625000238418579
 53
7.499999999999999
 43
45.25120575668189
 44
105.294219703469
 45
0.263069537442149
 46
0.39441171188236
 79
     6
 49
0.0
 49
-0.381999999284744
 49
0.0
 49
-0.637000024318695
 49
0.0
 49
-0.252499997615814
 53
327.5
 43
47.5756845589085
 44
104.705514901608
 45
0.533822436172409
 46
-0.0225548717343798
 79
     6
 49
0.0
 49
-0.25
 49
0.0
 49
-0.779999971389771
 49
0.0
 49
-1.0349999666214
 53
317.5
 43
46.1133931735006
 44
105.494887992426
 45
0.583186169342386
 46
0.100104982332318
 79
     6
 49
0.0
 49
-0.324999988079071
 49
0.0
 49
-0.5180000066757201
 49
0.0
 49
-0.7350000143051151
 47
0.000001
 98
        0
  0
HATCH
  5
153
330
D0C2
100
AcDbEntity
  8
Stair_Conc.
100
AcDbHatch
 10
0.0
 20
0.0
 30
0.0
210
0.0
220
0.0
230
1.0
  2
AR-CONC
 70
     0
 71
     0
 91
        1
 92
        7
 72
     0
 73
     1
 93
        4
 10
69.9042553191521
 20
98.70000000000031
 10
57.65425531914839
 20
98.70000000000031
 10
57.65425531914839
 20
97.2000000000003
 10
69.9042553191521
 20
97.2000000000003
 97
        0
 75
     0
 76
     1
 52
0.0
 41
1.0
 77
     0
 78
    13
 53
50.0
 43
56.8293517435977
 44
98.1700415979462
 45
0.7172601826007541
 46
-0.0627521349825951
 79
     2
 49
0.0750000029802322
 49
-0.8249999880790708
 53
355.0
 43
57.54661348532859
 44
98.1072919627752
 45
-0.138751333613
 46
0.7521921337000121
 79
     2
 49
0.0599999986588955
 49
-0.6600000262260439
 53
100.451400756836
 43
57.469567120788
 44
98.84675198892001
 45
0.5785093817140219
 46
0.689439542060954
 79
     2
 49
0.063740186393261
 49
-0.7011421322822571
 53
46.18420028686521
 43
56.6181704715596
 44
98.058439319756
 45
1.06724104862564
 46
-0.165519014329018
 79
     2
 49
0.112499997019768
 49
-1.237499952316279
 53
96.63559722900391
 43
56.70860061221691
 44
98.03810728265492
 45
0.9346627055487031
 46
0.9741178709004419
 79
     2
 49
0.0956102907657623
 49
-1.05171298980713
 53
351.184204101563
 43
56.6182574515306
 44
98.05887433012252
 45
0.934661945133627
 46
0.9741186009253249
 79
     2
 49
0.0900000035762787
 49
-0.9900000095367428
 53
21.0
 43
57.0309240338902
 44
98.99732567232971
 45
0.5969070521184622
 46
-0.402618890665339
 79
     2
 49
0.0750000029802322
 49
-0.8249999880790708
 53
326.0
 43
57.030927407839
 44
98.9973255630848
 45
0.243315331921582
 46
0.725150045046853
 79
     2
 49
0.0599999986588955
 49
-0.6600000262260439
 53
71.45140075683591
 43
57.08251819579039
 44
98.95628532753841
 45
0.8402226285814899
 46
0.322530496709952
 79
     2
 49
0.063740186393261
 49
-0.7011421322822571
 53
37.5
 43
56.3970523388434
 44
97.77072428680192
 45
0.0121598553172907
 46
0.332893853831311
 79
     6
 49
0.0
 49
-0.65200001001358
 49
0.0
 49
-0.6700000166893011
 49
0.0
 49
-0.6625000238418579
 53
7.499999999999999
 43
56.50120575668189
 44
98.24421970347071
 45
0.263069537442149
 46
0.39441171188236
 79
     6
 49
0.0
 49
-0.381999999284744
 49
0.0
 49
-0.637000024318695
 49
0.0
 49
-0.252499997615814
 53
327.5
 43
58.8256845589085
 44
97.65551490160941
 45
0.533822436172409
 46
-0.0225548717343798
 79
     6
 49
0.0
 49
-0.25
 49
0.0
 49
-0.779999971389771
 49
0.0
 49
-1.0349999666214
 53
317.5
 43
57.3633931735006
 44
98.444887992427
 45
0.583186169342386
 46
0.100104982332318
 79
     6
 49
0.0
 49
-0.324999988079071
 49
0.0
 49
-0.5180000066757201
 49
0.0
 49
-0.7350000143051151
 47
0.000001
 98
        0
  0
HATCH
  5
154
330
D0C2
100
AcDbEntity
  8
Stair_Conc.
100
AcDbHatch
 10
0.0
 20
0.0
 30
0.0
210
0.0
220
0.0
230
1.0
  2
AR-CONC
 70
     0
 71
     0
 91
        1
 92
        7
 72
     0
 73
     1
 93
        4
 10
81.1542553191521
 20
91.6499999999996
 10
68.90425531914839
 20
91.6499999999996
 10
68.90425531914839
 20
90.14999999999959
 10
81.1542553191521
 20
90.14999999999959
 97
        0
 75
     0
 76
     1
 52
0.0
 41
1.0
 77
     0
 78
    13
 53
50.0
 43
68.07935174359771
 44
91.12004159794608
 45
0.7172601826007541
 46
-0.0627521349825951
 79
     2
 49
0.0750000029802322
 49
-0.8249999880790708
 53
355.0
 43
68.79661348532859
 44
91.05729196277499
 45
-0.138751333613
 46
0.7521921337000121
 79
     2
 49
0.0599999986588955
 49
-0.6600000262260439
 53
100.451400756836
 43
68.719567120788
 44
91.7967519889207
 45
0.5785093817140219
 46
0.689439542060954
 79
     2
 49
0.063740186393261
 49
-0.7011421322822571
 53
46.18420028686521
 43
67.8681704715596
 44
91.00843931975489
 45
1.06724104862564
 46
-0.165519014329018
 79
     2
 49
0.112499997019768
 49
-1.237499952316279
 53
96.63559722900391
 43
67.9586006122169
 44
90.98810728265378
 45
0.9346627055487031
 46
0.9741178709004419
 79
     2
 49
0.0956102907657623
 49
-1.05171298980713
 53
351.184204101563
 43
67.86825745153059
 44
91.0088743301214
 45
0.934661945133627
 46
0.9741186009253249
 79
     2
 49
0.0900000035762787
 49
-0.9900000095367428
 53
21.0
 43
68.2809240338902
 44
91.94732567233
 45
0.5969070521184622
 46
-0.402618890665339
 79
     2
 49
0.0750000029802322
 49
-0.8249999880790708
 53
326.0
 43
68.280927407839
 44
91.9473255630846
 45
0.243315331921582
 46
0.725150045046853
 79
     2
 49
0.0599999986588955
 49
-0.6600000262260439
 53
71.45140075683591
 43
68.33251819579039
 44
91.90628532753859
 45
0.8402226285814899
 46
0.322530496709952
 79
     2
 49
0.063740186393261
 49
-0.7011421322822571
 53
37.5
 43
67.64705233884341
 44
90.7207242868008
 45
0.0121598553172907
 46
0.332893853831311
 79
     6
 49
0.0
 49
-0.65200001001358
 49
0.0
 49
-0.6700000166893011
 49
0.0
 49
-0.6625000238418579
 53
7.499999999999999
 43
67.75120575668189
 44
91.19421970347049
 45
0.263069537442149
 46
0.39441171188236
 79
     6
 49
0.0
 49
-0.381999999284744
 49
0.0
 49
-0.637000024318695
 49
0.0
 49
-0.252499997615814
 53
327.5
 43
70.07568455890851
 44
90.60551490160921
 45
0.533822436172409
 46
-0.0225548717343798
 79
     6
 49
0.0
 49
-0.25
 49
0.0
 49
-0.779999971389771
 49
0.0
 49
-1.0349999666214
 53
317.5
 43
68.61339317350061
 44
91.3948879924268
 45
0.583186169342386
 46
0.100104982332318
 79
     6
 49
0.0
 49
-0.324999988079071
 49
0.0
 49
-0.5180000066757201
 49
0.0
 49
-0.7350000143051151
 47
0.000001
 98
        0
  0
HATCH
  5
155
330
D0C2
100
AcDbEntity
  8
Stair_Conc.
100
AcDbHatch
 10
0.0
 20
0.0
 30
0.0
210
0.0
220
0.0
230
1.0
  2
AR-CONC
 70
     0
 71
     0
 91
        1
 92
        7
 72
     0
 73
     1
 93
        4
 10
92.40425531914841
 20
84.59999999999991
 10
80.15425531914479
 20
84.59999999999991
 10
80.15425531914479
 20
83.09999999999991
 10
92.40425531914841
 20
83.09999999999991
 97
        0
 75
     0
 76
     1
 52
0.0
 41
1.0
 77
     0
 78
    13
 53
50.0
 43
79.32935174359409
 44
84.07004159794592
 45
0.7172601826007541
 46
-0.0627521349825951
 79
     2
 49
0.0750000029802322
 49
-0.8249999880790708
 53
355.0
 43
80.04661348532499
 44
84.00729196277479
 45
-0.138751333613
 46
0.7521921337000121
 79
     2
 49
0.0599999986588955
 49
-0.6600000262260439
 53
100.451400756836
 43
79.9695671207844
 44
84.74675198892059
 45
0.5785093817140219
 46
0.689439542060954
 79
     2
 49
0.063740186393261
 49
-0.7011421322822571
 53
46.18420028686521
 43
79.11817047155591
 44
83.9584393197556
 45
1.06724104862564
 46
-0.165519014329018
 79
     2
 49
0.112499997019768
 49
-1.237499952316279
 53
96.63559722900391
 43
79.2086006122132
 44
83.93810728265449
 45
0.9346627055487031
 46
0.9741178709004419
 79
     2
 49
0.0956102907657623
 49
-1.05171298980713
 53
351.184204101563
 43
79.11825745152691
 44
83.9588743301226
 45
0.934661945133627
 46
0.9741186009253249
 79
     2
 49
0.0900000035762787
 49
-0.9900000095367428
 53
21.0
 43
79.53092403388649
 44
84.8973256723298
 45
0.5969070521184622
 46
-0.402618890665339
 79
     2
 49
0.0750000029802322
 49
-0.8249999880790708
 53
326.0
 43
79.53092740783541
 44
84.8973255630845
 45
0.243315331921582
 46
0.725150045046853
 79
     2
 49
0.0599999986588955
 49
-0.6600000262260439
 53
71.45140075683591
 43
79.58251819578681
 44
84.85628532753841
 45
0.8402226285814899
 46
0.322530496709952
 79
     2
 49
0.063740186393261
 49
-0.7011421322822571
 53
37.5
 43
78.89705233883979
 44
83.67072428680151
 45
0.0121598553172907
 46
0.332893853831311
 79
     6
 49
0.0
 49
-0.65200001001358
 49
0.0
 49
-0.6700000166893011
 49
0.0
 49
-0.6625000238418579
 53
7.499999999999999
 43
79.0012057566782
 44
84.1442197034703
 45
0.263069537442149
 46
0.39441171188236
 79
     6
 49
0.0
 49
-0.381999999284744
 49
0.0
 49
-0.637000024318695
 49
0.0
 49
-0.252499997615814
 53
327.5
 43
81.3256845589049
 44
83.55551490160911
 45
0.533822436172409
 46
-0.0225548717343798
 79
     6
 49
0.0
 49
-0.25
 49
0.0
 49
-0.779999971389771
 49
0.0
 49
-1.0349999666214
 53
317.5
 43
79.863393173497
 44
84.34488799242659
 45
0.583186169342386
 46
0.100104982332318
 79
     6
 49
0.0
 49
-0.324999988079071
 49
0.0
 49
-0.5180000066757201
 49
0.0
 49
-0.7350000143051151
 47
0.000001
 98
        0
  0
HATCH
  5
156
330
D0C2
100
AcDbEntity
  8
Stair_Conc.
100
AcDbHatch
 10
0.0
 20
0.0
 30
0.0
210
0.0
220
0.0
230
1.0
  2
AR-CONC
 70
     0
 71
     0
 91
        1
 92
        7
 72
     0
 73
     1
 93
        4
 10
103.6542553191519
 20
77.5500000000002
 10
91.40425531914841
 20
77.5500000000002
 10
91.40425531914841
 20
76.05000000000019
 10
103.6542553191519
 20
76.05000000000019
 97
        0
 75
     0
 76
     1
 52
0.0
 41
1.0
 77
     0
 78
    13
 53
50.0
 43
90.57935174359769
 44
77.02004159794609
 45
0.7172601826007541
 46
-0.0627521349825951
 79
     2
 49
0.0750000029802322
 49
-0.8249999880790708
 53
355.0
 43
91.29661348532859
 44
76.9572919627751
 45
-0.138751333613
 46
0.7521921337000121
 79
     2
 49
0.0599999986588955
 49
-0.6600000262260439
 53
100.451400756836
 43
91.219567120788
 44
77.6967519889204
 45
0.5785093817140219
 46
0.689439542060954
 79
     2
 49
0.063740186393261
 49
-0.7011421322822571
 53
46.18420028686521
 43
90.3681704715596
 44
76.9084393197554
 45
1.06724104862564
 46
-0.165519014329018
 79
     2
 49
0.112499997019768
 49
-1.237499952316279
 53
96.63559722900391
 43
90.45860061221691
 44
76.88810728265429
 45
0.9346627055487031
 46
0.9741178709004419
 79
     2
 49
0.0956102907657623
 49
-1.05171298980713
 53
351.184204101563
 43
90.36825745153059
 44
76.9088743301224
 45
0.934661945133627
 46
0.9741186009253249
 79
     2
 49
0.0900000035762787
 49
-0.9900000095367428
 53
21.0
 43
90.78092403389021
 44
77.84732567233
 45
0.5969070521184622
 46
-0.402618890665339
 79
     2
 49
0.0750000029802322
 49
-0.8249999880790708
 53
326.0
 43
90.78092740783899
 44
77.84732556308521
 45
0.243315331921582
 46
0.725150045046853
 79
     2
 49
0.0599999986588955
 49
-0.6600000262260439
 53
71.45140075683591
 43
90.83251819579039
 44
77.8062853275383
 45
0.8402226285814899
 46
0.322530496709952
 79
     2
 49
0.063740186393261
 49
-0.7011421322822571
 53
37.5
 43
90.1470523388434
 44
76.6207242868013
 45
0.0121598553172907
 46
0.332893853831311
 79
     6
 49
0.0
 49
-0.65200001001358
 49
0.0
 49
-0.6700000166893011
 49
0.0
 49
-0.6625000238418579
 53
7.499999999999999
 43
90.25120575668189
 44
77.09421970347058
 45
0.263069537442149
 46
0.39441171188236
 79
     6
 49
0.0
 49
-0.381999999284744
 49
0.0
 49
-0.637000024318695
 49
0.0
 49
-0.252499997615814
 53
327.5
 43
92.57568455890851
 44
76.5055149016093
 45
0.533822436172409
 46
-0.0225548717343798
 79
     6
 49
0.0
 49
-0.25
 49
0.0
 49
-0.779999971389771
 49
0.0
 49
-1.0349999666214
 53
317.5
 43
91.1133931735006
 44
77.29488799242691
 45
0.583186169342386
 46
0.100104982332318
 79
     6
 49
0.0
 49
-0.324999988079071
 49
0.0
 49
-0.5180000066757201
 49
0.0
 49
-0.7350000143051151
 47
0.000001
 98
        0
  0
HATCH
  5
157
330
D0C2
100
AcDbEntity
  8
Stair_Conc.
100
AcDbHatch
 10
0.0
 20
0.0
 30
0.0
210
0.0
220
0.0
230
1.0
  2
AR-CONC
 70
     0
 71
     0
 91
        1
 92
        7
 72
     0
 73
     1
 93
        4
 10
103.654255319154
 20
62.45000000000029
 10
91.40425531915029
 20
62.45000000000029
 10
91.40425531915029
 20
60.95000000000029
 10
103.654255319154
 20
60.95000000000029
 97
        0
 75
     0
 76
     1
 52
0.0
 41
1.0
 77
     0
 78
    13
 53
50.0
 43
90.57935174359949
 44
61.9200415979462
 45
0.7172601826007541
 46
-0.0627521349825951
 79
     2
 49
0.0750000029802322
 49
-0.8249999880790708
 53
355.0
 43
91.29661348533051
 44
61.8572919627752
 45
-0.138751333613
 46
0.7521921337000121
 79
     2
 49
0.0599999986588955
 49
-0.6600000262260439
 53
100.451400756836
 43
91.2195671207896
 44
62.5967519889209
 45
0.5785093817140219
 46
0.689439542060954
 79
     2
 49
0.063740186393261
 49
-0.7011421322822571
 53
46.18420028686521
 43
90.36817047156141
 44
61.80843931975601
 45
1.06724104862564
 46
-0.165519014329018
 79
     2
 49
0.112499997019768
 49
-1.237499952316279
 53
96.63559722900391
 43
90.45860061221871
 44
61.7881072826549
 45
0.9346627055487031
 46
0.9741178709004419
 79
     2
 49
0.0956102907657623
 49
-1.05171298980713
 53
351.184204101563
 43
90.3682574515324
 44
61.8088743301225
 45
0.934661945133627
 46
0.9741186009253249
 79
     2
 49
0.0900000035762787
 49
-0.9900000095367428
 53
21.0
 43
90.7809240338938
 44
62.7473256723297
 45
0.5969070521184622
 46
-0.402618890665339
 79
     2
 49
0.0750000029802322
 49
-0.8249999880790708
 53
326.0
 43
90.78092740784091
 44
62.74732556308479
 45
0.243315331921582
 46
0.725150045046853
 79
     2
 49
0.0599999986588955
 49
-0.6600000262260439
 53
71.45140075683591
 43
90.8325181957923
 44
62.70628532753839
 45
0.8402226285814899
 46
0.322530496709952
 79
     2
 49
0.063740186393261
 49
-0.7011421322822571
 53
37.5
 43
90.14705233884519
 44
61.5207242868019
 45
0.0121598553172907
 46
0.332893853831311
 79
     6
 49
0.0
 49
-0.65200001001358
 49
0.0
 49
-0.6700000166893011
 49
0.0
 49
-0.6625000238418579
 53
7.499999999999999
 43
90.25120575668372
 44
61.99421970347071
 45
0.263069537442149
 46
0.39441171188236
 79
     6
 49
0.0
 49
-0.381999999284744
 49
0.0
 49
-0.637000024318695
 49
0.0
 49
-0.252499997615814
 53
327.5
 43
92.5756845589103
 44
61.4055149016094
 45
0.533822436172409
 46
-0.0225548717343798
 79
     6
 49
0.0
 49
-0.25
 49
0.0
 49
-0.779999971389771
 49
0.0
 49
-1.0349999666214
 53
317.5
 43
91.1133931735025
 44
62.194887992427
 45
0.583186169342386
 46
0.100104982332318
 79
     6
 49
0.0
 49
-0.324999988079071
 49
0.0
 49
-0.5180000066757201
 49
0.0
 49
-0.7350000143051151
 47
0.000001
 98
        0
  0
HATCH
  5
158
330
D0C2
100
AcDbEntity
  8
Stair_Conc.
100
AcDbHatch
 10
0.0
 20
0.0
 30
0.0
210
0.0
220
0.0
230
1.0
  2
AR-CONC
 70
     0
 71
     0
 91
        1
 92
        7
 72
     0
 73
     1
 93
        4
 10
94.00000000000551
 20
56.40000000000011
 10
81.7500000000018
 20
56.40000000000011
 10
81.7500000000018
 20
54.9000000000001
 10
94.00000000000551
 20
54.9000000000001
 97
        0
 75
     0
 76
     1
 52
0.0
 41
1.0
 77
     0
 78
    13
 53
50.0
 43
80.9250964244511
 44
55.87004159794609
 45
0.7172601826007541
 46
-0.0627521349825951
 79
     2
 49
0.0750000029802322
 49
-0.8249999880790708
 53
355.0
 43
81.642358166182
 44
55.807291962775
 45
-0.138751333613
 46
0.7521921337000121
 79
     2
 49
0.0599999986588955
 49
-0.6600000262260439
 53
100.451400756836
 43
81.56531180164099
 44
56.54675198892261
 45
0.5785093817140219
 46
0.689439542060954
 79
     2
 49
0.063740186393261
 49
-0.7011421322822571
 53
46.18420028686521
 43
80.71391515241291
 44
55.7584393197558
 45
1.06724104862564
 46
-0.165519014329018
 79
     2
 49
0.112499997019768
 49
-1.237499952316279
 53
96.63559722900391
 43
80.80434529306959
 44
55.73810728266021
 45
0.9346627055487031
 46
0.9741178709004419
 79
     2
 49
0.0956102907657623
 49
-1.05171298980713
 53
351.184204101563
 43
80.71400213238391
 44
55.7588743301224
 45
0.934661945133627
 46
0.9741186009253249
 79
     2
 49
0.0900000035762787
 49
-0.9900000095367428
 53
21.0
 43
81.1266687147436
 44
56.69732567233001
 45
0.5969070521184622
 46
-0.402618890665339
 79
     2
 49
0.0750000029802322
 49
-0.8249999880790708
 53
326.0
 43
81.1266720886924
 44
56.6973255630846
 45
0.243315331921582
 46
0.725150045046853
 79
     2
 49
0.0599999986588955
 49
-0.6600000262260439
 53
71.45140075683591
 43
81.1782628766438
 44
56.6562853275386
 45
0.8402226285814899
 46
0.322530496709952
 79
     2
 49
0.063740186393261
 49
-0.7011421322822571
 53
37.5
 43
80.49279701969679
 44
55.47072428680079
 45
0.0121598553172907
 46
0.332893853831311
 79
     6
 49
0.0
 49
-0.65200001001358
 49
0.0
 49
-0.6700000166893011
 49
0.0
 49
-0.6625000238418579
 53
7.499999999999999
 43
80.5969504375353
 44
55.94421970347049
 45
0.263069537442149
 46
0.39441171188236
 79
     6
 49
0.0
 49
-0.381999999284744
 49
0.0
 49
-0.637000024318695
 49
0.0
 49
-0.252499997615814
 53
327.5
 43
82.92142923976191
 44
55.3555149016092
 45
0.533822436172409
 46
-0.0225548717343798
 79
     6
 49
0.0
 49
-0.25
 49
0.0
 49
-0.779999971389771
 49
0.0
 49
-1.0349999666214
 53
317.5
 43
81.459137854354
 44
56.14488799242679
 45
0.583186169342386
 46
0.100104982332318
 79
     6
 49
0.0
 49
-0.324999988079071
 49
0.0
 49
-0.5180000066757201
 49
0.0
 49
-0.7350000143051151
 47
0.000001
 98
        0
  0
HATCH
  5
159
330
D0C2
100
AcDbEntity
  8
Stair_Conc.
100
AcDbHatch
 10
0.0
 20
0.0
 30
0.0
210
0.0
220
0.0
230
1.0
  2
AR-CONC
 70
     0
 71
     0
 91
        1
 92
        7
 72
     0
 73
     1
 93
        4
 10
82.75000000000909
 20
49.34999999999989
 10
70.5000000000055
 20
49.34999999999989
 10
70.5000000000055
 20
47.84999999999989
 10
82.75000000000909
 20
47.84999999999989
 97
        0
 75
     0
 76
     1
 52
0.0
 41
1.0
 77
     0
 78
    13
 53
50.0
 43
69.67509642445479
 44
48.8200415979459
 45
0.7172601826007541
 46
-0.0627521349825951
 79
     2
 49
0.0750000029802322
 49
-0.8249999880790708
 53
355.0
 43
70.3923581661857
 44
48.7572919627748
 45
-0.138751333613
 46
0.7521921337000121
 79
     2
 49
0.0599999986588955
 49
-0.6600000262260439
 53
100.451400756836
 43
70.3153118016446
 44
49.4967519889224
 45
0.5785093817140219
 46
0.689439542060954
 79
     2
 49
0.063740186393261
 49
-0.7011421322822571
 53
46.18420028686521
 43
69.46391515241661
 44
48.7084393197556
 45
1.06724104862564
 46
-0.165519014329018
 79
     2
 49
0.112499997019768
 49
-1.237499952316279
 53
96.63559722900391
 43
69.55434529307321
 44
48.68810728266089
 45
0.9346627055487031
 46
0.9741178709004419
 79
     2
 49
0.0956102907657623
 49
-1.05171298980713
 53
351.184204101563
 43
69.4640021323876
 44
48.7088743301226
 45
0.934661945133627
 46
0.9741186009253249
 79
     2
 49
0.0900000035762787
 49
-0.9900000095367428
 53
21.0
 43
69.87666871474719
 44
49.6473256723298
 45
0.5969070521184622
 46
-0.402618890665339
 79
     2
 49
0.0750000029802322
 49
-0.8249999880790708
 53
326.0
 43
69.87667208869609
 44
49.6473255630845
 45
0.243315331921582
 46
0.725150045046853
 79
     2
 49
0.0599999986588955
 49
-0.6600000262260439
 53
71.45140075683591
 43
69.92826287664749
 44
49.60628532753839
 45
0.8402226285814899
 46
0.322530496709952
 79
     2
 49
0.063740186393261
 49
-0.7011421322822571
 53
37.5
 43
69.24279701970039
 44
48.4207242868015
 45
0.0121598553172907
 46
0.332893853831311
 79
     6
 49
0.0
 49
-0.65200001001358
 49
0.0
 49
-0.6700000166893011
 49
0.0
 49
-0.6625000238418579
 53
7.499999999999999
 43
69.34695043753889
 44
48.89421970347029
 45
0.263069537442149
 46
0.39441171188236
 79
     6
 49
0.0
 49
-0.381999999284744
 49
0.0
 49
-0.637000024318695
 49
0.0
 49
-0.252499997615814
 53
327.5
 43
71.6714292397655
 44
48.3055149016091
 45
0.533822436172409
 46
-0.0225548717343798
 79
     6
 49
0.0
 49
-0.25
 49
0.0
 49
-0.779999971389771
 49
0.0
 49
-1.0349999666214
 53
317.5
 43
70.2091378543577
 44
49.09488799242661
 45
0.583186169342386
 46
0.100104982332318
 79
     6
 49
0.0
 49
-0.324999988079071
 49
0.0
 49
-0.5180000066757201
 49
0.0
 49
-0.7350000143051151
 47
0.000001
 98
        0
  0
HATCH
  5
15A
330
D0C2
100
AcDbEntity
  8
Stair_Conc.
100
AcDbHatch
 10
0.0
 20
0.0
 30
0.0
210
0.0
220
0.0
230
1.0
  2
AR-CONC
 70
     0
 71
     0
 91
        1
 92
        7
 72
     0
 73
     1
 93
        4
 10
71.5000000000055
 20
42.3000000000002
 10
59.25000000000179
 20
42.3000000000002
 10
59.25000000000179
 20
40.8000000000002
 10
71.5000000000055
 20
40.8000000000002
 97
        0
 75
     0
 76
     1
 52
0.0
 41
1.0
 77
     0
 78
    13
 53
50.0
 43
58.42509642445111
 44
41.77004159794609
 45
0.7172601826007541
 46
-0.0627521349825951
 79
     2
 49
0.0750000029802322
 49
-0.8249999880790708
 53
355.0
 43
59.142358166182
 44
41.7072919627751
 45
-0.138751333613
 46
0.7521921337000121
 79
     2
 49
0.0599999986588955
 49
-0.6600000262260439
 53
100.451400756836
 43
59.06531180164099
 44
42.4467519889222
 45
0.5785093817140219
 46
0.689439542060954
 79
     2
 49
0.063740186393261
 49
-0.7011421322822571
 53
46.18420028686521
 43
58.2139151524129
 44
41.6584393197554
 45
1.06724104862564
 46
-0.165519014329018
 79
     2
 49
0.112499997019768
 49
-1.237499952316279
 53
96.63559722900391
 43
58.3043452930696
 44
41.6381072826607
 45
0.9346627055487031
 46
0.9741178709004419
 79
     2
 49
0.0956102907657623
 49
-1.05171298980713
 53
351.184204101563
 43
58.2140021323839
 44
41.65887433012239
 45
0.934661945133627
 46
0.9741186009253249
 79
     2
 49
0.0900000035762787
 49
-0.9900000095367428
 53
21.0
 43
58.6266687147436
 44
42.59732567233
 45
0.5969070521184622
 46
-0.402618890665339
 79
     2
 49
0.0750000029802322
 49
-0.8249999880790708
 53
326.0
 43
58.6266720886924
 44
42.5973255630852
 45
0.243315331921582
 46
0.725150045046853
 79
     2
 49
0.0599999986588955
 49
-0.6600000262260439
 53
71.45140075683591
 43
58.6782628766438
 44
42.5562853275383
 45
0.8402226285814899
 46
0.322530496709952
 79
     2
 49
0.063740186393261
 49
-0.7011421322822571
 53
37.5
 43
57.9927970196968
 44
41.3707242868013
 45
0.0121598553172907
 46
0.332893853831311
 79
     6
 49
0.0
 49
-0.65200001001358
 49
0.0
 49
-0.6700000166893011
 49
0.0
 49
-0.6625000238418579
 53
7.499999999999999
 43
58.0969504375353
 44
41.84421970347059
 45
0.263069537442149
 46
0.39441171188236
 79
     6
 49
0.0
 49
-0.381999999284744
 49
0.0
 49
-0.637000024318695
 49
0.0
 49
-0.252499997615814
 53
327.5
 43
60.42142923976189
 44
41.25551490160929
 45
0.533822436172409
 46
-0.0225548717343798
 79
     6
 49
0.0
 49
-0.25
 49
0.0
 49
-0.779999971389771
 49
0.0
 49
-1.0349999666214
 53
317.5
 43
58.959137854354
 44
42.04488799242689
 45
0.583186169342386
 46
0.100104982332318
 79
     6
 49
0.0
 49
-0.324999988079071
 49
0.0
 49
-0.5180000066757201
 49
0.0
 49
-0.7350000143051151
 47
0.000001
 98
        0
  0
HATCH
  5
15B
330
D0C2
100
AcDbEntity
  8
Stair_Conc.
100
AcDbHatch
 10
0.0
 20
0.0
 30
0.0
210
0.0
220
0.0
230
1.0
  2
AR-CONC
 70
     0
 71
     0
 91
        1
 92
        7
 72
     0
 73
     1
 93
        4
 10
60.2500000000055
 20
35.25
 10
48.00000000000179
 20
35.25
 10
48.00000000000179
 20
33.75
 10
60.2500000000055
 20
33.75
 97
        0
 75
     0
 76
     1
 52
0.0
 41
1.0
 77
     0
 78
    13
 53
50.0
 43
47.17509642445111
 44
34.720041597946
 45
0.7172601826007541
 46
-0.0627521349825951
 79
     2
 49
0.0750000029802322
 49
-0.8249999880790708
 53
355.0
 43
47.892358166182
 44
34.6572919627749
 45
-0.138751333613
 46
0.7521921337000121
 79
     2
 49
0.0599999986588955
 49
-0.6600000262260439
 53
100.451400756836
 43
47.81531180164099
 44
35.3967519889229
 45
0.5785093817140219
 46
0.689439542060954
 79
     2
 49
0.063740186393261
 49
-0.7011421322822571
 53
46.18420028686521
 43
46.9639151524129
 44
34.6084393197561
 45
1.06724104862564
 46
-0.165519014329018
 79
     2
 49
0.112499997019768
 49
-1.237499952316279
 53
96.63559722900391
 43
47.0543452930696
 44
34.5881072826605
 45
0.9346627055487031
 46
0.9741178709004419
 79
     2
 49
0.0956102907657623
 49
-1.05171298980713
 53
351.184204101563
 43
46.9640021323839
 44
34.6088743301227
 45
0.934661945133627
 46
0.9741186009253249
 79
     2
 49
0.0900000035762787
 49
-0.9900000095367428
 53
21.0
 43
47.3766687147436
 44
35.5473256723299
 45
0.5969070521184622
 46
-0.402618890665339
 79
     2
 49
0.0750000029802322
 49
-0.8249999880790708
 53
326.0
 43
47.37667208869239
 44
35.5473255630841
 45
0.243315331921582
 46
0.725150045046853
 79
     2
 49
0.0599999986588955
 49
-0.6600000262260439
 53
71.45140075683591
 43
47.4282628766438
 44
35.5062853275385
 45
0.8402226285814899
 46
0.322530496709952
 79
     2
 49
0.063740186393261
 49
-0.7011421322822571
 53
37.5
 43
46.7427970196968
 44
34.3207242868011
 45
0.0121598553172907
 46
0.332893853831311
 79
     6
 49
0.0
 49
-0.65200001001358
 49
0.0
 49
-0.6700000166893011
 49
0.0
 49
-0.6625000238418579
 53
7.499999999999999
 43
46.8469504375353
 44
34.7942197034704
 45
0.263069537442149
 46
0.39441171188236
 79
     6
 49
0.0
 49
-0.381999999284744
 49
0.0
 49
-0.637000024318695
 49
0.0
 49
-0.252499997615814
 53
327.5
 43
49.17142923976189
 44
34.2055149016091
 45
0.533822436172409
 46
-0.0225548717343798
 79
     6
 49
0.0
 49
-0.25
 49
0.0
 49
-0.779999971389771
 49
0.0
 49
-1.0349999666214
 53
317.5
 43
47.70913785435399
 44
34.9948879924267
 45
0.583186169342386
 46
0.100104982332318
 79
     6
 49
0.0
 49
-0.324999988079071
 49
0.0
 49
-0.5180000066757201
 49
0.0
 49
-0.7350000143051151
 47
0.000001
 98
        0
  0
HATCH
  5
15C
330
D0C2
100
AcDbEntity
  8
Stair_Conc.
100
AcDbHatch
 10
0.0
 20
0.0
 30
0.0
210
0.0
220
0.0
230
1.0
  2
AR-CONC
 70
     0
 71
     0
 91
        1
 92
        7
 72
     0
 73
     1
 93
        4
 10
49.0000000000055
 20
28.2000000000003
 10
36.7500000000018
 20
28.2000000000003
 10
36.7500000000018
 20
26.7000000000003
 10
49.0000000000055
 20
26.7000000000003
 97
        0
 75
     0
 76
     1
 52
0.0
 41
1.0
 77
     0
 78
    13
 53
50.0
 43
35.92509642445111
 44
27.6700415979462
 45
0.7172601826007541
 46
-0.0627521349825951
 79
     2
 49
0.0750000029802322
 49
-0.8249999880790708
 53
355.0
 43
36.642358166182
 44
27.6072919627752
 45
-0.138751333613
 46
0.7521921337000121
 79
     2
 49
0.0599999986588955
 49
-0.6600000262260439
 53
100.451400756836
 43
36.565311801641
 44
28.3467519889218
 45
0.5785093817140219
 46
0.689439542060954
 79
     2
 49
0.063740186393261
 49
-0.7011421322822571
 53
46.18420028686521
 43
35.7139151524129
 44
27.558439319756
 45
1.06724104862564
 46
-0.165519014329018
 79
     2
 49
0.112499997019768
 49
-1.237499952316279
 53
96.63559722900391
 43
35.8043452930696
 44
27.5381072826613
 45
0.9346627055487031
 46
0.9741178709004419
 79
     2
 49
0.0956102907657623
 49
-1.05171298980713
 53
351.184204101563
 43
35.7140021323839
 44
27.5588743301225
 45
0.934661945133627
 46
0.9741186009253249
 79
     2
 49
0.0900000035762787
 49
-0.9900000095367428
 53
21.0
 43
36.1266687147436
 44
28.4973256723297
 45
0.5969070521184622
 46
-0.402618890665339
 79
     2
 49
0.0750000029802322
 49
-0.8249999880790708
 53
326.0
 43
36.1266720886924
 44
28.49732556308481
 45
0.243315331921582
 46
0.725150045046853
 79
     2
 49
0.0599999986588955
 49
-0.6600000262260439
 53
71.45140075683591
 43
36.1782628766438
 44
28.4562853275384
 45
0.8402226285814899
 46
0.322530496709952
 79
     2
 49
0.063740186393261
 49
-0.7011421322822571
 53
37.5
 43
35.4927970196968
 44
27.2707242868019
 45
0.0121598553172907
 46
0.332893853831311
 79
     6
 49
0.0
 49
-0.65200001001358
 49
0.0
 49
-0.6700000166893011
 49
0.0
 49
-0.6625000238418579
 53
7.499999999999999
 43
35.5969504375353
 44
27.7442197034707
 45
0.263069537442149
 46
0.39441171188236
 79
     6
 49
0.0
 49
-0.381999999284744
 49
0.0
 49
-0.637000024318695
 49
0.0
 49
-0.252499997615814
 53
327.5
 43
37.9214292397619
 44
27.1555149016094
 45
0.533822436172409
 46
-0.0225548717343798
 79
     6
 49
0.0
 49
-0.25
 49
0.0
 49
-0.779999971389771
 49
0.0
 49
-1.0349999666214
 53
317.5
 43
36.459137854354
 44
27.944887992427
 45
0.583186169342386
 46
0.100104982332318
 79
     6
 49
0.0
 49
-0.324999988079071
 49
0.0
 49
-0.5180000066757201
 49
0.0
 49
-0.7350000143051151
 47
0.000001
 98
        0
  0
HATCH
  5
15D
330
D0C2
100
AcDbEntity
  8
Stair_Conc.
100
AcDbHatch
 10
0.0
 20
0.0
 30
0.0
210
0.0
220
0.0
230
1.0
  2
AR-CONC
 70
     0
 71
     0
 91
        1
 92
        7
 72
     0
 73
     1
 93
        4
 10
37.7500000000055
 20
21.1500000000001
 10
25.5000000000018
 20
21.1500000000001
 10
25.5000000000018
 20
19.6500000000001
 10
37.7500000000055
 20
19.6500000000001
 97
        0
 75
     0
 76
     1
 52
0.0
 41
1.0
 77
     0
 78
    13
 53
50.0
 43
24.6750964244511
 44
20.6200415979461
 45
0.7172601826007541
 46
-0.0627521349825951
 79
     2
 49
0.0750000029802322
 49
-0.8249999880790708
 53
355.0
 43
25.392358166182
 44
20.557291962775
 45
-0.138751333613
 46
0.7521921337000121
 79
     2
 49
0.0599999986588955
 49
-0.6600000262260439
 53
100.451400756836
 43
25.315311801641
 44
21.2967519889226
 45
0.5785093817140219
 46
0.689439542060954
 79
     2
 49
0.063740186393261
 49
-0.7011421322822571
 53
46.18420028686521
 43
24.4639151524129
 44
20.5084393197558
 45
1.06724104862564
 46
-0.165519014329018
 79
     2
 49
0.112499997019768
 49
-1.237499952316279
 53
96.63559722900391
 43
24.5543452930696
 44
20.4881072826602
 45
0.9346627055487031
 46
0.9741178709004419
 79
     2
 49
0.0956102907657623
 49
-1.05171298980713
 53
351.184204101563
 43
24.4640021323839
 44
20.5088743301224
 45
0.934661945133627
 46
0.9741186009253249
 79
     2
 49
0.0900000035762787
 49
-0.9900000095367428
 53
21.0
 43
24.8766687147436
 44
21.44732567233
 45
0.5969070521184622
 46
-0.402618890665339
 79
     2
 49
0.0750000029802322
 49
-0.8249999880790708
 53
326.0
 43
24.8766720886924
 44
21.4473255630846
 45
0.243315331921582
 46
0.725150045046853
 79
     2
 49
0.0599999986588955
 49
-0.6600000262260439
 53
71.45140075683591
 43
24.9282628766438
 44
21.4062853275386
 45
0.8402226285814899
 46
0.322530496709952
 79
     2
 49
0.063740186393261
 49
-0.7011421322822571
 53
37.5
 43
24.2427970196968
 44
20.2207242868008
 45
0.0121598553172907
 46
0.332893853831311
 79
     6
 49
0.0
 49
-0.65200001001358
 49
0.0
 49
-0.6700000166893011
 49
0.0
 49
-0.6625000238418579
 53
7.499999999999999
 43
24.3469504375353
 44
20.6942197034705
 45
0.263069537442149
 46
0.39441171188236
 79
     6
 49
0.0
 49
-0.381999999284744
 49
0.0
 49
-0.637000024318695
 49
0.0
 49
-0.252499997615814
 53
327.5
 43
26.6714292397619
 44
20.1055149016092
 45
0.533822436172409
 46
-0.0225548717343798
 79
     6
 49
0.0
 49
-0.25
 49
0.0
 49
-0.779999971389771
 49
0.0
 49
-1.0349999666214
 53
317.5
 43
25.209137854354
 44
20.8948879924268
 45
0.583186169342386
 46
0.100104982332318
 79
     6
 49
0.0
 49
-0.324999988079071
 49
0.0
 49
-0.5180000066757201
 49
0.0
 49
-0.7350000143051151
 47
0.000001
 98
        0
  0
HATCH
  5
15E
330
D0C2
100
AcDbEntity
  8
Stair_Conc.
100
AcDbHatch
 10
0.0
 20
0.0
 30
0.0
210
0.0
220
0.0
230
1.0
  2
AR-CONC
 70
     0
 71
     0
 91
        1
 92
        7
 72
     0
 73
     1
 93
        4
 10
26.5000000000036
 20
14.0999999999999
 10
14.25
 20
14.0999999999999
 10
14.25
 20
12.5999999999999
 10
26.5000000000036
 20
12.5999999999999
 97
        0
 75
     0
 76
     1
 52
0.0
 41
1.0
 77
     0
 78
    13
 53
50.0
 43
13.4250964244493
 44
13.5700415979459
 45
0.7172601826007541
 46
-0.0627521349825951
 79
     2
 49
0.0750000029802322
 49
-0.8249999880790708
 53
355.0
 43
14.1423581661802
 44
13.5072919627748
 45
-0.138751333613
 46
0.7521921337000121
 79
     2
 49
0.0599999986588955
 49
-0.6600000262260439
 53
100.451400756836
 43
14.0653118016392
 44
14.2467519889224
 45
0.5785093817140219
 46
0.689439542060954
 79
     2
 49
0.063740186393261
 49
-0.7011421322822571
 53
46.18420028686521
 43
13.2139151524111
 44
13.4584393197556
 45
1.06724104862564
 46
-0.165519014329018
 79
     2
 49
0.112499997019768
 49
-1.237499952316279
 53
96.63559722900391
 43
13.3043452930677
 44
13.4381072826609
 45
0.9346627055487031
 46
0.9741178709004419
 79
     2
 49
0.0956102907657623
 49
-1.05171298980713
 53
351.184204101563
 43
13.2140021323821
 44
13.4588743301226
 45
0.934661945133627
 46
0.9741186009253249
 79
     2
 49
0.0900000035762787
 49
-0.9900000095367428
 53
21.0
 43
13.6266687147436
 44
14.3973256723298
 45
0.5969070521184622
 46
-0.402618890665339
 79
     2
 49
0.0750000029802322
 49
-0.8249999880790708
 53
326.0
 43
13.6266720886906
 44
14.3973255630845
 45
0.243315331921582
 46
0.725150045046853
 79
     2
 49
0.0599999986588955
 49
-0.6600000262260439
 53
71.45140075683591
 43
13.678262876642
 44
14.3562853275384
 45
0.8402226285814899
 46
0.322530496709952
 79
     2
 49
0.063740186393261
 49
-0.7011421322822571
 53
37.5
 43
12.992797019695
 44
13.1707242868015
 45
0.0121598553172907
 46
0.332893853831311
 79
     6
 49
0.0
 49
-0.65200001001358
 49
0.0
 49
-0.6700000166893011
 49
0.0
 49
-0.6625000238418579
 53
7.499999999999999
 43
13.0969504375335
 44
13.6442197034703
 45
0.263069537442149
 46
0.39441171188236
 79
     6
 49
0.0
 49
-0.381999999284744
 49
0.0
 49
-0.637000024318695
 49
0.0
 49
-0.252499997615814
 53
327.5
 43
15.4214292397601
 44
13.0555149016091
 45
0.533822436172409
 46
-0.0225548717343798
 79
     6
 49
0.0
 49
-0.25
 49
0.0
 49
-0.779999971389771
 49
0.0
 49
-1.0349999666214
 53
317.5
 43
13.9591378543522
 44
13.8448879924266
 45
0.583186169342386
 46
0.100104982332318
 79
     6
 49
0.0
 49
-0.324999988079071
 49
0.0
 49
-0.5180000066757201
 49
0.0
 49
-0.7350000143051151
 47
0.000001
 98
        0
  0
HATCH
  5
15F
330
D0C2
100
AcDbEntity
  8
Stair_Conc.
100
AcDbHatch
 10
0.0
 20
0.0
 30
0.0
210
0.0
220
0.0
230
1.0
  2
AR-CONC
 70
     0
 71
     0
 91
        1
 92
        7
 72
     0
 73
     1
 93
        4
 10
15.2500000000018
 20
7.04999999999973
 10
2.99999999999818
 20
7.04999999999973
 10
2.99999999999818
 20
5.54999999999973
 10
15.2500000000018
 20
5.54999999999973
 97
        0
 75
     0
 76
     1
 52
0.0
 41
1.0
 77
     0
 78
    13
 53
50.0
 43
2.175096424447469
 44
6.52004159794615
 45
0.7172601826007541
 46
-0.0627521349825951
 79
     2
 49
0.0750000029802322
 49
-0.8249999880790708
 53
355.0
 43
2.892358166178379
 44
6.457291962775119
 45
-0.138751333613
 46
0.7521921337000121
 79
     2
 49
0.0599999986588955
 49
-0.6600000262260439
 53
100.451400756836
 43
2.815311801637339
 44
7.19675198892219
 45
0.5785093817140219
 46
0.689439542060954
 79
     2
 49
0.063740186393261
 49
-0.7011421322822571
 53
46.18420028686521
 43
1.963915152409299
 44
6.408439319754509
 45
1.06724104862564
 46
-0.165519014329018
 79
     2
 49
0.112499997019768
 49
-1.237499952316279
 53
96.63559722900391
 43
2.05434529306592
 44
6.3881072826598
 45
0.9346627055487031
 46
0.9741178709004419
 79
     2
 49
0.0956102907657623
 49
-1.05171298980713
 53
351.184204101563
 43
1.9640021323803
 44
6.40887433012153
 45
0.934661945133627
 46
0.9741186009253249
 79
     2
 49
0.0900000035762787
 49
-0.9900000095367428
 53
21.0
 43
2.376668714739939
 44
7.347325672330039
 45
0.5969070521184622
 46
-0.402618890665339
 79
     2
 49
0.0750000029802322
 49
-0.8249999880790708
 53
326.0
 43
2.376672088688789
 44
7.347325563085179
 45
0.243315331921582
 46
0.725150045046853
 79
     2
 49
0.0599999986588955
 49
-0.6600000262260439
 53
71.45140075683591
 43
2.428262876640189
 44
7.30628532753826
 45
0.8402226285814899
 46
0.322530496709952
 79
     2
 49
0.063740186393261
 49
-0.7011421322822571
 53
37.5
 43
1.742797019693169
 44
6.120724286801309
 45
0.0121598553172907
 46
0.332893853831311
 79
     6
 49
0.0
 49
-0.65200001001358
 49
0.0
 49
-0.6700000166893011
 49
0.0
 49
-0.6625000238418579
 53
7.499999999999999
 43
1.846950437531629
 44
6.594219703470569
 45
0.263069537442149
 46
0.39441171188236
 79
     6
 49
0.0
 49
-0.381999999284744
 49
0.0
 49
-0.637000024318695
 49
0.0
 49
-0.252499997615814
 53
327.5
 43
4.17142923975825
 44
6.00551490160933
 45
0.533822436172409
 46
-0.0225548717343798
 79
     6
 49
0.0
 49
-0.25
 49
0.0
 49
-0.779999971389771
 49
0.0
 49
-1.0349999666214
 53
317.5
 43
2.70913785435039
 44
6.794887992426879
 45
0.583186169342386
 46
0.100104982332318
 79
     6
 49
0.0
 49
-0.324999988079071
 49
0.0
 49
-0.5180000066757201
 49
0.0
 49
-0.7350000143051151
 47
0.000001
 98
        0
  0
ENDBLK
  5
D0F5
330
D0C2
100
AcDbEntity
  8
0
100
AcDbBlockEnd
  0
BLOCK
  5
162
330
D0C3
100
AcDbEntity
  8
0
100
AcDbBlockBegin
  2
W250X33
 70
     0
 10
0.0
 20
0.0
 30
0.0
  3
W250X33
  1

  0
LINE
  5
163
330
D0C3
100
AcDbEntity
  8
Struc_Section_Steel
100
AcDbLine
 10
-2.86640504192837
 20
0.0
 30
0.0
 11
-2.86640504192837
 21
0.3125
 31
0.0
  0
LINE
  5
164
330
D0C3
100
AcDbEntity
  8
Struc_Section_Steel
100
AcDbLine
 10
-2.86640504192837
 20
9.875
 30
0.0
 11
2.883594958071629
 21
9.875
 31
0.0
  0
LINE
  5
165
330
D0C3
100
AcDbEntity
  8
Struc_Section_Steel
100
AcDbLine
 10
2.883594958071629
 20
9.875
 30
0.0
 11
2.883594958071629
 21
9.5625
 31
0.0
  0
LINE
  5
166
330
D0C3
100
AcDbEntity
  8
Struc_Section_Steel
100
AcDbLine
 10
2.883594958071629
 20
0.0
 30
0.0
 11
-2.86640504192837
 21
0.0
 31
0.0
  0
LINE
  5
167
330
D0C3
100
AcDbEntity
  8
Struc_Section_Steel
100
AcDbLine
 10
-2.86640504192837
 20
9.5625
 30
0.0
 11
-0.3664050419283739
 21
9.5625
 31
0.0
  0
LINE
  5
168
330
D0C3
100
AcDbEntity
  8
Struc_Section_Steel
100
AcDbLine
 10
2.883594958071629
 20
0.3125
 30
0.0
 11
0.3835949580716261
 21
0.3125
 31
0.0
  0
LINE
  5
169
330
D0C3
100
AcDbEntity
  8
Struc_Section_Steel
100
AcDbLine
 10
-0.116405041928374
 20
0.5625
 30
0.0
 11
-0.116405041928374
 21
9.3125
 31
0.0
  0
LINE
  5
16A
330
D0C3
100
AcDbEntity
  8
Struc_Section_Steel
100
AcDbLine
 10
0.133594958071626
 20
0.5625
 30
0.0
 11
0.133594958071626
 21
9.3125
 31
0.0
  0
LINE
  5
16B
330
D0C3
100
AcDbEntity
  8
Struc_Section_Steel
100
AcDbLine
 10
2.883594958071629
 20
0.3125
 30
0.0
 11
2.883594958071629
 21
0.0
 31
0.0
  0
LINE
  5
16C
330
D0C3
100
AcDbEntity
  8
Struc_Section_Steel
100
AcDbLine
 10
-2.86640504192837
 20
9.5625
 30
0.0
 11
-2.86640504192837
 21
9.875
 31
0.0
  0
LINE
  5
16D
330
D0C3
100
AcDbEntity
  8
Struc_Section_Steel
100
AcDbLine
 10
0.3835949580716261
 20
9.5625
 30
0.0
 11
2.883594958071629
 21
9.5625
 31
0.0
  0
LINE
  5
16E
330
D0C3
100
AcDbEntity
  8
Struc_Section_Steel
100
AcDbLine
 10
-0.3664050419283739
 20
0.3125
 30
0.0
 11
-2.86640504192837
 21
0.3125
 31
0.0
  0
ARC
  5
16F
330
D0C3
100
AcDbEntity
  8
Struc_Section_Steel
100
AcDbCircle
 10
-0.3664050419283739
 20
9.3125
 30
0.0
 40
0.25
100
AcDbArc
 50
0.0
 51
90.0
  0
ARC
  5
170
330
D0C3
100
AcDbEntity
  8
Struc_Section_Steel
100
AcDbCircle
 10
0.3835949580716261
 20
9.3125
 30
0.0
 40
0.25
100
AcDbArc
 50
90.0
 51
180.0
  0
ARC
  5
171
330
D0C3
100
AcDbEntity
  8
Struc_Section_Steel
100
AcDbCircle
 10
-0.3664050419283739
 20
0.5625
 30
0.0
 40
0.25
100
AcDbArc
 50
270.0
 51
0.0
  0
ARC
  5
172
330
D0C3
100
AcDbEntity
  8
Struc_Section_Steel
100
AcDbCircle
 10
0.3835949580716261
 20
0.5625
 30
0.0
 40
0.25
100
AcDbArc
 50
180.0
 51
270.0
  0
HATCH
  5
173
330
D0C3
100
AcDbEntity
  8
Struc_Section_Steel
 62
   251
 48
2.0
100
AcDbHatch
 10
0.0
 20
0.0
 30
0.0
210
0.0
220
0.0
230
1.0
  2
STEEL
 70
     0
 71
     0
 91
        1
 92
        7
 72
     1
 73
     1
 93
       16
 10
2.883594958071629
 20
9.5625
 42
0.0
 10
2.883594958071629
 20
9.875
 42
0.0
 10
-2.86640504192837
 20
9.875
 42
0.0
 10
-2.86640504192837
 20
9.5625
 42
0.0
 10
-0.3664050419283739
 20
9.5625
 42
-0.4142135679721831
 10
-0.116405041928374
 20
9.3125
 42
0.0
 10
-0.116405041928374
 20
0.5625
 42
-0.4142135679721831
 10
-0.3664050419283739
 20
0.3125
 42
0.0
 10
-2.86640504192837
 20
0.3125
 42
0.0
 10
-2.86640504192837
 20
0.0
 42
0.0
 10
2.883594958071629
 20
0.0
 42
0.0
 10
2.883594958071629
 20
0.3125
 42
0.0
 10
0.3835949580716261
 20
0.3125
 42
-0.4142135679721831
 10
0.133594958071626
 20
0.5625
 42
0.0
 10
0.133594958071626
 20
9.3125
 42
-0.4142135679721831
 10
0.3835949580716261
 20
9.5625
 42
0.0
 97
        0
 75
     0
 76
     1
 52
0.0
 41
1.0
 77
     0
 78
     2
 53
45.0
 43
-45.7407618446114
 44
-32.3033161370237
 45
-0.4419417382415921
 46
0.4419417382415921
 79
     0
 53
45.0
 43
-45.5845118446114
 44
-32.7184496135069
 45
-0.4419417382415921
 46
0.4419417382415921
 79
     0
 47
0.000001
 98
        0
  0
ENDBLK
  5
D0F6
330
D0C3
100
AcDbEntity
  8
0
100
AcDbBlockEnd
  0
BLOCK
  5
176
330
D0C4
100
AcDbEntity
  8
0
100
AcDbBlockBegin
  2
_ARCHTICK
 70
     0
 10
0.0
 20
0.0
 30
0.0
  3
_ARCHTICK
  1

  0
LWPOLYLINE
  5
177
330
D0C4
100
AcDbEntity
  8
0
  6
Continuous
 62
     0
100
AcDbPolyline
 90
        2
 70
     0
 43
0.150000005960464
 10
-0.5
 20
-0.5
 10
0.5
 20
0.5
  0
ENDBLK
  5
D0F7
330
D0C4
100
AcDbEntity
  8
0
100
AcDbBlockEnd
  0
BLOCK
  5
2195
330
D0C5
100
AcDbEntity
  8
0
100
AcDbBlockBegin
  2
REV
 70
     2
 10
0.0
 20
0.0
 30
0.0
  3
REV
  1

  0
ATTDEF
  5
2196
330
D0C5
100
AcDbEntity
  8
TEXT
100
AcDbText
 10
1.201857987099347
 20
-0.0004495566954574
 30
0.0
 40
0.125
  1
1
 41
0.8000000119209291
  7
ROMANS-80
 72
     4
 11
1.242334178178679
 21
0.0620504433045426
 31
0.0
100
AcDbAttributeDefinition
280
     0
  3
REV
  2
REV
 70
     0
280
     0
  0
LWPOLYLINE
  5
2197
330
D0C5
100
AcDbEntity
  8
0
  6
Continuous
 62
     4
100
AcDbPolyline
 90
        3
 70
     1
 43
0.0
 10
1.24287313414879
 20
0.24035620243194
 10
1.08345956439916
 20
-0.0357561997921039
 10
1.40228670390024
 20
-0.0357561997921039
  0
ATTDEF
  5
2198
330
D0C5
100
AcDbEntity
  8
TEXT
100
AcDbText
 10
1.57849193667153
 20
-0.0179479248898436
 30
0.0
 40
0.125
  1
RELEASED
 41
0.8000000119209291
  7
ROMANS-80
 11
1.57849193667153
 21
-0.0596145915565103
 31
0.0
100
AcDbAttributeDefinition
280
     0
  3
REV
  2
REV
 70
     0
 74
     1
280
     0
  0
ATTDEF
  5
2199
330
D0C5
100
AcDbEntity
  8
TEXT
100
AcDbText
 10
4.494419375128929
 20
-0.0179479248898436
 30
0.0
 40
0.125
  1
00/00/00
 41
0.8000000119209291
  7
ROMANS-80
 11
4.494419375128929
 21
-0.0596145915565103
 31
0.0
100
AcDbAttributeDefinition
280
     0
  3
REV
  2
REV
 70
     0
 74
     1
280
     0
  0
ENDBLK
  5
D0F8
330
D0C5
100
AcDbEntity
  8
0
100
AcDbBlockEnd
  0
BLOCK
  5
219E
330
D0C6
100
AcDbEntity
  8
0
100
AcDbBlockBegin
  2
TITLE
 70
     2
 10
0.0
 20
0.0
 30
0.0
  3
TITLE
  1

  0
LINE
  5
219F
330
D0C6
100
AcDbEntity
  8
TB_BORDER
100
AcDbLine
 10
1.02014138772029
 20
22.980132926208
 30
0.0
 11
1.02014138772029
 21
0.994354706712386
 31
0.0
  0
LINE
  5
21A0
330
D0C6
100
AcDbEntity
  8
TB_BORDER
100
AcDbLine
 10
0.9999936000003799
 20
22.9998528
 30
0.0
 11
0.9999936000003799
 21
0.9746348329204009
 31
0.0
  0
LINE
  5
21A1
330
D0C6
100
AcDbEntity
  8
TB_BORDER
100
AcDbLine
 10
1.02014138772029
 20
0.994354706712386
 30
0.0
 11
30.6978326992794
 21
0.994354706712386
 31
0.0
  0
LINE
  5
21A2
330
D0C6
100
AcDbEntity
  8
TB_BORDER
100
AcDbLine
 10
0.9999936000003799
 20
0.9746348329204009
 30
0.0
 11
30.71798048699931
 21
0.9746348329204009
 31
0.0
  0
LINE
  5
21A3
330
D0C6
100
AcDbEntity
  8
TB_CORNERS
100
AcDbLine
 10
0.0
 20
0.0
 30
0.0
 11
0.0
 21
0.9999935999999822
 31
0.0
  0
LINE
  5
21A4
330
D0C6
100
AcDbEntity
  8
TB_CORNERS
100
AcDbLine
 10
0.9999936000003799
 20
0.0
 30
0.0
 11
0.0
 21
0.0
 31
0.0
  0
LINE
  5
21A5
330
D0C6
100
AcDbEntity
  8
TB_BORDER
100
AcDbLine
 10
30.6978326992794
 20
22.980132926208
 30
0.0
 11
1.02014138772029
 21
22.980132926208
 31
0.0
  0
LINE
  5
21A6
330
D0C6
100
AcDbEntity
  8
TB_BORDER
100
AcDbLine
 10
30.71798048699931
 20
22.9998528
 30
0.0
 11
0.9999936000003799
 21
22.9998528
 31
0.0
  0
LINE
  5
21A7
330
D0C6
100
AcDbEntity
  8
TB_CORNERS
100
AcDbLine
 10
0.0
 20
22.9998528
 30
0.0
 11
0.0
 21
23.9998464
 31
0.0
  0
LINE
  5
21A8
330
D0C6
100
AcDbEntity
  8
TB_CORNERS
100
AcDbLine
 10
0.9999936000003799
 20
23.9998464
 30
0.0
 11
0.0
 21
23.9998464
 31
0.0
  0
LINE
  5
21A9
330
D0C6
100
AcDbEntity
  8
TB_BORDER
100
AcDbLine
 10
30.6978326992794
 20
0.994354706712386
 30
0.0
 11
30.6978326992794
 21
22.980132926208
 31
0.0
  0
LINE
  5
21AA
330
D0C6
100
AcDbEntity
  8
TB_BORDER
100
AcDbLine
 10
30.71798048699931
 20
0.9746348329204009
 30
0.0
 11
30.71798048699931
 21
22.9998528
 31
0.0
  0
TEXT
  5
21AB
330
D0C6
100
AcDbEntity
  8
TB_TEXT4
100
AcDbText
 10
30.9698278334999
 20
1.71413010012043
 30
0.0
 40
0.14789905344
  1
drawing no.
 41
1.02169966697693
  7
ROMAND
100
AcDbText
  0
TEXT
  5
21AC
330
D0C6
100
AcDbEntity
  8
TB_TEXT4
100
AcDbText
 10
30.9698278334999
 20
2.20712694492039
 30
0.0
 40
0.14789905344
  1
date;
 41
1.02169966697693
  7
ROMAND
100
AcDbText
  0
TEXT
  5
21AD
330
D0C6
100
AcDbEntity
  8
TB_TEXT4
100
AcDbText
 10
30.9698278334999
 20
2.70012378972041
 30
0.0
 40
0.14789905344
  1
checked by;
 41
1.02169966697693
  7
ROMAND
100
AcDbText
  0
TEXT
  5
21AE
330
D0C6
100
AcDbEntity
  8
TB_TEXT4
100
AcDbText
 10
30.9698278334999
 20
3.193120634520429
 30
0.0
 40
0.14789905344
  1
drawn by;
 41
1.02169966697693
  7
ROMAND
100
AcDbText
  0
LINE
  5
21AF
330
D0C6
100
AcDbEntity
  8
TB_CORNERS
100
AcDbLine
 10
35.99976960000101
 20
0.0
 30
0.0
 11
35.99976960000101
 21
0.9999935999999822
 31
0.0
  0
LINE
  5
21B0
330
D0C6
100
AcDbEntity
  8
TB_CORNERS
100
AcDbLine
 10
35.99976960000101
 20
0.0
 30
0.0
 11
34.9997760000006
 21
0.0
 31
0.0
  0
TEXT
  5
21B1
330
D0C6
100
AcDbEntity
  8
TB_TEXT4
100
AcDbText
 10
30.9698278334999
 20
5.90460328092041
 30
0.0
 40
0.14789905344
  1
content
 41
1.02169966697693
  7
ROMAND
100
AcDbText
  0
TEXT
  5
21B2
330
D0C6
100
AcDbEntity
  8
TB_TEXT4
100
AcDbText
 10
30.9698278334999
 20
7.63009223772042
 30
0.0
 40
0.14789905344
  1
client
 41
1.02169966697693
  7
ROMAND
100
AcDbText
  0
TEXT
  5
21B3
330
D0C6
100
AcDbEntity
  8
TB_TEXT4
100
AcDbText
 10
30.9698278334999
 20
11.3275685737204
 30
0.0
 40
0.14789905344
  1
project
 41
1.02169966697693
  7
ROMAND
100
AcDbText
  0
LINE
  5
21B4
330
D0C6
100
AcDbEntity
  8
TB_INFORMATION
100
AcDbLine
 10
30.7180637846559
 20
13.1356565229114
 30
0.0
 11
35.0199540425456
 21
13.1356565229114
 31
0.0
  0
LINE
  5
21B5
330
D0C6
100
AcDbEntity
  8
TB_INFORMATION
100
AcDbLine
 10
30.7180637846559
 20
14.7132464262713
 30
0.0
 11
35.0199540425456
 21
14.7132464262713
 31
0.0
  0
LINE
  5
21B6
330
D0C6
100
AcDbEntity
  8
TB_INFORMATION
100
AcDbLine
 10
30.7180637846559
 20
14.3977284455993
 30
0.0
 11
35.0199540425456
 21
14.3977284455993
 31
0.0
  0
LINE
  5
21B7
330
D0C6
100
AcDbEntity
  8
TB_INFORMATION
100
AcDbLine
 10
30.7180637846559
 20
14.0822104649274
 30
0.0
 11
35.0199540425456
 21
14.0822104649274
 31
0.0
  0
LINE
  5
21B8
330
D0C6
100
AcDbEntity
  8
TB_INFORMATION
100
AcDbLine
 10
30.7180637846559
 20
13.7666924842553
 30
0.0
 11
35.0199540425456
 21
13.7666924842553
 31
0.0
  0
LINE
  5
21B9
330
D0C6
100
AcDbEntity
  8
TB_INFORMATION
100
AcDbLine
 10
30.7180637846559
 20
13.4511745035833
 30
0.0
 11
35.0199540425456
 21
13.4511745035833
 31
0.0
  0
LINE
  5
21BA
330
D0C6
100
AcDbEntity
  8
TB_INFORMATION
100
AcDbLine
 10
31.1242846538935
 20
14.7132464262713
 30
0.0
 11
31.1242846538935
 21
13.1356565229114
 31
0.0
  0
TEXT
  5
21BB
330
D0C6
100
AcDbEntity
  8
TB_TEXT4
100
AcDbText
 10
30.9533451386342
 20
12.7641514528588
 30
0.0
 40
0.21875
  1
revisions
 41
1.02169966697693
  7
ROMAND
100
AcDbText
  0
TEXT
  5
21BC
330
D0C6
100
AcDbEntity
  8
TB_TEXT4
100
AcDbText
 10
30.7923313119954
 20
13.2238133067448
 30
0.0
 40
0.0788794951680004
  1
REV
 41
1.02169966697693
100
AcDbText
  0
TEXT
  5
21BD
330
D0C6
100
AcDbEntity
  8
TB_TEXT4
100
AcDbText
 10
31.3560893604408
 20
13.2333604077097
 30
0.0
 40
0.0788794951680004
  1
REVISION
 41
1.02169966697693
100
AcDbText
  0
LINE
  5
21BE
330
D0C6
100
AcDbEntity
  8
TB_INFORMATION
100
AcDbLine
 10
35.0199540425456
 20
14.7132464262713
 30
0.0
 11
35.0199540425456
 21
13.1356565229114
 31
0.0
  0
LINE
  5
21BF
330
D0C6
100
AcDbEntity
  8
TB_INFORMATION
100
AcDbLine
 10
34.0398477347717
 20
14.7132464262713
 30
0.0
 11
34.0398477347717
 21
13.1356565229114
 31
0.0
  0
TEXT
  5
21C0
330
D0C6
100
AcDbEntity
  8
TB_TEXT4
100
AcDbText
 10
34.14112163569011
 20
13.2238133067448
 30
0.0
 40
0.0788794951680004
  1
DATE
 41
1.02169966697693
100
AcDbText
  0
TEXT
  5
21C1
330
D0C6
100
AcDbEntity
  8
TB_TEXT1
100
AcDbText
 10
31.1466789935075
 20
21.9714953774043
 30
0.0
 40
0.19719873792
  1
JBS ENGINEERING INC.
 41
1.02169966697693
  7
ROMANC
100
AcDbText
  0
TEXT
  5
21C2
330
D0C6
100
AcDbEntity
  8
TB_TEXT1
100
AcDbText
 10
31.509887035887
 20
21.5485498129182
 30
0.0
 40
0.14789905344
  1
CONSULTING ENGINEERS
 41
1.02169966697693
  7
ROMAND
100
AcDbText
  0
TEXT
  5
21C3
330
D0C6
100
AcDbEntity
  8
TB_TEXT1
100
AcDbText
 10
31.1408538025589
 20
20.689623918126
 30
0.0
 40
0.14789905344
  1
SASKATOON       SASKATCHEWAN
 41
1.02169966697693
  7
ROMAND
100
AcDbText
  0
LINE
  5
21C4
330
D0C6
100
AcDbEntity
  8
TB_CORNERS
100
AcDbLine
 10
35.99976960000101
 20
22.9998528
 30
0.0
 11
35.99976960000101
 21
23.9998464
 31
0.0
  0
LINE
  5
21C5
330
D0C6
100
AcDbEntity
  8
TB_CORNERS
100
AcDbLine
 10
35.99976960000101
 20
23.9998464
 30
0.0
 11
34.9997760000006
 21
23.9998464
 31
0.0
  0
ATTDEF
  5
21C6
102
{ACAD_XDICTIONARY
360
21C7
102
}
330
D0C6
100
AcDbEntity
  8
TB_TEXT3
100
AcDbText
 10
32.4124714002434
 20
0.9779851874061497
 30
0.0
 40
0.5
  1
####
  7
SANSERIF
 11
32.4124714002434
 21
1.477985187406149
 31
0.0
100
AcDbAttributeDefinition
280
     0
  3
X
  2
X
 70
     8
 74
     3
280
     0
  0
ATTDEF
  5
21CB
102
{ACAD_XDICTIONARY
360
21CC
102
}
330
D0C6
100
AcDbEntity
  8
TB_TEXT3
 62
     1
100
AcDbText
 10
33.2820011723761
 20
2.205952146530649
 30
0.0
 40
0.1249992
  1
JAN.  2003
  7
SANSERIF
100
AcDbAttributeDefinition
280
     0
  3
DATE
  2
DATE
 70
     8
280
     0
  0
ATTDEF
  5
21D0
102
{ACAD_XDICTIONARY
360
21D1
102
}
330
D0C6
100
AcDbEntity
  8
TB_TEXT3
 62
     1
100
AcDbText
 10
33.2820011723761
 20
2.730398083954299
 30
0.0
 40
0.1249992
  1
###
  7
SANSERIF
100
AcDbAttributeDefinition
280
     0
  3
CHECK
  2
CHECK
 70
     8
280
     0
  0
ATTDEF
  5
21D5
102
{ACAD_XDICTIONARY
360
21D6
102
}
330
D0C6
100
AcDbEntity
  8
TB_TEXT3
 62
     1
100
AcDbText
 10
33.2820011723761
 20
3.170973083753269
 30
0.0
 40
0.1249992
  1
###
  7
SANSERIF
100
AcDbAttributeDefinition
280
     0
  3
DRAW
  2
DRAW
 70
     8
280
     0
  0
ATTDEF
  5
21DA
102
{ACAD_XDICTIONARY
360
21DB
102
}
330
D0C6
100
AcDbEntity
  8
TB_TEXT3
 62
     1
 48
15.0
100
AcDbText
 10
31.2827882821587
 20
5.56666578629708
 30
0.0
 40
0.1875
  1
####
  7
SANSERIF
100
AcDbAttributeDefinition
280
     0
  3
SHEET_CONTENT1
  2
SHEET_CONTENT1
 70
     8
280
     0
  0
ATTDEF
  5
21DF
102
{ACAD_XDICTIONARY
360
21E0
102
}
330
D0C6
100
AcDbEntity
  8
TB_TEXT3
 62
     1
 48
15.0
100
AcDbText
 10
31.2827882821587
 20
5.26702586860161
 30
0.0
 40
0.1875
  1
####
  7
SANSERIF
100
AcDbAttributeDefinition
280
     0
  3
SHEET_CONTENT2
  2
SHEET_CONTENT2
 70
     8
280
     0
  0
ATTDEF
  5
21E4
102
{ACAD_XDICTIONARY
360
21E5
102
}
330
D0C6
100
AcDbEntity
  8
TB_TEXT3
 48
15.0
100
AcDbText
 10
31.2827882821587
 20
10.9896310790971
 30
0.0
 40
0.1875
  1
####
  7
SANSERIF
100
AcDbAttributeDefinition
280
     0
  3
PROJECT_NAME
  2
PROJECT_NAME
 70
     8
280
     0
  0
ATTDEF
  5
21E9
102
{ACAD_XDICTIONARY
360
21EA
102
}
330
D0C6
100
AcDbEntity
  8
TB_TEXT3
 48
15.0
100
AcDbText
 10
31.2827882821587
 20
10.6899911614016
 30
0.0
 40
0.1875
  1
####
  7
SANSERIF
100
AcDbAttributeDefinition
280
     0
  3
PROJECT_PHASE
  2
PROJECT_PHASE
 70
     8
280
     0
  0
ATTDEF
  5
21EE
102
{ACAD_XDICTIONARY
360
21EF
102
}
330
D0C6
100
AcDbEntity
  8
TB_TEXT3
 48
15.0
100
AcDbText
 10
31.2827882821587
 20
10.3903512437062
 30
0.0
 40
0.1875
  1
####
  7
SANSERIF
100
AcDbAttributeDefinition
280
     0
  3
PROJECT_STREET
  2
PROJECT_STREET
 70
     8
280
     0
  0
ATTDEF
  5
21F3
102
{ACAD_XDICTIONARY
360
21F4
102
}
330
D0C6
100
AcDbEntity
  8
TB_TEXT3
 48
15.0
100
AcDbText
 10
31.2827882821587
 20
10.0907113260107
 30
0.0
 40
0.1875
  1
####,  ####  ####
  7
SANSERIF
100
AcDbAttributeDefinition
280
     0
  3
PROJECT_CITY
  2
PROJECT_CITY
 70
     8
280
     0
  0
ATTDEF
  5
21FA
102
{ACAD_XDICTIONARY
360
21FB
102
}
330
D0C6
100
AcDbEntity
  8
TB_TEXT3
 48
15.0
100
AcDbText
 10
31.2827882821587
 20
7.292154743097089
 30
0.0
 40
0.1875
  1
####
  7
SANSERIF
100
AcDbAttributeDefinition
280
     0
  3
CLIENT_NAME
  2
CLIENT_NAME
 70
     8
280
     0
  0
ATTDEF
  5
21FF
102
{ACAD_XDICTIONARY
360
2200
102
}
330
D0C6
100
AcDbEntity
  8
TB_TEXT3
 48
15.0
100
AcDbText
 10
31.2827882821587
 20
6.99251482540161
 30
0.0
 40
0.1875
  1
####
  7
SANSERIF
100
AcDbAttributeDefinition
280
     0
  3
CLIENT_STREET
  2
CLIENT_STREET
 70
     8
280
     0
  0
ATTDEF
  5
2204
102
{ACAD_XDICTIONARY
360
2205
102
}
330
D0C6
100
AcDbEntity
  8
TB_TEXT3
 48
15.0
100
AcDbText
 10
31.2827882821587
 20
6.692874907706139
 30
0.0
 40
0.1875
  1
####,  ####  ####
  7
SANSERIF
100
AcDbAttributeDefinition
280
     0
  3
CLIENT_CITY
  2
CLIENT_CITY
 70
     8
280
     0
  0
ENDBLK
  5
D0F9
330
D0C6
100
AcDbEntity
  8
0
100
AcDbBlockEnd
  0
BLOCK
  5
2219
330
D0C7
100
AcDbEntity
  8
0
100
AcDbBlockBegin
  2
DRAWING TITLE
 70
     2
 10
0.0
 20
0.0
 30
0.0
  3
DRAWING TITLE
  1

  0
LINE
  5
222C
330
D0C7
100
AcDbEntity
  8
0
100
AcDbLine
 10
0.8423254830985559
 20
-0.5126107372528001
 30
0.0
 11
2.34232548309856
 21
-0.5126107372528001
 31
0.0
1001
AcDbBlockRepETag
1070
     1
1071
        5
1005
222C
  0
CIRCLE
  5
221A
330
D0C7
100
AcDbEntity
  8
0
370
    25
100
AcDbCircle
 10
0.5923254830985561
 20
-0.5126107372528001
 30
0.0
 40
0.25
1001
AcDbBlockRepETag
1070
     1
1071
        0
1005
221A
  0
MTEXT
  5
221B
102
{ACAD_XDICTIONARY
360
221C
102
}
330
D0C7
100
AcDbEntity
  8
0
100
AcDbMText
 10
0.9522509556037521
 20
-0.5907107372528
 30
0.0
 40
0.09375
 41
0.3916254937648771
 46
0.0
 71
     1
 72
     5
  1
Scale: 
  7
SANSSERIFBOLD
 73
     1
 44
1.0
1001
AcDbBlockRepETag
1070
     1
1071
        1
1005
221B
  0
ATTDEF
  5
221D
102
{ACAD_XDICTIONARY
360
221E
102
}
330
D0C7
100
AcDbEntity
  8
0
 48
15.0
100
AcDbText
 10
-0.3008389622106665
 20
-0.6046140316494761
 30
0.0
 40
0.1875
  1
VIEWNUMBER
  7
SANSSERIFBOLD
 72
     1
 11
0.592165153015671
 21
-0.5108640316494761
 31
0.0
100
AcDbAttributeDefinition
280
     0
  3
#
  2
#
 70
     8
 74
     2
280
     0
1001
AcDbBlockRepETag
1070
     1
1071
        2
1005
221D
  0
ATTDEF
  5
2222
102
{ACAD_XDICTIONARY
360
2223
102
}
330
D0C7
100
AcDbEntity
  8
0
 48
15.0
100
AcDbText
 10
0.9421651530156708
 20
-0.4542796695095584
 30
0.0
 40
0.1875
  1
VIEWTITLE
  7
SANSSERIFBOLD
 11
0.9421651530156708
 21
-0.5108640316494761
 31
0.0
100
AcDbAttributeDefinition
280
     0
  3
VIEWNAME
  2
VIEWNAME
 70
     8
 74
     1
280
     0
1001
AcDbBlockRepETag
1070
     1
1071
        3
1005
2222
  0
ATTDEF
  5
2227
102
{ACAD_XDICTIONARY
360
2228
102
}
330
D0C7
100
AcDbEntity
  8
0
 48
15.0
100
AcDbText
 10
1.361696403015669
 20
-0.6827390316494761
 30
0.0
 40
0.09375
  1
ViewportScale
  7
SANSSERIFBOLD
 11
1.361696403015669
 21
-0.5889890316494761
 31
0.0
100
AcDbAttributeDefinition
280
     0
  3
VPSCALE
  2
VPSCALE
 70
     8
 74
     3
280
     0
1001
AcDbBlockRepETag
1070
     1
1071
        4
1005
2227
  0
ENDBLK
  5
D0FA
330
D0C7
100
AcDbEntity
  8
0
100
AcDbBlockEnd
  0
BLOCK
  5
222F
330
D0C8
100
AcDbEntity
  8
0
100
AcDbBlockBegin
  2
*B8
 70
     3
 10
0.0
 20
0.0
 30
0.0
  3
*B8
  1

  0
CIRCLE
  5
2230
330
D0C8
100
AcDbEntity
  8
0
  6
Continuous
370
    25
100
AcDbCircle
 10
0.5923254830985561
 20
-0.5126107372528001
 30
0.0
 40
0.25
1001
AcDbBlockRepETag
1070
     1
1071
        0
1005
2230
  0
MTEXT
  5
2231
102
{ACAD_XDICTIONARY
360
2232
102
}
330
D0C8
100
AcDbEntity
  8
0
100
AcDbMText
 10
0.9522509556037521
 20
-0.5907107372528
 30
0.0
 40
0.09375
 41
0.3916254937648771
 46
0.0
 71
     1
 72
     5
  1
Scale:
  7
SANSSERIFBOLD
 73
     1
 44
1.0
1001
AcDbBlockRepETag
1070
     1
1071
        1
1005
2231
  0
ATTDEF
  5
2233
102
{ACAD_XDICTIONARY
360
2234
102
}
330
D0C8
100
AcDbEntity
  8
0
 48
15.0
100
AcDbText
 10
-0.3008389622106665
 20
-0.6046140316494761
 30
0.0
 40
0.1875
  1
VIEWNUMBER
  7
SANSSERIFBOLD
 72
     1
 11
0.592165153015671
 21
-0.5108640316494761
 31
0.0
100
AcDbAttributeDefinition
280
     0
  3
#
  2
#
 70
     8
 74
     2
280
     0
1001
AcDbBlockRepETag
1070
     1
1071
        2
1005
2233
  0
ATTDEF
  5
2238
102
{ACAD_XDICTIONARY
360
2239
102
}
330
D0C8
100
AcDbEntity
  8
0
 48
15.0
100
AcDbText
 10
0.9421651530156708
 20
-0.4542796695095584
 30
0.0
 40
0.1875
  1
VIEWTITLE
  7
SANSSERIFBOLD
 11
0.9421651530156708
 21
-0.5108640316494761
 31
0.0
100
AcDbAttributeDefinition
280
     0
  3
VIEWNAME
  2
VIEWNAME
 70
     8
 74
     1
280
     0
1001
AcDbBlockRepETag
1070
     1
1071
        3
1005
2238
  0
ATTDEF
  5
223D
102
{ACAD_XDICTIONARY
360
223E
102
}
330
D0C8
100
AcDbEntity
  8
0
 48
15.0
100
AcDbText
 10
1.361696403015669
 20
-0.6827390316494761
 30
0.0
 40
0.09375
  1
ViewportScale
  7
SANSSERIFBOLD
 11
1.361696403015669
 21
-0.5889890316494761
 31
0.0
100
AcDbAttributeDefinition
280
     0
  3
VPSCALE
  2
VPSCALE
 70
     8
 74
     3
280
     0
1001
AcDbBlockRepETag
1070
     1
1071
        4
1005
223D
  0
LINE
  5
2242
330
D0C8
100
AcDbEntity
  8
0
  6
Continuous
100
AcDbLine
 10
0.8423254830985559
 20
-0.5126107372528001
 30
0.0
 11
2.1159189637018
 21
-0.5126107372528001
 31
0.0
1001
AcDbBlockRepETag
1070
     1
1071
        5
1005
2242
  0
ENDBLK
  5
D0FB
330
D0C8
100
AcDbEntity
  8
0
100
AcDbBlockEnd
  0
BLOCK
  5
2245
330
D0C9
100
AcDbEntity
  8
0
100
AcDbBlockBegin
  2
*B9
 70
     3
 10
0.0
 20
0.0
 30
0.0
  3
*B9
  1

  0
CIRCLE
  5
2246
330
D0C9
100
AcDbEntity
  8
0
  6
Continuous
370
    25
100
AcDbCircle
 10
0.5923254830985561
 20
-0.5126107372528001
 30
0.0
 40
0.25
1001
AcDbBlockRepETag
1070
     1
1071
        0
1005
2246
  0
MTEXT
  5
2247
102
{ACAD_XDICTIONARY
360
2248
102
}
330
D0C9
100
AcDbEntity
  8
0
100
AcDbMText
 10
0.9522509556037521
 20
-0.5907107372528
 30
0.0
 40
0.09375
 41
0.3916254937648771
 46
0.0
 71
     1
 72
     5
  1
Scale:
  7
SANSSERIFBOLD
 73
     1
 44
1.0
1001
AcDbBlockRepETag
1070
     1
1071
        1
1005
2247
  0
ATTDEF
  5
2249
102
{ACAD_XDICTIONARY
360
224A
102
}
330
D0C9
100
AcDbEntity
  8
0
 48
15.0
100
AcDbText
 10
-0.3008389622106665
 20
-0.6046140316494761
 30
0.0
 40
0.1875
  1
VIEWNUMBER
  7
SANSSERIFBOLD
 72
     1
 11
0.592165153015671
 21
-0.5108640316494761
 31
0.0
100
AcDbAttributeDefinition
280
     0
  3
#
  2
#
 70
     8
 74
     2
280
     0
1001
AcDbBlockRepETag
1070
     1
1071
        2
1005
2249
  0
ATTDEF
  5
224E
102
{ACAD_XDICTIONARY
360
224F
102
}
330
D0C9
100
AcDbEntity
  8
0
 48
15.0
100
AcDbText
 10
0.9421651530156708
 20
-0.4542796695095584
 30
0.0
 40
0.1875
  1
VIEWTITLE
  7
SANSSERIFBOLD
 11
0.9421651530156708
 21
-0.5108640316494761
 31
0.0
100
AcDbAttributeDefinition
280
     0
  3
VIEWNAME
  2
VIEWNAME
 70
     8
 74
     1
280
     0
1001
AcDbBlockRepETag
1070
     1
1071
        3
1005
224E
  0
ATTDEF
  5
2253
102
{ACAD_XDICTIONARY
360
2254
102
}
330
D0C9
100
AcDbEntity
  8
0
 48
15.0
100
AcDbText
 10
1.361696403015669
 20
-0.6827390316494761
 30
0.0
 40
0.09375
  1
ViewportScale
  7
SANSSERIFBOLD
 11
1.361696403015669
 21
-0.5889890316494761
 31
0.0
100
AcDbAttributeDefinition
280
     0
  3
VPSCALE
  2
VPSCALE
 70
     8
 74
     3
280
     0
1001
AcDbBlockRepETag
1070
     1
1071
        4
1005
2253
  0
LINE
  5
2258
330
D0C9
100
AcDbEntity
  8
0
  6
Continuous
100
AcDbLine
 10
0.8423254830985559
 20
-0.5126107372528001
 30
0.0
 11
2.117012414062909
 21
-0.5126107372528001
 31
0.0
1001
AcDbBlockRepETag
1070
     1
1071
        5
1005
2258
  0
ENDBLK
  5
D0FC
330
D0C9
100
AcDbEntity
  8
0
100
AcDbBlockEnd
  0
BLOCK
  5
225B
330
D0CA
100
AcDbEntity
  8
0
100
AcDbBlockBegin
  2
*B10
 70
     3
 10
0.0
 20
0.0
 30
0.0
  3
*B10
  1

  0
CIRCLE
  5
225C
330
D0CA
100
AcDbEntity
  8
0
  6
Continuous
370
    25
100
AcDbCircle
 10
0.5923254830985561
 20
-0.5126107372528001
 30
0.0
 40
0.25
1001
AcDbBlockRepETag
1070
     1
1071
        0
1005
225C
  0
MTEXT
  5
225D
102
{ACAD_XDICTIONARY
360
225E
102
}
330
D0CA
100
AcDbEntity
  8
0
100
AcDbMText
 10
0.9522509556037521
 20
-0.5907107372528
 30
0.0
 40
0.09375
 41
0.3916254937648771
 46
0.0
 71
     1
 72
     5
  1
Scale:
  7
SANSSERIFBOLD
 73
     1
 44
1.0
1001
AcDbBlockRepETag
1070
     1
1071
        1
1005
225D
  0
ATTDEF
  5
225F
102
{ACAD_XDICTIONARY
360
2260
102
}
330
D0CA
100
AcDbEntity
  8
0
 48
15.0
100
AcDbText
 10
-0.3008389622106665
 20
-0.6046140316494761
 30
0.0
 40
0.1875
  1
VIEWNUMBER
  7
SANSSERIFBOLD
 72
     1
 11
0.592165153015671
 21
-0.5108640316494761
 31
0.0
100
AcDbAttributeDefinition
280
     0
  3
#
  2
#
 70
     8
 74
     2
280
     0
1001
AcDbBlockRepETag
1070
     1
1071
        2
1005
225F
  0
ATTDEF
  5
2264
102
{ACAD_XDICTIONARY
360
2265
102
}
330
D0CA
100
AcDbEntity
  8
0
 48
15.0
100
AcDbText
 10
0.9421651530156708
 20
-0.4542796695095584
 30
0.0
 40
0.1875
  1
VIEWTITLE
  7
SANSSERIFBOLD
 11
0.9421651530156708
 21
-0.5108640316494761
 31
0.0
100
AcDbAttributeDefinition
280
     0
  3
VIEWNAME
  2
VIEWNAME
 70
     8
 74
     1
280
     0
1001
AcDbBlockRepETag
1070
     1
1071
        3
1005
2264
  0
ATTDEF
  5
2269
102
{ACAD_XDICTIONARY
360
226A
102
}
330
D0CA
100
AcDbEntity
  8
0
 48
15.0
100
AcDbText
 10
1.361696403015669
 20
-0.6827390316494761
 30
0.0
 40
0.09375
  1
ViewportScale
  7
SANSSERIFBOLD
 11
1.361696403015669
 21
-0.5889890316494761
 31
0.0
100
AcDbAttributeDefinition
280
     0
  3
VPSCALE
  2
VPSCALE
 70
     8
 74
     3
280
     0
1001
AcDbBlockRepETag
1070
     1
1071
        4
1005
2269
  0
LINE
  5
226E
330
D0CA
100
AcDbEntity
  8
0
  6
Continuous
100
AcDbLine
 10
0.8423254830985559
 20
-0.5126107372528001
 30
0.0
 11
1.927220680156389
 21
-0.5126107372528001
 31
0.0
1001
AcDbBlockRepETag
1070
     1
1071
        5
1005
226E
  0
ENDBLK
  5
D0FD
330
D0CA
100
AcDbEntity
  8
0
100
AcDbBlockEnd
  0
BLOCK
  5
2271
330
D0CB
100
AcDbEntity
  8
0
100
AcDbBlockBegin
  2
*B11
 70
     3
 10
0.0
 20
0.0
 30
0.0
  3
*B11
  1

  0
CIRCLE
  5
2272
330
D0CB
100
AcDbEntity
  8
0
  6
Continuous
370
    25
100
AcDbCircle
 10
0.5923254830985561
 20
-0.5126107372528001
 30
0.0
 40
0.25
1001
AcDbBlockRepETag
1070
     1
1071
        0
1005
2272
  0
MTEXT
  5
2273
102
{ACAD_XDICTIONARY
360
2274
102
}
330
D0CB
100
AcDbEntity
  8
0
100
AcDbMText
 10
0.9522509556037521
 20
-0.5907107372528
 30
0.0
 40
0.09375
 41
0.3916254937648771
 46
0.0
 71
     1
 72
     5
  1
Scale:
  7
SANSSERIFBOLD
 73
     1
 44
1.0
1001
AcDbBlockRepETag
1070
     1
1071
        1
1005
2273
  0
ATTDEF
  5
2275
102
{ACAD_XDICTIONARY
360
2276
102
}
330
D0CB
100
AcDbEntity
  8
0
 48
15.0
100
AcDbText
 10
-0.3008389622106665
 20
-0.6046140316494761
 30
0.0
 40
0.1875
  1
VIEWNUMBER
  7
SANSSERIFBOLD
 72
     1
 11
0.592165153015671
 21
-0.5108640316494761
 31
0.0
100
AcDbAttributeDefinition
280
     0
  3
#
  2
#
 70
     8
 74
     2
280
     0
1001
AcDbBlockRepETag
1070
     1
1071
        2
1005
2275
  0
ATTDEF
  5
227A
102
{ACAD_XDICTIONARY
360
227B
102
}
330
D0CB
100
AcDbEntity
  8
0
 48
15.0
100
AcDbText
 10
0.9421651530156708
 20
-0.4542796695095584
 30
0.0
 40
0.1875
  1
VIEWTITLE
  7
SANSSERIFBOLD
 11
0.9421651530156708
 21
-0.5108640316494761
 31
0.0
100
AcDbAttributeDefinition
280
     0
  3
VIEWNAME
  2
VIEWNAME
 70
     8
 74
     1
280
     0
1001
AcDbBlockRepETag
1070
     1
1071
        3
1005
227A
  0
ATTDEF
  5
227F
102
{ACAD_XDICTIONARY
360
2280
102
}
330
D0CB
100
AcDbEntity
  8
0
 48
15.0
100
AcDbText
 10
1.361696403015669
 20
-0.6827390316494761
 30
0.0
 40
0.09375
  1
ViewportScale
  7
SANSSERIFBOLD
 11
1.361696403015669
 21
-0.5889890316494761
 31
0.0
100
AcDbAttributeDefinition
280
     0
  3
VPSCALE
  2
VPSCALE
 70
     8
 74
     3
280
     0
1001
AcDbBlockRepETag
1070
     1
1071
        4
1005
227F
  0
LINE
  5
2284
330
D0CB
100
AcDbEntity
  8
0
  6
Continuous
100
AcDbLine
 10
0.8423254830985559
 20
-0.5126107372528001
 30
0.0
 11
1.93542138353747
 21
-0.5126107372528001
 31
0.0
1001
AcDbBlockRepETag
1070
     1
1071
        5
1005
2284
  0
ENDBLK
  5
D0FE
330
D0CB
100
AcDbEntity
  8
0
100
AcDbBlockEnd
  0
BLOCK
  5
323A
330
D0CC
100
AcDbEntity
  8
0
100
AcDbBlockBegin
  2
_DETAILCALLOUT
 70
     2
 10
0.0
 20
0.0
 30
0.0
  3
_DETAILCALLOUT
  1

  0
CIRCLE
  5
3236
330
D0CC
100
AcDbEntity
  8
0
  6
ByBlock
 62
     0
370
    -2
100
AcDbCircle
 10
0.0000000000000213
 20
0.0000000000000089
 30
0.0
 40
0.25
  0
LINE
  5
3237
330
D0CC
100
AcDbEntity
  8
0
  6
ByBlock
 62
     0
370
    -2
100
AcDbLine
 10
0.250000000000036
 20
0.0000000000000089
 30
0.0
 11
-0.249999999999979
 21
0.0000000000000089
 31
0.0
  0
ATTDEF
  5
3238
330
D0CC
100
AcDbEntity
  8
Mleader
 62
     0
100
AcDbText
 10
-0.4465020576131474
 20
0.0208333333333357
 30
0.0
 40
0.09375
  1
VIEWNUMBER
 72
     1
 11
0.0000000000000213
 21
0.0208333333333357
 31
0.0
100
AcDbAttributeDefinition
280
     0
  3
VIEWNUMBER
  2
VIEWNUMBER
 70
     0
280
     0
  0
ATTDEF
  5
3239
330
D0CC
100
AcDbEntity
  8
Mleader
 62
     0
100
AcDbText
 10
-0.4965277777777566
 20
-0.156249999999991
 30
0.0
 40
0.09375
  1
SHEETNUMBER
 72
     1
 11
0.0000000000000213
 21
-0.156249999999991
 31
0.0
100
AcDbAttributeDefinition
280
     0
  3
SHEETNUMBER
  2
SHEETNUMBER
 70
     0
280
     0
  0
ENDBLK
  5
D0FF
330
D0CC
100
AcDbEntity
  8
0
100
AcDbBlockEnd
  0
BLOCK
  5
CBC4
330
D0CD
100
AcDbEntity
  8
0
100
AcDbBlockBegin
  2
*D13
 70
     1
 10
0.0
 20
0.0
 30
0.0
  3
*D13
  1

  0
LINE
  5
CBC6
330
D0CD
100
AcDbEntity
  8
Dim
440
 16777216
370
    -2
100
AcDbLine
 10
144.741855603816
 20
286.704991504466
 30
0.0
 11
144.741855603816
 21
288.106417917473
 31
0.0
  0
LINE
  5
CBC7
330
D0CD
100
AcDbEntity
  8
Dim
440
 16777216
370
    -2
100
AcDbLine
 10
36.7418556038155
 20
286.704991504466
 30
0.0
 11
36.7418556038155
 21
288.106417917473
 31
0.0
  0
LINE
  5
CBC8
330
D0CD
100
AcDbEntity
  8
Dim
440
 16777216
370
    -2
100
AcDbLine
 10
144.835605603816
 20
283.606417917473
 30
0.0
 11
115.407034175244
 21
283.606417917473
 31
0.0
  0
LINE
  5
CBC9
330
D0CD
100
AcDbEntity
  8
Dim
440
 16777216
370
    -2
100
AcDbLine
 10
36.6481056038155
 20
283.606417917473
 30
0.0
 11
66.07667703238689
 21
283.606417917473
 31
0.0
  0
INSERT
  5
CBCA
330
D0CD
100
AcDbEntity
  8
Dim
440
 16777216
370
    -2
100
AcDbBlockReference
  2
_ARCHTICK
 10
144.741855603816
 20
283.606417917473
 30
0.0
 41
4.5
 42
4.5
 43
4.5
  0
INSERT
  5
CBCB
330
D0CD
100
AcDbEntity
  8
Dim
440
 16777216
370
    -2
100
AcDbBlockReference
  2
_ARCHTICK
 10
36.7418556038155
 20
283.606417917473
 30
0.0
 41
4.5
 42
4.5
 43
4.5
 50
180.0
  0
MTEXT
  5
CBCC
330
D0CD
100
AcDbEntity
  8
Dim
440
 16777216
100
AcDbMText
 10
90.74185560381549
 20
283.606417917473
 30
0.0
 40
3.75
 41
0.0
 46
0.0
 71
     5
 72
     5
  1
\A1;9'-0" [2743]
  7
ROMANS
 73
     1
 44
1.0
  0
POINT
  5
CBCD
330
D0CD
100
AcDbEntity
  8
DEFPOINTS
 62
     0
440
 16777216
100
AcDbPoint
 10
144.741855603816
 20
282.204991504466
 30
0.0
  0
POINT
  5
CBCE
330
D0CD
100
AcDbEntity
  8
DEFPOINTS
 62
     0
440
 16777216
100
AcDbPoint
 10
36.7418556038155
 20
282.204991504466
 30
0.0
  0
POINT
  5
CBCF
330
D0CD
100
AcDbEntity
  8
DEFPOINTS
 62
     0
440
 16777216
100
AcDbPoint
 10
36.7418556038155
 20
283.606417917473
 30
0.0
  0
ENDBLK
  5
D100
330
D0CD
100
AcDbEntity
  8
0
100
AcDbBlockEnd
  0
BLOCK
  5
CBD1
330
D0CE
100
AcDbEntity
  8
0
100
AcDbBlockBegin
  2
*D14
 70
     1
 10
0.0
 20
0.0
 30
0.0
  3
*D14
  1

  0
LINE
  5
CBD3
330
D0CE
100
AcDbEntity
  8
Dim
440
 16777216
370
    -2
100
AcDbLine
 10
144.741855603816
 20
268.473237563507
 30
0.0
 11
144.741855603816
 21
268.164879398704
 31
0.0
  0
LINE
  5
CBD4
330
D0CE
100
AcDbEntity
  8
Dim
440
 16777216
370
    -2
100
AcDbLine
 10
40.74185560381549
 20
268.473237563507
 30
0.0
 11
40.74185560381549
 21
268.164879398704
 31
0.0
  0
LINE
  5
CBD5
330
D0CE
100
AcDbEntity
  8
Dim
440
 16777216
370
    -2
100
AcDbLine
 10
144.835605603816
 20
272.664879398704
 30
0.0
 11
117.407034175244
 21
272.664879398704
 31
0.0
  0
LINE
  5
CBD6
330
D0CE
100
AcDbEntity
  8
Dim
440
 16777216
370
    -2
100
AcDbLine
 10
40.6481056038155
 20
272.664879398704
 30
0.0
 11
68.07667703238689
 21
272.664879398704
 31
0.0
  0
INSERT
  5
CBD7
330
D0CE
100
AcDbEntity
  8
Dim
440
 16777216
370
    -2
100
AcDbBlockReference
  2
_ARCHTICK
 10
144.741855603816
 20
272.664879398704
 30
0.0
 41
4.5
 42
4.5
 43
4.5
  0
INSERT
  5
CBD8
330
D0CE
100
AcDbEntity
  8
Dim
440
 16777216
370
    -2
100
AcDbBlockReference
  2
_ARCHTICK
 10
40.74185560381549
 20
272.664879398704
 30
0.0
 41
4.5
 42
4.5
 43
4.5
 50
180.0
  0
MTEXT
  5
CBD9
330
D0CE
100
AcDbEntity
  8
Dim
440
 16777216
100
AcDbMText
 10
92.7418556038155
 20
272.664879398704
 30
0.0
 40
3.75
 41
0.0
 46
0.0
 71
     5
 72
     5
  1
\A1;8'-8" [2642]
  7
ROMANS
 73
     1
 44
1.0
  0
POINT
  5
CBDA
330
D0CE
100
AcDbEntity
  8
DEFPOINTS
 62
     0
440
 16777216
100
AcDbPoint
 10
144.741855603816
 20
272.973237563507
 30
0.0
  0
POINT
  5
CBDB
330
D0CE
100
AcDbEntity
  8
DEFPOINTS
 62
     0
440
 16777216
100
AcDbPoint
 10
40.74185560381549
 20
272.973237563507
 30
0.0
  0
POINT
  5
CBDC
330
D0CE
100
AcDbEntity
  8
DEFPOINTS
 62
     0
440
 16777216
100
AcDbPoint
 10
40.74185560381549
 20
272.664879398704
 30
0.0
  0
ENDBLK
  5
D101
330
D0CE
100
AcDbEntity
  8
0
100
AcDbBlockEnd
  0
BLOCK
  5
CBDE
330
D0CF
100
AcDbEntity
  8
0
100
AcDbBlockBegin
  2
*D15
 70
     1
 10
0.0
 20
0.0
 30
0.0
  3
*D15
  1

  0
LINE
  5
CBE0
330
D0CF
100
AcDbEntity
  8
Dim
440
 16777216
370
    -2
100
AcDbLine
 10
40.74185560381549
 20
272.664879398704
 30
0.0
 11
45.2418556038155
 21
272.664879398704
 31
0.0
  0
LINE
  5
CBE1
330
D0CF
100
AcDbEntity
  8
Dim
440
 16777216
370
    -2
100
AcDbLine
 10
36.7418556038155
 20
272.664879398704
 30
0.0
 11
4.28649846095832
 21
272.664879398704
 31
0.0
  0
INSERT
  5
CBE2
330
D0CF
100
AcDbEntity
  8
Dim
440
 16777216
370
    -2
100
AcDbBlockReference
  2
_ARCHTICK
 10
40.74185560381549
 20
272.664879398704
 30
0.0
 41
4.5
 42
4.5
 43
4.5
 50
180.0
  0
INSERT
  5
CBE3
330
D0CF
100
AcDbEntity
  8
Dim
440
 16777216
370
    -2
100
AcDbBlockReference
  2
_ARCHTICK
 10
36.7418556038155
 20
272.664879398704
 30
0.0
 41
4.5
 42
4.5
 43
4.5
  0
MTEXT
  5
CBE4
330
D0CF
100
AcDbEntity
  8
Dim
440
 16777216
100
AcDbMText
 10
16.0141770323869
 20
277.897022255847
 30
0.0
 40
3.75
 41
0.0
 46
0.0
 71
     5
 72
     5
  1
\A1;0'-4"
  7
ROMANS
 73
     1
 44
1.0
  0
MTEXT
  5
CBE5
330
D0CF
100
AcDbEntity
  8
Dim
440
 16777216
100
AcDbMText
 10
16.0141770323869
 20
266.807736541561
 30
0.0
 40
3.75
 41
0.0
 46
0.0
 71
     5
 72
     5
  1
\A1;[102]
  7
ROMANS
 73
     1
 44
1.0
  0
POINT
  5
CBE6
330
D0CF
100
AcDbEntity
  8
DEFPOINTS
 62
     0
440
 16777216
100
AcDbPoint
 10
40.74185560381549
 20
272.664879398704
 30
0.0
  0
POINT
  5
CBE7
330
D0CF
100
AcDbEntity
  8
DEFPOINTS
 62
     0
440
 16777216
100
AcDbPoint
 10
36.7418556038155
 20
272.664879398704
 30
0.0
  0
POINT
  5
CBE8
330
D0CF
100
AcDbEntity
  8
DEFPOINTS
 62
     0
440
 16777216
100
AcDbPoint
 10
36.7418556038155
 20
272.664879398704
 30
0.0
  0
ENDBLK
  5
D102
330
D0CF
100
AcDbEntity
  8
0
100
AcDbBlockEnd
  0
BLOCK
  5
CBEA
330
D0D0
100
AcDbEntity
  8
0
100
AcDbBlockBegin
  2
*D16
 70
     1
 10
0.0
 20
0.0
 30
0.0
  3
*D16
  1

  0
LINE
  5
CBEC
330
D0D0
100
AcDbEntity
  8
Dim
440
 16777216
370
    -2
100
AcDbLine
 10
144.741855603816
 20
272.664879398704
 30
0.0
 11
140.241855603816
 21
272.664879398704
 31
0.0
  0
LINE
  5
CBED
330
D0D0
100
AcDbEntity
  8
Dim
440
 16777216
370
    -2
100
AcDbLine
 10
156.741855603816
 20
272.664879398704
 30
0.0
 11
188.581141318101
 21
272.664879398704
 31
0.0
  0
INSERT
  5
CBEE
330
D0D0
100
AcDbEntity
  8
Dim
440
 16777216
370
    -2
100
AcDbBlockReference
  2
_ARCHTICK
 10
144.741855603816
 20
272.664879398704
 30
0.0
 41
4.5
 42
4.5
 43
4.5
  0
INSERT
  5
CBEF
330
D0D0
100
AcDbEntity
  8
Dim
440
 16777216
370
    -2
100
AcDbBlockReference
  2
_ARCHTICK
 10
156.741855603816
 20
272.664879398704
 30
0.0
 41
4.5
 42
4.5
 43
4.5
 50
180.0
  0
MTEXT
  5
CBF0
330
D0D0
100
AcDbEntity
  8
Dim
440
 16777216
100
AcDbMText
 10
177.1614984609579
 20
277.897022255847
 30
0.0
 40
3.75
 41
0.0
 46
0.0
 71
     5
 72
     5
  1
\A1;1'-0"
  7
ROMANS
 73
     1
 44
1.0
  0
MTEXT
  5
CBF1
330
D0D0
100
AcDbEntity
  8
Dim
440
 16777216
100
AcDbMText
 10
177.1614984609579
 20
266.807736541561
 30
0.0
 40
3.75
 41
0.0
 46
0.0
 71
     5
 72
     5
  1
\A1;[305]
  7
ROMANS
 73
     1
 44
1.0
  0
POINT
  5
CBF2
330
D0D0
100
AcDbEntity
  8
DEFPOINTS
 62
     0
440
 16777216
100
AcDbPoint
 10
144.741855603816
 20
272.664879398704
 30
0.0
  0
POINT
  5
CBF3
330
D0D0
100
AcDbEntity
  8
DEFPOINTS
 62
     0
440
 16777216
100
AcDbPoint
 10
156.741855603816
 20
272.664879398704
 30
0.0
  0
POINT
  5
CBF4
330
D0D0
100
AcDbEntity
  8
DEFPOINTS
 62
     0
440
 16777216
100
AcDbPoint
 10
156.741855603816
 20
272.664879398704
 30
0.0
  0
ENDBLK
  5
D103
330
D0D0
100
AcDbEntity
  8
0
100
AcDbBlockEnd
  0
BLOCK
  5
CBF6
330
D0D1
100
AcDbEntity
  8
0
100
AcDbBlockBegin
  2
*D17
 70
     1
 10
0.0
 20
0.0
 30
0.0
  3
*D17
  1

  0
LINE
  5
CBF8
330
D0D1
100
AcDbEntity
  8
Dim
440
 16777216
370
    -2
100
AcDbLine
 10
36.7418556038155
 20
75.18851797106771
 30
0.0
 11
36.7418556038155
 21
58.9348967645794
 31
0.0
  0
LINE
  5
CBF9
330
D0D1
100
AcDbEntity
  8
Dim
440
 16777216
370
    -2
100
AcDbLine
 10
144.741855603816
 20
75.18851797106771
 30
0.0
 11
144.741855603816
 21
58.9348967645794
 31
0.0
  0
LINE
  5
CBFA
330
D0D1
100
AcDbEntity
  8
Dim
440
 16777216
370
    -2
100
AcDbLine
 10
36.6481056038155
 20
63.4348967645794
 30
0.0
 11
66.07667703238689
 21
63.4348967645794
 31
0.0
  0
LINE
  5
CBFB
330
D0D1
100
AcDbEntity
  8
Dim
440
 16777216
370
    -2
100
AcDbLine
 10
144.835605603816
 20
63.4348967645794
 30
0.0
 11
115.407034175244
 21
63.4348967645794
 31
0.0
  0
INSERT
  5
CBFC
330
D0D1
100
AcDbEntity
  8
Dim
440
 16777216
370
    -2
100
AcDbBlockReference
  2
_ARCHTICK
 10
36.7418556038155
 20
63.4348967645794
 30
0.0
 41
4.5
 42
4.5
 43
4.5
 50
180.0
  0
INSERT
  5
CBFD
330
D0D1
100
AcDbEntity
  8
Dim
440
 16777216
370
    -2
100
AcDbBlockReference
  2
_ARCHTICK
 10
144.741855603816
 20
63.4348967645794
 30
0.0
 41
4.5
 42
4.5
 43
4.5
  0
MTEXT
  5
CBFE
330
D0D1
100
AcDbEntity
  8
Dim
440
 16777216
100
AcDbMText
 10
90.74185560381549
 20
63.4348967645794
 30
0.0
 40
3.75
 41
0.0
 46
0.0
 71
     5
 72
     5
  1
\A1;9'-0" [2743]
  7
ROMANS
 73
     1
 44
1.0
  0
POINT
  5
CBFF
330
D0D1
100
AcDbEntity
  8
DEFPOINTS
 62
     0
440
 16777216
100
AcDbPoint
 10
36.7418556038155
 20
79.68851797106771
 30
0.0
  0
POINT
  5
CC00
330
D0D1
100
AcDbEntity
  8
DEFPOINTS
 62
     0
440
 16777216
100
AcDbPoint
 10
144.741855603816
 20
79.68851797106771
 30
0.0
  0
POINT
  5
CC01
330
D0D1
100
AcDbEntity
  8
DEFPOINTS
 62
     0
440
 16777216
100
AcDbPoint
 10
144.741855603816
 20
63.4348967645794
 30
0.0
  0
ENDBLK
  5
D104
330
D0D1
100
AcDbEntity
  8
0
100
AcDbBlockEnd
  0
BLOCK
  5
CC03
330
D0D2
100
AcDbEntity
  8
0
100
AcDbBlockBegin
  2
*D18
 70
     1
 10
0.0
 20
0.0
 30
0.0
  3
*D18
  1

  0
LINE
  5
CC05
330
D0D2
100
AcDbEntity
  8
Dim
440
 16777216
370
    -2
100
AcDbLine
 10
534.741240269694
 20
221.521890761339
 30
0.0
 11
534.741240269694
 21
309.792111262734
 31
0.0
  0
LINE
  5
CC06
330
D0D2
100
AcDbEntity
  8
Dim
440
 16777216
370
    -2
100
AcDbLine
 10
590.741240286653
 20
221.521890761339
 30
0.0
 11
590.741240286653
 21
309.792111262734
 31
0.0
  0
LINE
  5
CC07
330
D0D2
100
AcDbEntity
  8
Dim
440
 16777216
370
    -2
100
AcDbLine
 10
534.647490269694
 20
305.292111262734
 30
0.0
 11
590.834990286653
 21
305.292111262734
 31
0.0
  0
INSERT
  5
CC08
330
D0D2
100
AcDbEntity
  8
Dim
440
 16777216
370
    -2
100
AcDbBlockReference
  2
_ARCHTICK
 10
534.741240269694
 20
305.292111262734
 30
0.0
 41
4.5
 42
4.5
 43
4.5
 50
180.0
  0
INSERT
  5
CC09
330
D0D2
100
AcDbEntity
  8
Dim
440
 16777216
370
    -2
100
AcDbBlockReference
  2
_ARCHTICK
 10
590.741240286653
 20
305.292111262734
 30
0.0
 41
4.5
 42
4.5
 43
4.5
  0
MTEXT
  5
CC0A
330
D0D2
100
AcDbEntity
  8
Dim
440
 16777216
100
AcDbMText
 10
565.2101365249349
 20
305.292111262734
 30
0.0
 40
3.75
 41
0.0
 46
0.0
 71
     5
 72
     5
  1
\A1;4'-8"\P [1422]
  7
ROMANS
 73
     1
 44
1.0
  0
POINT
  5
CC0B
330
D0D2
100
AcDbEntity
  8
DEFPOINTS
 62
     0
440
 16777216
100
AcDbPoint
 10
534.741240269694
 20
217.021890761339
 30
0.0
  0
POINT
  5
CC0C
330
D0D2
100
AcDbEntity
  8
DEFPOINTS
 62
     0
440
 16777216
100
AcDbPoint
 10
590.741240286653
 20
217.021890761339
 30
0.0
  0
POINT
  5
CC0D
330
D0D2
100
AcDbEntity
  8
DEFPOINTS
 62
     0
440
 16777216
100
AcDbPoint
 10
590.741240286653
 20
305.292111262734
 30
0.0
  0
ENDBLK
  5
D105
330
D0D2
100
AcDbEntity
  8
0
100
AcDbBlockEnd
  0
BLOCK
  5
CC0F
330
D0D3
100
AcDbEntity
  8
0
100
AcDbBlockBegin
  2
*D19
 70
     1
 10
0.0
 20
0.0
 30
0.0
  3
*D19
  1

  0
LINE
  5
CC11
330
D0D3
100
AcDbEntity
  8
Dim
440
 16777216
370
    -2
100
AcDbLine
 10
599.241240287869
 20
103.688517971068
 30
0.0
 11
618.237843088199
 21
103.688517971068
 31
0.0
  0
LINE
  5
CC12
330
D0D3
100
AcDbEntity
  8
Dim
440
 16777216
370
    -2
100
AcDbLine
 10
596.521240287036
 20
174.1885179924079
 30
0.0
 11
618.237843088199
 21
174.1885179924079
 31
0.0
  0
LINE
  5
CC13
330
D0D3
100
AcDbEntity
  8
Dim
440
 16777216
370
    -2
100
AcDbLine
 10
613.737843088199
 20
103.594767971068
 30
0.0
 11
613.737843088199
 21
174.282267992408
 31
0.0
  0
INSERT
  5
CC14
330
D0D3
100
AcDbEntity
  8
Dim
440
 16777216
370
    -2
100
AcDbBlockReference
  2
_ARCHTICK
 10
613.737843088199
 20
103.688517971068
 30
0.0
 41
4.5
 42
4.5
 43
4.5
 50
270.0
  0
INSERT
  5
CC15
330
D0D3
100
AcDbEntity
  8
Dim
440
 16777216
370
    -2
100
AcDbBlockReference
  2
_ARCHTICK
 10
613.737843088199
 20
174.1885179924079
 30
0.0
 41
4.5
 42
4.5
 43
4.5
 50
90.0
  0
MTEXT
  5
CC16
330
D0D3
100
AcDbEntity
  8
Dim
440
 16777216
100
AcDbMText
 10
613.737843088199
 20
139.247660408984
 30
0.0
 40
3.75
 41
0.0
 46
0.0
 71
     5
 72
     5
  1
\A1;5'-10 1/2"\P [1791]
  7
ROMANS
 11
0.0000000000000001
 21
1.0
 31
0.0
 73
     1
 44
1.0
  0
POINT
  5
CC17
330
D0D3
100
AcDbEntity
  8
DEFPOINTS
 62
     0
440
 16777216
100
AcDbPoint
 10
594.741240287869
 20
103.688517971068
 30
0.0
  0
POINT
  5
CC18
330
D0D3
100
AcDbEntity
  8
DEFPOINTS
 62
     0
440
 16777216
100
AcDbPoint
 10
592.021240287036
 20
174.1885179924079
 30
0.0
  0
POINT
  5
CC19
330
D0D3
100
AcDbEntity
  8
DEFPOINTS
 62
     0
440
 16777216
100
AcDbPoint
 10
613.737843088199
 20
174.1885179924079
 30
0.0
  0
ENDBLK
  5
D106
330
D0D3
100
AcDbEntity
  8
0
100
AcDbBlockEnd
  0
BLOCK
  5
CC1B
330
D0D4
100
AcDbEntity
  8
0
100
AcDbBlockBegin
  2
*D20
 70
     1
 10
0.0
 20
0.0
 30
0.0
  3
*D20
  1

  0
LINE
  5
CC1D
330
D0D4
100
AcDbEntity
  8
Dim
440
 16777216
370
    -2
100
AcDbLine
 10
322.741240205528
 20
44.5043088528257
 30
0.0
 11
322.741240205528
 21
41.5777067359629
 31
0.0
  0
LINE
  5
CC1E
330
D0D4
100
AcDbEntity
  8
Dim
440
 16777216
370
    -2
100
AcDbLine
 10
594.741240287869
 20
44.5043088528283
 30
0.0
 11
594.741240287869
 21
41.5777067359629
 31
0.0
  0
LINE
  5
CC1F
330
D0D4
100
AcDbEntity
  8
Dim
440
 16777216
370
    -2
100
AcDbLine
 10
322.647490205528
 20
46.0777067359629
 30
0.0
 11
432.0224902466989
 21
46.0777067359629
 31
0.0
  0
LINE
  5
CC20
330
D0D4
100
AcDbEntity
  8
Dim
440
 16777216
370
    -2
100
AcDbLine
 10
594.834990287869
 20
46.0777067359629
 30
0.0
 11
485.4599902466989
 21
46.0777067359629
 31
0.0
  0
INSERT
  5
CC21
330
D0D4
100
AcDbEntity
  8
Dim
440
 16777216
370
    -2
100
AcDbBlockReference
  2
_ARCHTICK
 10
322.741240205528
 20
46.0777067359629
 30
0.0
 41
4.5
 42
4.5
 43
4.5
 50
180.0
  0
INSERT
  5
CC22
330
D0D4
100
AcDbEntity
  8
Dim
440
 16777216
370
    -2
100
AcDbBlockReference
  2
_ARCHTICK
 10
594.741240287869
 20
46.0777067359629
 30
0.0
 41
4.5
 42
4.5
 43
4.5
  0
MTEXT
  5
CC23
330
D0D4
100
AcDbEntity
  8
Dim
440
 16777216
100
AcDbMText
 10
458.741240246699
 20
46.0777067359629
 30
0.0
 40
3.75
 41
0.0
 46
0.0
 71
     5
 72
     5
  1
\A1;22'-8" [6909]
  7
ROMANS
 73
     1
 44
1.0
  0
POINT
  5
CC24
330
D0D4
100
AcDbEntity
  8
DEFPOINTS
 62
     0
440
 16777216
100
AcDbPoint
 10
322.741240205528
 20
49.0043088528257
 30
0.0
  0
POINT
  5
CC25
330
D0D4
100
AcDbEntity
  8
DEFPOINTS
 62
     0
440
 16777216
100
AcDbPoint
 10
594.741240287869
 20
49.0043088528283
 30
0.0
  0
POINT
  5
CC26
330
D0D4
100
AcDbEntity
  8
DEFPOINTS
 62
     0
440
 16777216
100
AcDbPoint
 10
594.741240287869
 20
46.0777067359629
 30
0.0
  0
ENDBLK
  5
D107
330
D0D4
100
AcDbEntity
  8
0
100
AcDbBlockEnd
  0
BLOCK
  5
CC28
330
D0D5
100
AcDbEntity
  8
0
100
AcDbBlockBegin
  2
*D21
 70
     1
 10
0.0
 20
0.0
 30
0.0
  3
*D21
  1

  0
LINE
  5
CC2A
330
D0D5
100
AcDbEntity
  8
Dim
440
 16777216
370
    -2
100
AcDbLine
 10
594.741240287869
 20
60.7603239831673
 30
0.0
 11
594.741240287869
 21
62.6488515691727
 31
0.0
  0
LINE
  5
CC2B
330
D0D5
100
AcDbEntity
  8
Dim
440
 16777216
370
    -2
100
AcDbLine
 10
534.741240269694
 20
99.1885179710681
 30
0.0
 11
534.741240269694
 21
53.64885156917271
 31
0.0
  0
LINE
  5
CC2C
330
D0D5
100
AcDbEntity
  8
Dim
440
 16777216
370
    -2
100
AcDbLine
 10
594.834990287869
 20
58.1488515691727
 30
0.0
 11
589.40641885021
 21
58.1488515691727
 31
0.0
  0
LINE
  5
CC2D
330
D0D5
100
AcDbEntity
  8
Dim
440
 16777216
370
    -2
100
AcDbLine
 10
534.647490269694
 20
58.1488515691727
 30
0.0
 11
540.076061707353
 21
58.1488515691727
 31
0.0
  0
INSERT
  5
CC2E
330
D0D5
100
AcDbEntity
  8
Dim
440
 16777216
370
    -2
100
AcDbBlockReference
  2
_ARCHTICK
 10
594.741240287869
 20
58.1488515691727
 30
0.0
 41
4.5
 42
4.5
 43
4.5
  0
INSERT
  5
CC2F
330
D0D5
100
AcDbEntity
  8
Dim
440
 16777216
370
    -2
100
AcDbBlockReference
  2
_ARCHTICK
 10
534.741240269694
 20
58.1488515691727
 30
0.0
 41
4.5
 42
4.5
 43
4.5
 50
180.0
  0
MTEXT
  5
CC30
330
D0D5
100
AcDbEntity
  8
Dim
440
 16777216
100
AcDbMText
 10
564.741240278781
 20
58.1488515691727
 30
0.0
 40
3.75
 41
0.0
 46
0.0
 71
     5
 72
     5
  1
\A1;5'-0" [1524]
  7
ROMANS
 73
     1
 44
1.0
  0
POINT
  5
CC31
330
D0D5
100
AcDbEntity
  8
DEFPOINTS
 62
     0
440
 16777216
100
AcDbPoint
 10
594.741240287869
 20
56.2603239831673
 30
0.0
  0
POINT
  5
CC32
330
D0D5
100
AcDbEntity
  8
DEFPOINTS
 62
     0
440
 16777216
100
AcDbPoint
 10
534.741240269694
 20
103.688517971068
 30
0.0
  0
POINT
  5
CC33
330
D0D5
100
AcDbEntity
  8
DEFPOINTS
 62
     0
440
 16777216
100
AcDbPoint
 10
534.741240269694
 20
58.1488515691727
 30
0.0
  0
ENDBLK
  5
D108
330
D0D5
100
AcDbEntity
  8
0
100
AcDbBlockEnd
  0
BLOCK
  5
CC38
330
D0D6
100
AcDbEntity
  8
0
100
AcDbBlockBegin
  2
*D22
 70
     1
 10
0.0
 20
0.0
 30
0.0
  3
*D22
  1

  0
LINE
  5
CC3A
330
D0D6
100
AcDbEntity
  8
Dim
440
 16777216
370
    -2
100
AcDbLine
 10
534.741240269694
 20
190.718519097001
 30
0.0
 11
534.741240269694
 21
217.958939683213
 31
0.0
  0
LINE
  5
CC3B
330
D0D6
100
AcDbEntity
  8
Dim
440
 16777216
370
    -2
100
AcDbLine
 10
533.4612402693109
 20
190.718519097001
 30
0.0
 11
533.4612402693109
 21
217.958939683213
 31
0.0
  0
LINE
  5
CC3C
330
D0D6
100
AcDbEntity
  8
Dim
440
 16777216
370
    -2
100
AcDbLine
 10
534.741240269694
 20
215.708939683213
 30
0.0
 11
536.991240269694
 21
215.708939683213
 31
0.0
  0
LINE
  5
CC3D
330
D0D6
100
AcDbEntity
  8
Dim
440
 16777216
370
    -2
100
AcDbLine
 10
533.4612402693109
 20
215.708939683213
 30
0.0
 11
514.774357675951
 21
215.708939683213
 31
0.0
  0
INSERT
  5
CC3E
330
D0D6
100
AcDbEntity
  8
Dim
440
 16777216
370
    -2
100
AcDbBlockReference
  2
_ARCHTICK
 10
534.741240269694
 20
215.708939683213
 30
0.0
 41
2.25
 42
2.25
 43
2.25
 50
180.0
  0
INSERT
  5
CC3F
330
D0D6
100
AcDbEntity
  8
Dim
440
 16777216
370
    -2
100
AcDbBlockReference
  2
_ARCHTICK
 10
533.4612402693109
 20
215.708939683213
 30
0.0
 41
2.25
 42
2.25
 43
2.25
  0
MTEXT
  5
CC40
330
D0D6
100
AcDbEntity
  8
Dim
440
 16777216
100
AcDbMText
 10
519.590875533094
 20
220.481261111784
 30
0.0
 40
1.875
 41
0.0
 46
0.0
 71
     5
 72
     5
  1
\A1;\A1;1-{\H0.7x;\S1/4;}"\P[33]
  7
ROMANS
 73
     1
 44
1.0
  0
POINT
  5
CC41
330
D0D6
100
AcDbEntity
  8
DEFPOINTS
 62
     0
440
 16777216
100
AcDbPoint
 10
534.741240269694
 20
188.468519097001
 30
0.0
  0
POINT
  5
CC42
330
D0D6
100
AcDbEntity
  8
DEFPOINTS
 62
     0
440
 16777216
100
AcDbPoint
 10
533.4612402693109
 20
188.468519097001
 30
0.0
  0
POINT
  5
CC43
330
D0D6
100
AcDbEntity
  8
DEFPOINTS
 62
     0
440
 16777216
100
AcDbPoint
 10
533.4612402693109
 20
215.708939683213
 30
0.0
  0
ENDBLK
  5
D109
330
D0D6
100
AcDbEntity
  8
0
100
AcDbBlockEnd
  0
BLOCK
  5
CC45
330
D0D7
100
AcDbEntity
  8
0
100
AcDbBlockBegin
  2
*D23
 70
     1
 10
0.0
 20
0.0
 30
0.0
  3
*D23
  1

  0
LINE
  5
CC47
330
D0D7
100
AcDbEntity
  8
Dim
440
 16777216
370
    -2
100
AcDbLine
 10
599.241261655472
 20
493.688548726511
 30
0.0
 11
629.3025902916999
 21
493.688548726511
 31
0.0
  0
LINE
  5
CC48
330
D0D7
100
AcDbEntity
  8
Dim
440
 16777216
370
    -2
100
AcDbLine
 10
599.241261655472
 20
103.688517971068
 30
0.0
 11
629.3025902916999
 21
103.688517971068
 31
0.0
  0
LINE
  5
CC49
330
D0D7
100
AcDbEntity
  8
Dim
440
 16777216
370
    -2
100
AcDbLine
 10
624.8025902916999
 20
493.782298726511
 30
0.0
 11
624.8025902916999
 21
325.407283348789
 31
0.0
  0
LINE
  5
CC4A
330
D0D7
100
AcDbEntity
  8
Dim
440
 16777216
370
    -2
100
AcDbLine
 10
624.8025902916999
 20
103.594767971068
 30
0.0
 11
624.8025902916999
 21
271.969783348789
 31
0.0
  0
INSERT
  5
CC4B
330
D0D7
100
AcDbEntity
  8
Dim
440
 16777216
370
    -2
100
AcDbBlockReference
  2
_ARCHTICK
 10
624.8025902916999
 20
493.688548726511
 30
0.0
 41
4.5
 42
4.5
 43
4.5
 50
90.0
  0
INSERT
  5
CC4C
330
D0D7
100
AcDbEntity
  8
Dim
440
 16777216
370
    -2
100
AcDbBlockReference
  2
_ARCHTICK
 10
624.8025902916999
 20
103.688517971068
 30
0.0
 41
4.5
 42
4.5
 43
4.5
 50
270.0
  0
MTEXT
  5
CC4D
330
D0D7
100
AcDbEntity
  8
Dim
440
 16777216
100
AcDbMText
 10
624.8025902916999
 20
298.688533348789
 30
0.0
 40
3.75
 41
0.0
 46
0.0
 71
     5
 72
     5
  1
\A1;32'-6" [9906]
  7
ROMANS
 11
0.0000000000000001
 21
1.0
 31
0.0
 73
     1
 44
1.0
  0
POINT
  5
CC4E
330
D0D7
100
AcDbEntity
  8
DEFPOINTS
 62
     0
440
 16777216
100
AcDbPoint
 10
594.741261655472
 20
493.688548726511
 30
0.0
  0
POINT
  5
CC4F
330
D0D7
100
AcDbEntity
  8
DEFPOINTS
 62
     0
440
 16777216
100
AcDbPoint
 10
594.741261655472
 20
103.688517971068
 30
0.0
  0
POINT
  5
CC50
330
D0D7
100
AcDbEntity
  8
DEFPOINTS
 62
     0
440
 16777216
100
AcDbPoint
 10
624.8025902916999
 20
103.688517971068
 30
0.0
  0
ENDBLK
  5
D10A
330
D0D7
100
AcDbEntity
  8
0
100
AcDbBlockEnd
  0
BLOCK
  5
CC52
330
D0D8
100
AcDbEntity
  8
0
100
AcDbBlockBegin
  2
*D24
 70
     1
 10
0.0
 20
0.0
 30
0.0
  3
*D24
  1

  0
LINE
  5
CC54
330
D0D8
100
AcDbEntity
  8
Dim
440
 16777216
370
    -2
100
AcDbLine
 10
318.241240205529
 20
103.688517971068
 30
0.0
 11
299.71392478405
 21
103.688517971068
 31
0.0
  0
LINE
  5
CC55
330
D0D8
100
AcDbEntity
  8
Dim
440
 16777216
370
    -2
100
AcDbLine
 10
318.241240205529
 20
244.688529090343
 30
0.0
 11
299.71392478405
 21
244.688529090343
 31
0.0
  0
LINE
  5
CC56
330
D0D8
100
AcDbEntity
  8
Dim
440
 16777216
370
    -2
100
AcDbLine
 10
304.21392478405
 20
103.594767971068
 30
0.0
 11
304.21392478405
 21
147.777809244991
 31
0.0
  0
LINE
  5
CC57
330
D0D8
100
AcDbEntity
  8
Dim
440
 16777216
370
    -2
100
AcDbLine
 10
304.21392478405
 20
244.782279090343
 30
0.0
 11
304.21392478405
 21
200.59923781642
 31
0.0
  0
INSERT
  5
CC58
330
D0D8
100
AcDbEntity
  8
Dim
440
 16777216
370
    -2
100
AcDbBlockReference
  2
_ARCHTICK
 10
304.21392478405
 20
103.688517971068
 30
0.0
 41
4.5
 42
4.5
 43
4.5
 50
270.0
  0
INSERT
  5
CC59
330
D0D8
100
AcDbEntity
  8
Dim
440
 16777216
370
    -2
100
AcDbBlockReference
  2
_ARCHTICK
 10
304.21392478405
 20
244.688529090343
 30
0.0
 41
4.5
 42
4.5
 43
4.5
 50
90.0
  0
MTEXT
  5
CC5A
330
D0D8
100
AcDbEntity
  8
Dim
440
 16777216
100
AcDbMText
 10
304.21392478405
 20
174.188523530706
 30
0.0
 40
3.75
 41
0.0
 46
0.0
 71
     5
 72
     5
  1
\A1;11'-9" [3581]
  7
ROMANS
 11
0.0000000000000001
 21
1.0
 31
0.0
 73
     1
 44
1.0
  0
POINT
  5
CC5B
330
D0D8
100
AcDbEntity
  8
DEFPOINTS
 62
     0
440
 16777216
100
AcDbPoint
 10
322.741240205529
 20
103.688517971068
 30
0.0
  0
POINT
  5
CC5C
330
D0D8
100
AcDbEntity
  8
DEFPOINTS
 62
     0
440
 16777216
100
AcDbPoint
 10
322.741240205529
 20
244.688529090343
 30
0.0
  0
POINT
  5
CC5D
330
D0D8
100
AcDbEntity
  8
DEFPOINTS
 62
     0
440
 16777216
100
AcDbPoint
 10
304.21392478405
 20
244.688529090343
 30
0.0
  0
ENDBLK
  5
D10B
330
D0D8
100
AcDbEntity
  8
0
100
AcDbBlockEnd
  0
BLOCK
  5
CC5F
330
D0D9
100
AcDbEntity
  8
0
100
AcDbBlockBegin
  2
*D25
 70
     1
 10
0.0
 20
0.0
 30
0.0
  3
*D25
  1

  0
LINE
  5
CC61
330
D0D9
100
AcDbEntity
  8
Dim
440
 16777216
370
    -2
100
AcDbLine
 10
318.241240205529
 20
493.688548726511
 30
0.0
 11
299.71392478405
 21
493.688548726511
 31
0.0
  0
LINE
  5
CC62
330
D0D9
100
AcDbEntity
  8
Dim
440
 16777216
370
    -2
100
AcDbLine
 10
304.21392478405
 20
244.594779090343
 30
0.0
 11
304.21392478405
 21
342.469788908427
 31
0.0
  0
LINE
  5
CC63
330
D0D9
100
AcDbEntity
  8
Dim
440
 16777216
370
    -2
100
AcDbLine
 10
304.21392478405
 20
493.782298726511
 30
0.0
 11
304.21392478405
 21
395.907288908427
 31
0.0
  0
INSERT
  5
CC64
330
D0D9
100
AcDbEntity
  8
Dim
440
 16777216
370
    -2
100
AcDbBlockReference
  2
_ARCHTICK
 10
304.21392478405
 20
244.688529090343
 30
0.0
 41
4.5
 42
4.5
 43
4.5
 50
270.0
  0
INSERT
  5
CC65
330
D0D9
100
AcDbEntity
  8
Dim
440
 16777216
370
    -2
100
AcDbBlockReference
  2
_ARCHTICK
 10
304.21392478405
 20
493.688548726511
 30
0.0
 41
4.5
 42
4.5
 43
4.5
 50
90.0
  0
MTEXT
  5
CC66
330
D0D9
100
AcDbEntity
  8
Dim
440
 16777216
100
AcDbMText
 10
304.21392478405
 20
369.188538908427
 30
0.0
 40
3.75
 41
0.0
 46
0.0
 71
     5
 72
     5
  1
\A1;20'-9" [6325]
  7
ROMANS
 11
0.0000000000000001
 21
1.0
 31
0.0
 73
     1
 44
1.0
  0
POINT
  5
CC67
330
D0D9
100
AcDbEntity
  8
DEFPOINTS
 62
     0
440
 16777216
100
AcDbPoint
 10
304.21392478405
 20
244.688529090343
 30
0.0
  0
POINT
  5
CC68
330
D0D9
100
AcDbEntity
  8
DEFPOINTS
 62
     0
440
 16777216
100
AcDbPoint
 10
322.741240205529
 20
493.688548726511
 30
0.0
  0
POINT
  5
CC69
330
D0D9
100
AcDbEntity
  8
DEFPOINTS
 62
     0
440
 16777216
100
AcDbPoint
 10
304.21392478405
 20
493.688548726511
 30
0.0
  0
ENDBLK
  5
D10C
330
D0D9
100
AcDbEntity
  8
0
100
AcDbBlockEnd
  0
BLOCK
  5
CC6B
330
D0DA
100
AcDbEntity
  8
0
100
AcDbBlockBegin
  2
*D26
 70
     1
 10
0.0
 20
0.0
 30
0.0
  3
*D26
  1

  0
LINE
  5
CC6D
330
D0DA
100
AcDbEntity
  8
Dim
440
 16777216
370
    -2
100
AcDbLine
 10
425.3662486534249
 20
286.688532402468
 30
0.0
 11
404.1218602512819
 21
286.688532402468
 31
0.0
  0
LINE
  5
CC6E
330
D0DA
100
AcDbEntity
  8
Dim
440
 16777216
370
    -2
100
AcDbLine
 10
425.3662486534249
 20
244.688529090343
 30
0.0
 11
404.1218602512819
 21
244.688529090343
 31
0.0
  0
LINE
  5
CC6F
330
D0DA
100
AcDbEntity
  8
Dim
440
 16777216
370
    -2
100
AcDbLine
 10
408.6218602512819
 20
286.782282402468
 30
0.0
 11
408.6218602512819
 21
244.594779090343
 31
0.0
  0
INSERT
  5
CC70
330
D0DA
100
AcDbEntity
  8
Dim
440
 16777216
370
    -2
100
AcDbBlockReference
  2
_ARCHTICK
 10
408.6218602512819
 20
286.688532402468
 30
0.0
 41
4.5
 42
4.5
 43
4.5
 50
90.0
  0
INSERT
  5
CC71
330
D0DA
100
AcDbEntity
  8
Dim
440
 16777216
370
    -2
100
AcDbBlockReference
  2
_ARCHTICK
 10
408.6218602512819
 20
244.688529090343
 30
0.0
 41
4.5
 42
4.5
 43
4.5
 50
270.0
  0
MTEXT
  5
CC72
330
D0DA
100
AcDbEntity
  8
Dim
440
 16777216
100
AcDbMText
 10
403.389717394139
 20
265.688530746406
 30
0.0
 40
3.75
 41
0.0
 46
0.0
 71
     5
 72
     5
  1
\A1;3'-6"
  7
ROMANS
 11
0.0000000000000001
 21
1.0
 31
0.0
 73
     1
 44
1.0
  0
MTEXT
  5
CC73
330
D0DA
100
AcDbEntity
  8
Dim
440
 16777216
100
AcDbMText
 10
414.479003108425
 20
265.688530746406
 30
0.0
 40
3.75
 41
0.0
 46
0.0
 71
     5
 72
     5
  1
\A1;[1067]
  7
ROMANS
 11
0.0000000000000001
 21
1.0
 31
0.0
 73
     1
 44
1.0
  0
POINT
  5
CC74
330
D0DA
100
AcDbEntity
  8
DEFPOINTS
 62
     0
440
 16777216
100
AcDbPoint
 10
429.8662486534249
 20
286.688532402468
 30
0.0
  0
POINT
  5
CC75
330
D0DA
100
AcDbEntity
  8
DEFPOINTS
 62
     0
440
 16777216
100
AcDbPoint
 10
429.8662486534249
 20
244.688529090343
 30
0.0
  0
POINT
  5
CC76
330
D0DA
100
AcDbEntity
  8
DEFPOINTS
 62
     0
440
 16777216
100
AcDbPoint
 10
408.6218602512819
 20
244.688529090343
 30
0.0
  0
ENDBLK
  5
D10D
330
D0DA
100
AcDbEntity
  8
0
100
AcDbBlockEnd
  0
BLOCK
  5
CC78
330
D0DB
100
AcDbEntity
  8
0
100
AcDbBlockBegin
  2
*D27
 70
     1
 10
0.0
 20
0.0
 30
0.0
  3
*D27
  1

  0
LINE
  5
CC7A
330
D0DB
100
AcDbEntity
  8
Dim
440
 16777216
 48
0.100000001490116
370
    -2
100
AcDbLine
 10
418.5159536341739
 20
140.917903917551
 30
0.0
 11
418.5159536341739
 21
174.602411657592
 31
0.0
  0
LINE
  5
CC7B
330
D0DB
100
AcDbEntity
  8
Dim
440
 16777216
 48
0.100000001490116
370
    -2
100
AcDbLine
 10
430.515953666399
 20
113.074599040091
 30
0.0
 11
430.515953666399
 21
174.602411657592
 31
0.0
  0
LINE
  5
CC7C
330
D0DB
100
AcDbEntity
  8
Dim
440
 16777216
 48
0.100000001490116
370
    -2
100
AcDbLine
 10
418.4222036341739
 20
172.352411657592
 30
0.0
 11
430.609703666399
 21
172.352411657592
 31
0.0
  0
INSERT
  5
CC7D
330
D0DB
100
AcDbEntity
  8
Dim
440
 16777216
 48
0.100000001490116
370
    -2
100
AcDbBlockReference
  2
_ARCHTICK
 10
418.5159536341739
 20
172.352411657592
 30
0.0
 41
2.25
 42
2.25
 43
2.25
 50
180.0
  0
INSERT
  5
CC7E
330
D0DB
100
AcDbEntity
  8
Dim
440
 16777216
 48
0.100000001490116
370
    -2
100
AcDbBlockReference
  2
_ARCHTICK
 10
430.515953666399
 20
172.352411657592
 30
0.0
 41
2.25
 42
2.25
 43
2.25
  0
MTEXT
  5
CC7F
330
D0DB
100
AcDbEntity
  8
Dim
440
 16777216
 48
0.100000001490116
100
AcDbMText
 10
424.515953650287
 20
174.968483086164
 30
0.0
 40
1.875
 41
0.0
 46
0.0
 71
     5
 72
     5
  1
\A1;1'-0"
  7
ROMANS
 73
     1
 44
1.0
  0
MTEXT
  5
CC80
330
D0DB
100
AcDbEntity
  8
Dim
440
 16777216
 48
0.100000001490116
100
AcDbMText
 10
424.515953650287
 20
169.423840229021
 30
0.0
 40
1.875
 41
0.0
 46
0.0
 71
     5
 72
     5
  1
\A1;[305]
  7
ROMANS
 73
     1
 44
1.0
  0
POINT
  5
CC81
330
D0DB
100
AcDbEntity
  8
DEFPOINTS
 62
     0
440
 16777216
 48
0.100000001490116
100
AcDbPoint
 10
418.5159536341739
 20
138.667903917551
 30
0.0
  0
POINT
  5
CC82
330
D0DB
100
AcDbEntity
  8
DEFPOINTS
 62
     0
440
 16777216
 48
0.100000001490116
100
AcDbPoint
 10
430.515953666399
 20
110.824599040091
 30
0.0
  0
POINT
  5
CC83
330
D0DB
100
AcDbEntity
  8
DEFPOINTS
 62
     0
440
 16777216
 48
0.100000001490116
100
AcDbPoint
 10
430.515953666399
 20
172.352411657592
 30
0.0
  0
ENDBLK
  5
D10E
330
D0DB
100
AcDbEntity
  8
0
100
AcDbBlockEnd
  0
BLOCK
  5
CC85
330
D0DC
100
AcDbEntity
  8
0
100
AcDbBlockBegin
  2
*D28
 70
     1
 10
0.0
 20
0.0
 30
0.0
  3
*D28
  1

  0
LINE
  5
CC87
330
D0DC
100
AcDbEntity
  8
Dim
440
 16777216
 48
0.100000001490116
370
    -2
100
AcDbLine
 10
475.265953792607
 20
138.729009435418
 30
0.0
 11
463.04882708832
 21
138.729009435418
 31
0.0
  0
LINE
  5
CC88
330
D0DC
100
AcDbEntity
  8
Dim
440
 16777216
 48
0.100000001490116
370
    -2
100
AcDbLine
 10
475.265953792607
 20
174.729009532094
 30
0.0
 11
463.04882708832
 21
174.729009532094
 31
0.0
  0
LINE
  5
CC89
330
D0DC
100
AcDbEntity
  8
Dim
440
 16777216
 48
0.100000001490116
370
    -2
100
AcDbLine
 10
465.2988270883199
 20
138.635259435418
 30
0.0
 11
465.2988270883199
 21
174.822759532094
 31
0.0
  0
INSERT
  5
CC8A
330
D0DC
100
AcDbEntity
  8
Dim
440
 16777216
 48
0.100000001490116
370
    -2
100
AcDbBlockReference
  2
_ARCHTICK
 10
465.2988270883199
 20
138.729009435418
 30
0.0
 41
2.25
 42
2.25
 43
2.25
 50
270.0
  0
INSERT
  5
CC8B
330
D0DC
100
AcDbEntity
  8
Dim
440
 16777216
 48
0.100000001490116
370
    -2
100
AcDbBlockReference
  2
_ARCHTICK
 10
465.2988270883199
 20
174.729009532094
 30
0.0
 41
2.25
 42
2.25
 43
2.25
 50
90.0
  0
MTEXT
  5
CC8C
330
D0DC
100
AcDbEntity
  8
Dim
440
 16777216
 48
0.100000001490116
100
AcDbMText
 10
462.682755659748
 20
156.729009483756
 30
0.0
 40
1.875
 41
0.0
 46
0.0
 71
     5
 72
     5
  1
\A1;3'-0"
  7
ROMANS
 11
0.0000000000000001
 21
1.0
 31
0.0
 73
     1
 44
1.0
  0
MTEXT
  5
CC8D
330
D0DC
100
AcDbEntity
  8
Dim
440
 16777216
 48
0.100000001490116
100
AcDbMText
 10
468.227398516891
 20
156.729009483756
 30
0.0
 40
1.875
 41
0.0
 46
0.0
 71
     5
 72
     5
  1
\A1;[914]
  7
ROMANS
 11
0.0000000000000001
 21
1.0
 31
0.0
 73
     1
 44
1.0
  0
POINT
  5
CC8E
330
D0DC
100
AcDbEntity
  8
DEFPOINTS
 62
     0
440
 16777216
 48
0.100000001490116
100
AcDbPoint
 10
477.515953792607
 20
138.729009435418
 30
0.0
  0
POINT
  5
CC8F
330
D0DC
100
AcDbEntity
  8
DEFPOINTS
 62
     0
440
 16777216
 48
0.100000001490116
100
AcDbPoint
 10
477.515953792607
 20
174.729009532094
 30
0.0
  0
POINT
  5
CC90
330
D0DC
100
AcDbEntity
  8
DEFPOINTS
 62
     0
440
 16777216
 48
0.100000001490116
100
AcDbPoint
 10
465.2988270883199
 20
174.729009532094
 30
0.0
  0
ENDBLK
  5
D10F
330
D0DC
100
AcDbEntity
  8
0
100
AcDbBlockEnd
  0
BLOCK
  5
CC92
330
D0DD
100
AcDbEntity
  8
0
100
AcDbBlockBegin
  2
*D29
 70
     1
 10
0.0
 20
0.0
 30
0.0
  3
*D29
  1

  0
LINE
  5
CC94
330
D0DD
100
AcDbEntity
  8
Dim
440
 16777216
 48
0.100000001490116
370
    -2
100
AcDbLine
 10
466.325209075659
 20
259.329009759281
 30
0.0
 11
477.04830909242
 21
259.329009759281
 31
0.0
  0
LINE
  5
CC95
330
D0DD
100
AcDbEntity
  8
Dim
440
 16777216
 48
0.100000001490116
370
    -2
100
AcDbLine
 10
466.325209075659
 20
223.329009662605
 30
0.0
 11
477.04830909242
 21
223.329009662605
 31
0.0
  0
LINE
  5
CC96
330
D0DD
100
AcDbEntity
  8
Dim
440
 16777216
 48
0.100000001490116
370
    -2
100
AcDbLine
 10
474.79830909242
 20
259.422759759281
 30
0.0
 11
474.79830909242
 21
223.235259662605
 31
0.0
  0
INSERT
  5
CC97
330
D0DD
100
AcDbEntity
  8
Dim
440
 16777216
 48
0.100000001490116
370
    -2
100
AcDbBlockReference
  2
_ARCHTICK
 10
474.79830909242
 20
259.329009759281
 30
0.0
 41
2.25
 42
2.25
 43
2.25
 50
90.0
  0
INSERT
  5
CC98
330
D0DD
100
AcDbEntity
  8
Dim
440
 16777216
 48
0.100000001490116
370
    -2
100
AcDbBlockReference
  2
_ARCHTICK
 10
474.79830909242
 20
223.329009662605
 30
0.0
 41
2.25
 42
2.25
 43
2.25
 50
270.0
  0
MTEXT
  5
CC99
330
D0DD
100
AcDbEntity
  8
Dim
440
 16777216
 48
0.100000001490116
100
AcDbMText
 10
472.1822376638479
 20
241.329009710943
 30
0.0
 40
1.875
 41
0.0
 46
0.0
 71
     5
 72
     5
  1
\A1;3'-0"
  7
ROMANS
 11
0.0000000000000001
 21
1.0
 31
0.0
 73
     1
 44
1.0
  0
MTEXT
  5
CC9A
330
D0DD
100
AcDbEntity
  8
Dim
440
 16777216
 48
0.100000001490116
100
AcDbMText
 10
477.7268805209909
 20
241.329009710943
 30
0.0
 40
1.875
 41
0.0
 46
0.0
 71
     5
 72
     5
  1
\A1;[914]
  7
ROMANS
 11
0.0000000000000001
 21
1.0
 31
0.0
 73
     1
 44
1.0
  0
POINT
  5
CC9B
330
D0DD
100
AcDbEntity
  8
DEFPOINTS
 62
     0
440
 16777216
 48
0.100000001490116
100
AcDbPoint
 10
464.075209075659
 20
259.329009759281
 30
0.0
  0
POINT
  5
CC9C
330
D0DD
100
AcDbEntity
  8
DEFPOINTS
 62
     0
440
 16777216
 48
0.100000001490116
100
AcDbPoint
 10
464.075209075659
 20
223.329009662605
 30
0.0
  0
POINT
  5
CC9D
330
D0DD
100
AcDbEntity
  8
DEFPOINTS
 62
     0
440
 16777216
 48
0.100000001490116
100
AcDbPoint
 10
474.79830909242
 20
223.329009662605
 30
0.0
  0
ENDBLK
  5
D110
330
D0DD
100
AcDbEntity
  8
0
100
AcDbBlockEnd
  0
BLOCK
  5
CC9F
330
D0DE
100
AcDbEntity
  8
0
100
AcDbBlockBegin
  2
*D30
 70
     1
 10
0.0
 20
0.0
 30
0.0
  3
*D30
  1

  0
LINE
  5
CCA1
330
D0DE
100
AcDbEntity
  8
Dim
440
 16777216
 48
0.100000001490116
370
    -2
100
AcDbLine
 10
423.1383406321019
 20
128.734645263964
 30
0.0
 11
422.6350075993219
 21
129.537836273719
 31
0.0
  0
LINE
  5
CCA2
330
D0DE
100
AcDbEntity
  8
Dim
440
 16777216
 48
0.100000001490116
370
    -2
100
AcDbLine
 10
419.748888754728
 20
126.61058875413
 30
0.0
 11
419.245555721943
 21
127.413779763893
 31
0.0
  0
LINE
  5
CCA3
330
D0DE
100
AcDbEntity
  8
Dim
440
 16777216
 48
0.100000001490116
370
    -2
100
AcDbLine
 10
423.829789382888
 20
127.631269597817
 30
0.0
 11
425.7363560587899
 21
128.826051381383
 31
0.0
  0
LINE
  5
CCA4
330
D0DE
100
AcDbEntity
  8
Dim
440
 16777216
 48
0.100000001490116
370
    -2
100
AcDbLine
 10
420.440337505509
 20
125.507213087991
 30
0.0
 11
406.689603642607
 21
116.890086533899
 31
0.0
  0
INSERT
  5
CCA5
330
D0DE
100
AcDbEntity
  8
Dim
440
 16777216
 48
0.100000001490116
370
    -2
100
AcDbBlockReference
  2
_ARCHTICK
 10
423.829789382888
 20
127.631269597817
 30
0.0
 41
2.25
 42
2.25
 43
2.25
 50
212.074005126953
  0
INSERT
  5
CCA6
330
D0DE
100
AcDbEntity
  8
Dim
440
 16777216
 48
0.100000001490116
370
    -2
100
AcDbBlockReference
  2
_ARCHTICK
 10
420.440337505509
 20
125.507213087991
 30
0.0
 41
2.25
 42
2.25
 43
2.25
 50
32.0740013122559
  0
MTEXT
  5
CCA7
330
D0DE
100
AcDbEntity
  8
Dim
440
 16777216
 48
0.100000001490116
100
AcDbMText
 10
410.2692330148829
 20
122.220630075154
 30
0.0
 40
1.875
 41
0.0
 46
0.0
 71
     5
 72
     5
  1
\A1;0'-4"
  7
ROMANS
 11
0.8473629670674112
 21
0.5310141260293491
 31
0.0
 73
     1
 44
1.0
  0
MTEXT
  5
CCA8
330
D0DE
100
AcDbEntity
  8
Dim
440
 16777216
 48
0.100000001490116
100
AcDbMText
 10
413.213516695814
 20
117.522305052396
 30
0.0
 40
1.875
 41
0.0
 46
0.0
 71
     5
 72
     5
  1
\A1;[102]
  7
ROMANS
 11
0.8473629670674112
 21
0.5310141260293491
 31
0.0
 73
     1
 44
1.0
  0
POINT
  5
CCA9
330
D0DE
100
AcDbEntity
  8
DEFPOINTS
 62
     0
440
 16777216
 48
0.100000001490116
100
AcDbPoint
 10
424.333122415668
 20
126.828078588062
 30
0.0
  0
POINT
  5
CCAA
330
D0DE
100
AcDbEntity
  8
DEFPOINTS
 62
     0
440
 16777216
 48
0.100000001490116
100
AcDbPoint
 10
420.9436705382939
 20
124.704022078229
 30
0.0
  0
POINT
  5
CCAB
330
D0DE
100
AcDbEntity
  8
DEFPOINTS
 62
     0
440
 16777216
 48
0.100000001490116
100
AcDbPoint
 10
420.440337505509
 20
125.507213087991
 30
0.0
  0
ENDBLK
  5
D111
330
D0DE
100
AcDbEntity
  8
0
100
AcDbBlockEnd
  0
BLOCK
  5
CCAD
330
D0DF
100
AcDbEntity
  8
0
100
AcDbBlockBegin
  2
*D31
 70
     1
 10
0.0
 20
0.0
 30
0.0
  3
*D31
  1

  0
LINE
  5
CCAF
330
D0DF
100
AcDbEntity
  8
Dim
440
 16777216
 48
0.100000001490116
370
    -2
100
AcDbLine
 10
485.4119356805409
 20
164.48296096656
 30
0.0
 11
483.570946945566
 21
163.329274692641
 31
0.0
  0
LINE
  5
CCB0
330
D0DF
100
AcDbEntity
  8
Dim
440
 16777216
 48
0.100000001490116
370
    -2
100
AcDbLine
 10
488.5980204452589
 20
159.398783150515
 30
0.0
 11
486.757031710288
 21
158.245096876599
 31
0.0
  0
LINE
  5
CCB1
330
D0DF
100
AcDbEntity
  8
Dim
440
 16777216
 48
0.100000001490116
370
    -2
100
AcDbLine
 10
485.4775136214679
 20
164.524056476207
 30
0.0
 11
484.282731837902
 21
166.430623152109
 31
0.0
  0
LINE
  5
CCB2
330
D0DF
100
AcDbEntity
  8
Dim
440
 16777216
 48
0.100000001490116
370
    -2
100
AcDbLine
 10
488.66359838619
 20
159.439878660165
 30
0.0
 11
489.858380169756
 21
157.533311984264
 31
0.0
  0
MTEXT
  5
CCB3
330
D0DF
100
AcDbEntity
  8
Dim
440
 16777216
 48
0.100000001490116
100
AcDbMText
 10
479.62586707888
 20
157.316629175214
 30
0.0
 40
1.875
 41
0.0
 46
0.0
 71
     5
 72
     5
  1
\A1;0'-6" [152]
  7
ROMANS
 11
0.5310141260293301
 21
-0.8473629670674229
 31
0.0
 73
     1
 44
1.0
  0
INSERT
  5
CCB4
330
D0DF
100
AcDbEntity
  8
Dim
440
 16777216
 48
0.100000001490116
370
    -2
100
AcDbBlockReference
  2
_ARCHTICK
 10
485.4775136214679
 20
164.524056476207
 30
0.0
 41
2.25
 42
2.25
 43
2.25
 50
302.074005126953
  0
INSERT
  5
CCB5
330
D0DF
100
AcDbEntity
  8
Dim
440
 16777216
 48
0.100000001490116
370
    -2
100
AcDbBlockReference
  2
_ARCHTICK
 10
488.66359838619
 20
159.439878660165
 30
0.0
 41
2.25
 42
2.25
 43
2.25
 50
122.073997497559
  0
POINT
  5
CCB6
330
D0DF
100
AcDbEntity
  8
DEFPOINTS
 62
     0
440
 16777216
 48
0.100000001490116
100
AcDbPoint
 10
487.318502356443
 20
165.677742750126
 30
0.0
  0
POINT
  5
CCB7
330
D0DF
100
AcDbEntity
  8
DEFPOINTS
 62
     0
440
 16777216
 48
0.100000001490116
100
AcDbPoint
 10
490.5045871211609
 20
160.593564934081
 30
0.0
  0
POINT
  5
CCB8
330
D0DF
100
AcDbEntity
  8
DEFPOINTS
 62
     0
440
 16777216
 48
0.100000001490116
100
AcDbPoint
 10
488.66359838619
 20
159.439878660165
 30
0.0
  0
ENDBLK
  5
D112
330
D0DF
100
AcDbEntity
  8
0
100
AcDbBlockEnd
  0
BLOCK
  5
CCBA
330
D0E0
100
AcDbEntity
  8
0
100
AcDbBlockBegin
  2
*D32
 70
     1
 10
0.0
 20
0.0
 30
0.0
  3
*D32
  1

  0
LINE
  5
CCBC
330
D0E0
100
AcDbEntity
  8
Dim
440
 16777216
370
    -2
100
AcDbLine
 10
1272.20785019562
 20
252.336756350449
 30
0.0
 11
1272.20785019562
 21
249.357321444274
 31
0.0
  0
LINE
  5
CCBD
330
D0E0
100
AcDbEntity
  8
Dim
440
 16777216
370
    -2
100
AcDbLine
 10
1285.20785123112
 20
252.336756350449
 30
0.0
 11
1285.20785123112
 21
249.357321444274
 31
0.0
  0
LINE
  5
CCBE
330
D0E0
100
AcDbEntity
  8
Dim
440
 16777216
370
    -2
100
AcDbLine
 10
1272.20785019562
 20
253.857321444274
 30
0.0
 11
1267.70785019562
 21
253.857321444274
 31
0.0
  0
LINE
  5
CCBF
330
D0E0
100
AcDbEntity
  8
Dim
440
 16777216
370
    -2
100
AcDbLine
 10
1285.20785123112
 20
253.857321444274
 30
0.0
 11
1317.04713694541
 21
253.857321444274
 31
0.0
  0
INSERT
  5
CCC0
330
D0E0
100
AcDbEntity
  8
Dim
440
 16777216
370
    -2
100
AcDbBlockReference
  2
_ARCHTICK
 10
1272.20785019562
 20
253.857321444274
 30
0.0
 41
4.5
 42
4.5
 43
4.5
  0
INSERT
  5
CCC1
330
D0E0
100
AcDbEntity
  8
Dim
440
 16777216
370
    -2
100
AcDbBlockReference
  2
_ARCHTICK
 10
1285.20785123112
 20
253.857321444274
 30
0.0
 41
4.5
 42
4.5
 43
4.5
 50
180.0
  0
MTEXT
  5
CCC2
330
D0E0
100
AcDbEntity
  8
Dim
440
 16777216
100
AcDbMText
 10
1305.62749408826
 20
259.089464301417
 30
0.0
 40
3.75
 41
0.0
 46
0.0
 71
     5
 72
     5
  1
\A1;1'-1"
  7
ROMANS
 73
     1
 44
1.0
  0
MTEXT
  5
CCC3
330
D0E0
100
AcDbEntity
  8
Dim
440
 16777216
100
AcDbMText
 10
1305.62749408826
 20
248.000178587132
 30
0.0
 40
3.75
 41
0.0
 46
0.0
 71
     5
 72
     5
  1
\A1;[330]
  7
ROMANS
 73
     1
 44
1.0
  0
POINT
  5
CCC4
330
D0E0
100
AcDbEntity
  8
DEFPOINTS
 62
     0
440
 16777216
100
AcDbPoint
 10
1272.20785019562
 20
256.836756350449
 30
0.0
  0
POINT
  5
CCC5
330
D0E0
100
AcDbEntity
  8
DEFPOINTS
 62
     0
440
 16777216
100
AcDbPoint
 10
1285.20785123112
 20
256.836756350449
 30
0.0
  0
POINT
  5
CCC6
330
D0E0
100
AcDbEntity
  8
DEFPOINTS
 62
     0
440
 16777216
100
AcDbPoint
 10
1285.20785123112
 20
253.857321444274
 30
0.0
  0
ENDBLK
  5
D113
330
D0E0
100
AcDbEntity
  8
0
100
AcDbBlockEnd
  0
BLOCK
  5
CCC8
330
D0E1
100
AcDbEntity
  8
0
100
AcDbBlockBegin
  2
*D33
 70
     1
 10
0.0
 20
0.0
 30
0.0
  3
*D33
  1

  0
LINE
  5
CCCA
330
D0E1
100
AcDbEntity
  8
Dim
440
 16777216
370
    -2
100
AcDbLine
 10
1285.20785123112
 20
268.594593355674
 30
0.0
 11
1285.20785123112
 21
271.97833804538
 31
0.0
  0
LINE
  5
CCCB
330
D0E1
100
AcDbEntity
  8
Dim
440
 16777216
370
    -2
100
AcDbLine
 10
1177.20784262859
 20
268.594593355674
 30
0.0
 11
1177.20784262859
 21
271.97833804538
 31
0.0
  0
LINE
  5
CCCC
330
D0E1
100
AcDbEntity
  8
Dim
440
 16777216
370
    -2
100
AcDbLine
 10
1285.30160123112
 20
267.47833804538
 30
0.0
 11
1255.87302550128
 21
267.47833804538
 31
0.0
  0
LINE
  5
CCCD
330
D0E1
100
AcDbEntity
  8
Dim
440
 16777216
370
    -2
100
AcDbLine
 10
1177.11409262859
 20
267.47833804538
 30
0.0
 11
1206.54266835842
 21
267.47833804538
 31
0.0
  0
INSERT
  5
CCCE
330
D0E1
100
AcDbEntity
  8
Dim
440
 16777216
370
    -2
100
AcDbBlockReference
  2
_ARCHTICK
 10
1285.20785123112
 20
267.47833804538
 30
0.0
 41
4.5
 42
4.5
 43
4.5
  0
INSERT
  5
CCCF
330
D0E1
100
AcDbEntity
  8
Dim
440
 16777216
370
    -2
100
AcDbBlockReference
  2
_ARCHTICK
 10
1177.20784262859
 20
267.47833804538
 30
0.0
 41
4.5
 42
4.5
 43
4.5
 50
180.0
  0
MTEXT
  5
CCD0
330
D0E1
100
AcDbEntity
  8
Dim
440
 16777216
100
AcDbMText
 10
1231.20784692985
 20
267.47833804538
 30
0.0
 40
3.75
 41
0.0
 46
0.0
 71
     5
 72
     5
  1
\A1;9'-0" [2743]
  7
ROMANS
 73
     1
 44
1.0
  0
POINT
  5
CCD1
330
D0E1
100
AcDbEntity
  8
DEFPOINTS
 62
     0
440
 16777216
100
AcDbPoint
 10
1285.20785123112
 20
264.094593355674
 30
0.0
  0
POINT
  5
CCD2
330
D0E1
100
AcDbEntity
  8
DEFPOINTS
 62
     0
440
 16777216
100
AcDbPoint
 10
1177.20784262859
 20
264.094593355674
 30
0.0
  0
POINT
  5
CCD3
330
D0E1
100
AcDbEntity
  8
DEFPOINTS
 62
     0
440
 16777216
100
AcDbPoint
 10
1177.20784262859
 20
267.47833804538
 30
0.0
  0
ENDBLK
  5
D114
330
D0E1
100
AcDbEntity
  8
0
100
AcDbBlockEnd
  0
BLOCK
  5
CCD5
330
D0E2
100
AcDbEntity
  8
0
100
AcDbBlockBegin
  2
*D34
 70
     1
 10
0.0
 20
0.0
 30
0.0
  3
*D34
  1

  0
LINE
  5
CCD7
330
D0E2
100
AcDbEntity
  8
Dim
440
 16777216
370
    -2
100
AcDbLine
 10
1289.70785123112
 20
94.9996828852244
 30
0.0
 11
1332.30802515259
 21
94.9996828852244
 31
0.0
  0
LINE
  5
CCD8
330
D0E2
100
AcDbEntity
  8
Dim
440
 16777216
370
    -2
100
AcDbLine
 10
1289.70785123112
 20
235.999694116309
 30
0.0
 11
1332.30802515259
 21
235.999694116309
 31
0.0
  0
LINE
  5
CCD9
330
D0E2
100
AcDbEntity
  8
Dim
440
 16777216
370
    -2
100
AcDbLine
 10
1327.80802515259
 20
94.9059328852244
 30
0.0
 11
1327.80802515259
 21
139.088974215052
 31
0.0
  0
LINE
  5
CCDA
330
D0E2
100
AcDbEntity
  8
Dim
440
 16777216
370
    -2
100
AcDbLine
 10
1327.80802515259
 20
236.093444116309
 30
0.0
 11
1327.80802515259
 21
191.910402786481
 31
0.0
  0
INSERT
  5
CCDB
330
D0E2
100
AcDbEntity
  8
Dim
440
 16777216
370
    -2
100
AcDbBlockReference
  2
_ARCHTICK
 10
1327.80802515259
 20
94.9996828852244
 30
0.0
 41
4.5
 42
4.5
 43
4.5
 50
270.0
  0
INSERT
  5
CCDC
330
D0E2
100
AcDbEntity
  8
Dim
440
 16777216
370
    -2
100
AcDbBlockReference
  2
_ARCHTICK
 10
1327.80802515259
 20
235.999694116309
 30
0.0
 41
4.5
 42
4.5
 43
4.5
 50
90.0
  0
MTEXT
  5
CCDD
330
D0E2
100
AcDbEntity
  8
Dim
440
 16777216
100
AcDbMText
 10
1327.80802515259
 20
165.499688500767
 30
0.0
 40
3.75
 41
0.0
 46
0.0
 71
     5
 72
     5
  1
\A1;11'-9" [3581]
  7
ROMANS
 11
0.0000000000000001
 21
1.0
 31
0.0
 73
     1
 44
1.0
  0
POINT
  5
CCDE
330
D0E2
100
AcDbEntity
  8
DEFPOINTS
 62
     0
440
 16777216
100
AcDbPoint
 10
1285.20785123112
 20
94.9996828852244
 30
0.0
  0
POINT
  5
CCDF
330
D0E2
100
AcDbEntity
  8
DEFPOINTS
 62
     0
440
 16777216
100
AcDbPoint
 10
1285.20785123112
 20
235.999694116309
 30
0.0
  0
POINT
  5
CCE0
330
D0E2
100
AcDbEntity
  8
DEFPOINTS
 62
     0
440
 16777216
100
AcDbPoint
 10
1327.80802515259
 20
235.999694116309
 30
0.0
  0
ENDBLK
  5
D115
330
D0E2
100
AcDbEntity
  8
0
100
AcDbBlockEnd
  0
BLOCK
  5
CCE2
330
D0E3
100
AcDbEntity
  8
0
100
AcDbBlockBegin
  2
*D35
 70
     1
 10
0.0
 20
0.0
 30
0.0
  3
*D35
  1

  0
LINE
  5
CCE4
330
D0E3
100
AcDbEntity
  8
Dim
440
 16777216
370
    -2
100
AcDbLine
 10
741.135596161246
 20
197.031794288783
 30
0.0
 11
741.135596161246
 21
195.39274280968
 31
0.0
  0
LINE
  5
CCE5
330
D0E3
100
AcDbEntity
  8
Dim
440
 16777216
370
    -2
100
AcDbLine
 10
789.1355953335589
 20
197.031794288783
 30
0.0
 11
789.1355953335589
 21
195.39274280968
 31
0.0
  0
LINE
  5
CCE6
330
D0E3
100
AcDbEntity
  8
Dim
440
 16777216
370
    -2
100
AcDbLine
 10
741.041846161246
 20
199.89274280968
 30
0.0
 11
789.2293453335589
 21
199.89274280968
 31
0.0
  0
INSERT
  5
CCE7
330
D0E3
100
AcDbEntity
  8
Dim
440
 16777216
370
    -2
100
AcDbBlockReference
  2
_ARCHTICK
 10
741.135596161246
 20
199.89274280968
 30
0.0
 41
4.5
 42
4.5
 43
4.5
 50
180.0
  0
INSERT
  5
CCE8
330
D0E3
100
AcDbEntity
  8
Dim
440
 16777216
370
    -2
100
AcDbBlockReference
  2
_ARCHTICK
 10
789.1355953335589
 20
199.89274280968
 30
0.0
 41
4.5
 42
4.5
 43
4.5
  0
MTEXT
  5
CCE9
330
D0E3
100
AcDbEntity
  8
Dim
440
 16777216
100
AcDbMText
 10
765.1355957474029
 20
205.124885666822
 30
0.0
 40
3.75
 41
0.0
 46
0.0
 71
     5
 72
     5
  1
\A1;4'-0"
  7
ROMANS
 73
     1
 44
1.0
  0
MTEXT
  5
CCEA
330
D0E3
100
AcDbEntity
  8
Dim
440
 16777216
100
AcDbMText
 10
765.1355957474029
 20
194.035599952537
 30
0.0
 40
3.75
 41
0.0
 46
0.0
 71
     5
 72
     5
  1
\A1;[1219]
  7
ROMANS
 73
     1
 44
1.0
  0
POINT
  5
CCEB
330
D0E3
100
AcDbEntity
  8
DEFPOINTS
 62
     0
440
 16777216
100
AcDbPoint
 10
741.135596161246
 20
201.531794288783
 30
0.0
  0
POINT
  5
CCEC
330
D0E3
100
AcDbEntity
  8
DEFPOINTS
 62
     0
440
 16777216
100
AcDbPoint
 10
789.1355953335589
 20
201.531794288783
 30
0.0
  0
POINT
  5
CCED
330
D0E3
100
AcDbEntity
  8
DEFPOINTS
 62
     0
440
 16777216
100
AcDbPoint
 10
789.1355953335589
 20
199.89274280968
 30
0.0
  0
ENDBLK
  5
D116
330
D0E3
100
AcDbEntity
  8
0
100
AcDbBlockEnd
  0
BLOCK
  5
CCEF
330
D0E4
100
AcDbEntity
  8
0
100
AcDbBlockBegin
  2
*D36
 70
     1
 10
0.0
 20
0.0
 30
0.0
  3
*D36
  1

  0
LINE
  5
CCF1
330
D0E4
100
AcDbEntity
  8
Dim
440
 16777216
370
    -2
100
AcDbLine
 10
898.0105987724808
 20
286.688517971068
 30
0.0
 11
910.082587133917
 21
286.688517971068
 31
0.0
  0
LINE
  5
CCF2
330
D0E4
100
AcDbEntity
  8
Dim
440
 16777216
370
    -2
100
AcDbLine
 10
898.0105987724808
 20
244.688517971068
 30
0.0
 11
910.082587133917
 21
244.688517971068
 31
0.0
  0
LINE
  5
CCF3
330
D0E4
100
AcDbEntity
  8
Dim
440
 16777216
370
    -2
100
AcDbLine
 10
905.582587133917
 20
286.782267971068
 30
0.0
 11
905.582587133917
 21
244.594767971068
 31
0.0
  0
INSERT
  5
CCF4
330
D0E4
100
AcDbEntity
  8
Dim
440
 16777216
370
    -2
100
AcDbBlockReference
  2
_ARCHTICK
 10
905.582587133917
 20
286.688517971068
 30
0.0
 41
4.5
 42
4.5
 43
4.5
 50
90.0
  0
INSERT
  5
CCF5
330
D0E4
100
AcDbEntity
  8
Dim
440
 16777216
370
    -2
100
AcDbBlockReference
  2
_ARCHTICK
 10
905.582587133917
 20
244.688517971068
 30
0.0
 41
4.5
 42
4.5
 43
4.5
 50
270.0
  0
MTEXT
  5
CCF6
330
D0E4
100
AcDbEntity
  8
Dim
440
 16777216
100
AcDbMText
 10
900.350444276774
 20
265.688517971068
 30
0.0
 40
3.75
 41
0.0
 46
0.0
 71
     5
 72
     5
  1
\A1;3'-6"
  7
ROMANS
 11
0.0000000000000001
 21
1.0
 31
0.0
 73
     1
 44
1.0
  0
MTEXT
  5
CCF7
330
D0E4
100
AcDbEntity
  8
Dim
440
 16777216
100
AcDbMText
 10
911.4397299910601
 20
265.688517971068
 30
0.0
 40
3.75
 41
0.0
 46
0.0
 71
     5
 72
     5
  1
\A1;[1067]
  7
ROMANS
 11
0.0000000000000001
 21
1.0
 31
0.0
 73
     1
 44
1.0
  0
POINT
  5
CCF8
330
D0E4
100
AcDbEntity
  8
DEFPOINTS
 62
     0
440
 16777216
100
AcDbPoint
 10
893.5105987724808
 20
286.688517971068
 30
0.0
  0
POINT
  5
CCF9
330
D0E4
100
AcDbEntity
  8
DEFPOINTS
 62
     0
440
 16777216
100
AcDbPoint
 10
893.5105987724808
 20
244.688517971068
 30
0.0
  0
POINT
  5
CCFA
330
D0E4
100
AcDbEntity
  8
DEFPOINTS
 62
     0
440
 16777216
100
AcDbPoint
 10
905.582587133917
 20
244.688517971068
 30
0.0
  0
ENDBLK
  5
D117
330
D0E4
100
AcDbEntity
  8
0
100
AcDbBlockEnd
  0
BLOCK
  5
CCFC
330
D0E5
100
AcDbEntity
  8
0
100
AcDbBlockBegin
  2
*D37
 70
     1
 10
0.0
 20
0.0
 30
0.0
  3
*D37
  1

  0
LINE
  5
CCFE
330
D0E5
100
AcDbEntity
  8
Dim
440
 16777216
370
    -2
100
AcDbLine
 10
735.355598772467
 20
174.188517971065
 30
0.0
 11
710.7675996455721
 21
174.188517971065
 31
0.0
  0
LINE
  5
CCFF
330
D0E5
100
AcDbEntity
  8
Dim
440
 16777216
370
    -2
100
AcDbLine
 10
735.355598772467
 20
103.688517971068
 30
0.0
 11
710.7675996455721
 21
103.688517971068
 31
0.0
  0
LINE
  5
CD00
330
D0E5
100
AcDbEntity
  8
Dim
440
 16777216
370
    -2
100
AcDbLine
 10
715.267599645572
 20
174.282267971065
 30
0.0
 11
715.267599645572
 21
103.594767971068
 31
0.0
  0
INSERT
  5
CD01
330
D0E5
100
AcDbEntity
  8
Dim
440
 16777216
370
    -2
100
AcDbBlockReference
  2
_ARCHTICK
 10
715.267599645572
 20
174.188517971065
 30
0.0
 41
4.5
 42
4.5
 43
4.5
 50
90.0
  0
INSERT
  5
CD02
330
D0E5
100
AcDbEntity
  8
Dim
440
 16777216
370
    -2
100
AcDbBlockReference
  2
_ARCHTICK
 10
715.267599645572
 20
103.688517971068
 30
0.0
 41
4.5
 42
4.5
 43
4.5
 50
270.0
  0
MTEXT
  5
CD03
330
D0E5
100
AcDbEntity
  8
Dim
440
 16777216
100
AcDbMText
 10
709.4104567884289
 20
138.938517971066
 30
0.0
 40
3.75
 41
0.0
 46
0.0
 71
     5
 72
     5
  1
\A1;5'-10 1/2"
  7
ROMANS
 11
0.0000000000000001
 21
1.0
 31
0.0
 73
     1
 44
1.0
  0
MTEXT
  5
CD04
330
D0E5
100
AcDbEntity
  8
Dim
440
 16777216
100
AcDbMText
 10
721.1247425027149
 20
138.938517971066
 30
0.0
 40
3.75
 41
0.0
 46
0.0
 71
     5
 72
     5
  1
\A1;[1791]
  7
ROMANS
 11
0.0000000000000001
 21
1.0
 31
0.0
 73
     1
 44
1.0
  0
POINT
  5
CD05
330
D0E5
100
AcDbEntity
  8
DEFPOINTS
 62
     0
440
 16777216
100
AcDbPoint
 10
739.855598772467
 20
174.188517971065
 30
0.0
  0
POINT
  5
CD06
330
D0E5
100
AcDbEntity
  8
DEFPOINTS
 62
     0
440
 16777216
100
AcDbPoint
 10
739.855598772467
 20
103.688517971068
 30
0.0
  0
POINT
  5
CD07
330
D0E5
100
AcDbEntity
  8
DEFPOINTS
 62
     0
440
 16777216
100
AcDbPoint
 10
715.267599645572
 20
103.688517971068
 30
0.0
  0
ENDBLK
  5
D118
330
D0E5
100
AcDbEntity
  8
0
100
AcDbBlockEnd
  0
BLOCK
  5
CD0F
330
D0E6
100
AcDbEntity
  8
0
100
AcDbBlockBegin
  2
*D38
 70
     1
 10
0.0
 20
0.0
 30
0.0
  3
*D38
  1

  0
LINE
  5
CD11
330
D0E6
100
AcDbEntity
  8
Dim
440
 16777216
370
    -2
100
AcDbLine
 10
534.741240205529
 20
218.543780881152
 30
0.0
 11
534.741240205529
 21
309.732395629837
 31
0.0
  0
LINE
  5
CD12
330
D0E6
100
AcDbEntity
  8
Dim
440
 16777216
370
    -2
100
AcDbLine
 10
432.211240238667
 20
249.282268013747
 30
0.0
 11
432.211240238667
 21
309.732395629837
 31
0.0
  0
LINE
  5
CD13
330
D0E6
100
AcDbEntity
  8
Dim
440
 16777216
370
    -2
100
AcDbLine
 10
534.834990205529
 20
305.232395629837
 30
0.0
 11
432.117490238667
 21
305.232395629837
 31
0.0
  0
INSERT
  5
CD14
330
D0E6
100
AcDbEntity
  8
Dim
440
 16777216
370
    -2
100
AcDbBlockReference
  2
_ARCHTICK
 10
534.741240205529
 20
305.232395629837
 30
0.0
 41
4.5
 42
4.5
 43
4.5
  0
INSERT
  5
CD15
330
D0E6
100
AcDbEntity
  8
Dim
440
 16777216
370
    -2
100
AcDbBlockReference
  2
_ARCHTICK
 10
432.211240238667
 20
305.232395629837
 30
0.0
 41
4.5
 42
4.5
 43
4.5
 50
180.0
  0
MTEXT
  5
CD16
330
D0E6
100
AcDbEntity
  8
Dim
440
 16777216
100
AcDbMText
 10
483.476240222098
 20
311.08953848698
 30
0.0
 40
3.75
 41
0.0
 46
0.0
 71
     5
 72
     5
  1
\A1;8'-6 1/2"
  7
ROMANS
 73
     1
 44
1.0
  0
MTEXT
  5
CD17
330
D0E6
100
AcDbEntity
  8
Dim
440
 16777216
100
AcDbMText
 10
483.476240222098
 20
299.375252772695
 30
0.0
 40
3.75
 41
0.0
 46
0.0
 71
     5
 72
     5
  1
\A1;[2604]
  7
ROMANS
 73
     1
 44
1.0
  0
POINT
  5
CD18
330
D0E6
100
AcDbEntity
  8
DEFPOINTS
 62
     0
440
 16777216
100
AcDbPoint
 10
534.741240205529
 20
214.043780881152
 30
0.0
  0
POINT
  5
CD19
330
D0E6
100
AcDbEntity
  8
DEFPOINTS
 62
     0
440
 16777216
100
AcDbPoint
 10
432.211240238667
 20
244.782268013747
 30
0.0
  0
POINT
  5
CD1A
330
D0E6
100
AcDbEntity
  8
DEFPOINTS
 62
     0
440
 16777216
100
AcDbPoint
 10
432.211240238667
 20
305.232395629837
 30
0.0
  0
ENDBLK
  5
D119
330
D0E6
100
AcDbEntity
  8
0
100
AcDbBlockEnd
  0
BLOCK
  5
CD1C
330
D0E7
100
AcDbEntity
  8
0
100
AcDbBlockBegin
  2
*D39
 70
     1
 10
0.0
 20
0.0
 30
0.0
  3
*D39
  1

  0
LINE
  5
CD1E
330
D0E7
100
AcDbEntity
  8
Dim
440
 16777216
370
    -2
100
AcDbLine
 10
322.741240205532
 20
298.441461460808
 30
0.0
 11
322.741240205532
 21
309.732395629837
 31
0.0
  0
LINE
  5
CD1F
330
D0E7
100
AcDbEntity
  8
Dim
440
 16777216
370
    -2
100
AcDbLine
 10
322.647490205532
 20
305.232395629837
 30
0.0
 11
432.304990238667
 21
305.232395629837
 31
0.0
  0
INSERT
  5
CD20
330
D0E7
100
AcDbEntity
  8
Dim
440
 16777216
370
    -2
100
AcDbBlockReference
  2
_ARCHTICK
 10
322.741240205532
 20
305.232395629837
 30
0.0
 41
4.5
 42
4.5
 43
4.5
 50
180.0
  0
INSERT
  5
CD21
330
D0E7
100
AcDbEntity
  8
Dim
440
 16777216
370
    -2
100
AcDbBlockReference
  2
_ARCHTICK
 10
432.211240238667
 20
305.232395629837
 30
0.0
 41
4.5
 42
4.5
 43
4.5
  0
MTEXT
  5
CD22
330
D0E7
100
AcDbEntity
  8
Dim
440
 16777216
100
AcDbMText
 10
377.4762402221
 20
311.08953848698
 30
0.0
 40
3.75
 41
0.0
 46
0.0
 71
     5
 72
     5
  1
\A1;9'-1 1/2"
  7
ROMANS
 73
     1
 44
1.0
  0
MTEXT
  5
CD23
330
D0E7
100
AcDbEntity
  8
Dim
440
 16777216
100
AcDbMText
 10
377.4762402221
 20
299.375252772695
 30
0.0
 40
3.75
 41
0.0
 46
0.0
 71
     5
 72
     5
  1
\A1;[2781]
  7
ROMANS
 73
     1
 44
1.0
  0
POINT
  5
CD24
330
D0E7
100
AcDbEntity
  8
DEFPOINTS
 62
     0
440
 16777216
100
AcDbPoint
 10
322.741240205532
 20
293.941461460808
 30
0.0
  0
POINT
  5
CD25
330
D0E7
100
AcDbEntity
  8
DEFPOINTS
 62
     0
440
 16777216
100
AcDbPoint
 10
432.211240238667
 20
305.232395629837
 30
0.0
  0
POINT
  5
CD26
330
D0E7
100
AcDbEntity
  8
DEFPOINTS
 62
     0
440
 16777216
100
AcDbPoint
 10
432.211240238667
 20
305.232395629837
 30
0.0
  0
ENDBLK
  5
D11A
330
D0E7
100
AcDbEntity
  8
0
100
AcDbBlockEnd
  0
BLOCK
  5
CD2B
330
D0E8
100
AcDbEntity
  8
0
100
AcDbBlockBegin
  2
*D40
 70
     1
 10
0.0
 20
0.0
 30
0.0
  3
*D40
  1

  0
LINE
  5
CD2D
330
D0E8
100
AcDbEntity
  8
Dim
440
 16777216
370
    -2
100
AcDbLine
 10
957.1981755092251
 20
244.688517971068
 30
0.0
 11
976.1351036695309
 21
244.688517971068
 31
0.0
  0
LINE
  5
CD2E
330
D0E8
100
AcDbEntity
  8
Dim
440
 16777216
370
    -2
100
AcDbLine
 10
956.237100598587
 20
98.68851797106771
 30
0.0
 11
976.1351036695309
 21
98.68851797106771
 31
0.0
  0
LINE
  5
CD2F
330
D0E8
100
AcDbEntity
  8
Dim
440
 16777216
370
    -2
100
AcDbLine
 10
971.6351036695309
 20
244.782267971068
 30
0.0
 11
971.6351036695309
 21
98.5947679710677
 31
0.0
  0
INSERT
  5
CD30
330
D0E8
100
AcDbEntity
  8
Dim
440
 16777216
370
    -2
100
AcDbBlockReference
  2
_ARCHTICK
 10
971.6351036695309
 20
244.688517971068
 30
0.0
 41
4.5
 42
4.5
 43
4.5
 50
90.0
  0
INSERT
  5
CD31
330
D0E8
100
AcDbEntity
  8
Dim
440
 16777216
370
    -2
100
AcDbBlockReference
  2
_ARCHTICK
 10
971.6351036695309
 20
98.68851797106771
 30
0.0
 41
4.5
 42
4.5
 43
4.5
 50
270.0
  0
MTEXT
  5
CD32
330
D0E8
100
AcDbEntity
  8
Dim
440
 16777216
100
AcDbMText
 10
966.4029608123891
 20
171.688517971068
 30
0.0
 40
3.75
 41
0.0
 46
0.0
 71
     5
 72
     5
  1
\A1;12'-2"
  7
ROMANS
 11
0.0000000000000001
 21
1.0
 31
0.0
 73
     1
 44
1.0
  0
MTEXT
  5
CD33
330
D0E8
100
AcDbEntity
  8
Dim
440
 16777216
100
AcDbMText
 10
977.492246526674
 20
171.688517971068
 30
0.0
 40
3.75
 41
0.0
 46
0.0
 71
     5
 72
     5
  1
\A1;[3708]
  7
ROMANS
 11
0.0000000000000001
 21
1.0
 31
0.0
 73
     1
 44
1.0
  0
POINT
  5
CD34
330
D0E8
100
AcDbEntity
  8
DEFPOINTS
 62
     0
440
 16777216
100
AcDbPoint
 10
952.6981755092251
 20
244.688517971068
 30
0.0
  0
POINT
  5
CD35
330
D0E8
100
AcDbEntity
  8
DEFPOINTS
 62
     0
440
 16777216
100
AcDbPoint
 10
951.737100598587
 20
98.68851797106771
 30
0.0
  0
POINT
  5
CD36
330
D0E8
100
AcDbEntity
  8
DEFPOINTS
 62
     0
440
 16777216
100
AcDbPoint
 10
971.6351036695309
 20
98.68851797106771
 30
0.0
  0
ENDBLK
  5
D11B
330
D0E8
100
AcDbEntity
  8
0
100
AcDbBlockEnd
  0
BLOCK
  5
D11C
330
D0E9
100
AcDbEntity
  8
0
100
AcDbBlockBegin
  2
defender
 70
     0
 10
0.0
 20
0.0
 30
0.0
  3
defender
  1

  0
MTEXT
  5
D11D
330
D0E9
100
AcDbEntity
  8
0
 62
   254
100
AcDbMText
 10
0.0
 20
0.0
 30
0.0
 40
0.0599999986588955
 41
0.5
 46
0.0
 71
     1
 72
     5
  1
Enterprise license is required
 73
     1
 44
1.0
  0
ENDBLK
  5
D11E
330
D0E9
100
AcDbEntity
  8
0
100
AcDbBlockEnd
  0
ENDSEC
  0
SECTION
  2
ENTITIES
  0
LINE
  5
977
330
D0BE
100
AcDbEntity
  8
Center
  6
CENTER
 48
5.0
100
AcDbLine
 10
144.741855603816
 20
194.072153003604
 30
0.0
 11
144.741855603816
 21
308.670725484705
 31
0.0
  0
LINE
  5
978
330
D0BE
100
AcDbEntity
  8
Struc_Section_Dim
 48
0.100000001490116
100
AcDbLine
 10
594.7412402055309
 20
13.7114797174901
 30
0.0
 11
594.7412402055269
 21
268.161177774214
 31
0.0
  0
LINE
  5
979
330
D0BE
100
AcDbEntity
  8
Struc_Section_Dim
 48
2.0
100
AcDbLine
 10
322.741240205527
 20
13.7114797174901
 30
0.0
 11
322.741240205532
 21
293.941461460808
 31
0.0
  0
LINE
  5
97A
330
D0BE
100
AcDbEntity
  8
Struc_Section_Dim
 48
10.0
100
AcDbLine
 10
590.7412402055309
 20
28.2321629452446
 30
0.0
 11
590.7412402055309
 21
103.688517971068
 31
0.0
  0
LINE
  5
97B
330
D0BE
100
AcDbEntity
  8
Struc_Section_Steel
 48
2.0
100
AcDbLine
 10
432.2112402055259
 20
244.688517971068
 30
0.0
 11
434.6829258644279
 21
244.688517971069
 31
0.0
  0
LINE
  5
97C
330
D0BE
100
AcDbEntity
  8
Struc_Section_Steel
 48
2.0
100
AcDbLine
 10
536.021240205529
 20
174.188517971068
 30
0.0
 11
536.021240205524
 21
181.183174317339
 31
0.0
  0
LINE
  5
97D
330
D0BE
100
AcDbEntity
  8
LAYER11A
100
AcDbLine
 10
330.741240205529
 20
98.6885179710673
 30
0.0
 11
586.741240205529
 21
98.6885179710673
 31
0.0
  0
LINE
  5
97E
330
D0BE
100
AcDbEntity
  8
LAYER11A
100
AcDbLine
 10
322.741240205529
 20
103.688517971068
 30
0.0
 11
594.741240205529
 21
103.688517971068
 31
0.0
  0
LINE
  5
97F
330
D0BE
100
AcDbEntity
  8
LAYER11A
100
AcDbLine
 10
594.741240205529
 20
103.688517971068
 30
0.0
 11
594.741240205529
 21
98.68851797106771
 31
0.0
  0
LINE
  5
980
330
D0BE
100
AcDbEntity
  8
LAYER11A
100
AcDbLine
 10
322.741240205529
 20
103.688517971068
 30
0.0
 11
322.741240205529
 21
79.68851797106771
 31
0.0
  0
LINE
  5
981
330
D0BE
100
AcDbEntity
  8
LAYER11A
100
AcDbLine
 10
322.741240205529
 20
79.68851797106771
 30
0.0
 11
330.741240205529
 21
79.68851797106771
 31
0.0
  0
LINE
  5
982
330
D0BE
100
AcDbEntity
  8
LAYER11A
100
AcDbLine
 10
330.741240205529
 20
79.68851797106771
 30
0.0
 11
330.741240205529
 21
103.688517971068
 31
0.0
  0
LINE
  5
983
330
D0BE
100
AcDbEntity
  8
LAYER11A
100
AcDbLine
 10
594.741240205529
 20
103.688517971068
 30
0.0
 11
594.741240205529
 21
79.68851797106771
 31
0.0
  0
LINE
  5
984
330
D0BE
100
AcDbEntity
  8
LAYER11A
100
AcDbLine
 10
586.741240205529
 20
79.68851797106771
 30
0.0
 11
586.741240205529
 21
103.688517971068
 31
0.0
  0
LINE
  5
985
330
D0BE
100
AcDbEntity
  8
Struc_Section_Conc
 48
2.0
100
AcDbLine
 10
432.211240205524
 20
244.688517971069
 30
0.0
 11
322.741240205531
 21
244.688517971068
 31
0.0
  0
LINE
  5
986
330
D0BE
100
AcDbEntity
  8
Struc_Section_Dim
 48
10.0
100
AcDbLine
 10
326.741240205529
 20
28.2321629452446
 30
0.0
 11
326.741240205529
 21
103.688517971068
 31
0.0
  0
LINE
  5
987
330
D0BE
100
AcDbEntity
  8
LAYER11A
100
AcDbLine
 10
330.741240205529
 20
79.68851797106771
 30
0.0
 11
586.741240205529
 21
79.68851797106771
 31
0.0
  0
LINE
  5
988
330
D0BE
100
AcDbEntity
  8
LAYER11A
100
AcDbLine
 10
586.741240205529
 20
79.68851797106771
 30
0.0
 11
594.741240205529
 21
79.68851797106771
 31
0.0
  0
LINE
  5
989
330
D0BE
100
AcDbEntity
  8
Struc_Section_Steel
 48
2.0
100
AcDbLine
 10
432.2112402055259
 20
231.188517971068
 30
0.0
 11
432.211240205528
 21
244.688517971068
 31
0.0
  0
LINE
  5
98A
330
D0BE
100
AcDbEntity
  8
Struc_Section_Steel
 48
2.0
100
AcDbLine
 10
432.2112402055259
 20
239.188517971068
 30
0.0
 11
429.9612402055259
 21
239.188517971068
 31
0.0
  0
LINE
  5
98B
330
D0BE
100
AcDbEntity
  8
Struc_Section_Steel
 48
2.0
100
AcDbLine
 10
432.2112402055259
 20
231.188517971068
 30
0.0
 11
429.9612402055259
 21
231.188517971068
 31
0.0
  0
LINE
  5
98C
330
D0BE
100
AcDbEntity
  8
Struc_Section_Steel
 48
2.0
100
AcDbLine
 10
431.7330291412139
 20
238.745995188561
 30
0.0
 11
430.075345737683
 21
238.891023694085
 31
0.0
  0
LINE
  5
98D
330
D0BE
100
AcDbEntity
  8
Struc_Section_Steel
 48
2.0
100
AcDbLine
 10
431.961240205526
 20
231.880089428099
 30
0.0
 11
431.961240205526
 21
238.496946514038
 31
0.0
  0
ARC
  5
98E
330
D0BE
100
AcDbEntity
  8
Struc_Section_Steel
 48
2.0
100
AcDbCircle
 10
431.711240205526
 20
238.496946514038
 30
0.0
 40
0.25
100
AcDbArc
 50
0.0
 51
85.00000000002541
  0
LINE
  5
98F
330
D0BE
100
AcDbEntity
  8
Struc_Section_Steel
 48
2.0
100
AcDbLine
 10
431.7330291412139
 20
231.631040753575
 30
0.0
 11
430.075345737683
 21
231.486012248052
 31
0.0
  0
ARC
  5
990
330
D0BE
100
AcDbEntity
  8
Struc_Section_Steel
 48
2.0
100
AcDbCircle
 10
431.711240205526
 20
231.880089428099
 30
0.0
 40
0.25
100
AcDbArc
 50
274.999999999975
 51
0.0
  0
LINE
  5
991
330
D0BE
100
AcDbEntity
  8
Struc_Section_Steel
 48
2.0
100
AcDbLine
 10
429.9612402055259
 20
239.188517971068
 30
0.0
 11
429.9612402055259
 21
239.015548031346
 31
0.0
  0
LINE
  5
992
330
D0BE
100
AcDbEntity
  8
Struc_Section_Steel
 48
2.0
100
AcDbLine
 10
429.9612402055259
 20
231.36148791079
 30
0.0
 11
429.9612402055259
 21
231.188517971068
 31
0.0
  0
ARC
  5
993
330
D0BE
100
AcDbEntity
  8
Struc_Section_Steel
 48
2.0
100
AcDbCircle
 10
430.0862402055259
 20
239.015548031346
 30
0.0
 40
0.125
100
AcDbArc
 50
180.0
 51
265.000000000025
  0
ARC
  5
994
330
D0BE
100
AcDbEntity
  8
Struc_Section_Steel
 48
2.0
100
AcDbCircle
 10
430.0862402055259
 20
231.36148791079
 30
0.0
 40
0.125
100
AcDbArc
 50
94.99999999997459
 51
180.0
  0
LINE
  5
995
330
D0BE
100
AcDbEntity
  8
Struc_Section_Conc
 48
2.0
100
AcDbLine
 10
430.616240205531
 20
239.188517971068
 30
0.0
 11
322.741240205531
 21
239.188517971068
 31
0.0
  0
LINE
  5
996
330
D0BE
100
AcDbEntity
  8
Struc_Section_Conc
 48
2.0
100
AcDbLine
 10
322.741240205531
 20
244.688517971068
 30
0.0
 11
322.741240205531
 21
239.188517971068
 31
0.0
  0
LINE
  5
997
330
D0BE
100
AcDbEntity
  8
Struc_Section_Conc
 48
2.0
100
AcDbLine
 10
432.211240205524
 20
244.688517971069
 30
0.0
 11
432.2112402055259
 21
239.188517971068
 31
0.0
  0
LINE
  5
998
330
D0BE
100
AcDbEntity
  8
LAYER131A
100
AcDbLine
 10
533.241240205532
 20
160.188517971067
 30
0.0
 11
533.2412402055249
 21
104.438517971068
 31
0.0
  0
LINE
  5
999
330
D0BE
100
AcDbEntity
  8
LAYER131A
100
AcDbLine
 10
536.2412402055319
 20
160.188517971067
 30
0.0
 11
536.2412402055319
 21
104.438517971068
 31
0.0
  0
LINE
  5
99A
330
D0BE
100
AcDbEntity
  8
LAYER131D
  6
HIDDEN
 48
4.0
100
AcDbLine
 10
533.491240205531
 20
159.688517971068
 30
0.0
 11
533.4912402055249
 21
104.438517971068
 31
0.0
  0
LINE
  5
99B
330
D0BE
100
AcDbEntity
  8
LAYER131D
  6
HIDDEN
 48
4.0
100
AcDbLine
 10
535.991240205532
 20
159.688517971067
 30
0.0
 11
535.991240205532
 21
104.438517971068
 31
0.0
  0
LINE
  5
99C
330
D0BE
100
AcDbEntity
  8
Struc_Section_Conc
 48
20.0
100
AcDbLine
 10
432.2112402055259
 20
240.688517971068
 30
0.0
 11
322.741240205531
 21
240.688517971068
 31
0.0
  0
LINE
  5
99D
330
D0BE
100
AcDbEntity
  8
Struc_Section_Steel
 48
2.0
100
AcDbLine
 10
361.892176900148
 20
239.188517971068
 30
0.0
 11
359.642176900148
 21
239.188517971068
 31
0.0
  0
LINE
  5
99E
330
D0BE
100
AcDbEntity
  8
Struc_Section_Steel
 48
2.0
100
AcDbLine
 10
361.892176900148
 20
231.188517971068
 30
0.0
 11
359.642176900148
 21
231.188517971068
 31
0.0
  0
LINE
  5
99F
330
D0BE
100
AcDbEntity
  8
Struc_Section_Steel
 48
2.0
100
AcDbLine
 10
361.413965835836
 20
238.745995188561
 30
0.0
 11
359.756282432305
 21
238.891023694085
 31
0.0
  0
LINE
  5
9A0
330
D0BE
100
AcDbEntity
  8
Struc_Section_Steel
 48
2.0
100
AcDbLine
 10
361.642176900148
 20
231.880089428099
 30
0.0
 11
361.642176900148
 21
238.496946514038
 31
0.0
  0
ARC
  5
9A1
330
D0BE
100
AcDbEntity
  8
Struc_Section_Steel
 48
2.0
100
AcDbCircle
 10
361.392176900148
 20
238.496946514038
 30
0.0
 40
0.25
100
AcDbArc
 50
0.0
 51
85.00000000002541
  0
LINE
  5
9A2
330
D0BE
100
AcDbEntity
  8
Struc_Section_Steel
 48
2.0
100
AcDbLine
 10
361.413965835836
 20
231.631040753575
 30
0.0
 11
359.756282432305
 21
231.486012248052
 31
0.0
  0
ARC
  5
9A3
330
D0BE
100
AcDbEntity
  8
Struc_Section_Steel
 48
2.0
100
AcDbCircle
 10
361.392176900148
 20
231.880089428099
 30
0.0
 40
0.25
100
AcDbArc
 50
274.999999999975
 51
0.0
  0
LINE
  5
9A4
330
D0BE
100
AcDbEntity
  8
Struc_Section_Steel
 48
2.0
100
AcDbLine
 10
359.642176900148
 20
239.188517971068
 30
0.0
 11
359.642176900148
 21
239.015548031346
 31
0.0
  0
LINE
  5
9A5
330
D0BE
100
AcDbEntity
  8
Struc_Section_Steel
 48
2.0
100
AcDbLine
 10
359.642176900148
 20
231.36148791079
 30
0.0
 11
359.642176900148
 21
231.188517971068
 31
0.0
  0
ARC
  5
9A6
330
D0BE
100
AcDbEntity
  8
Struc_Section_Steel
 48
2.0
100
AcDbCircle
 10
359.767176900148
 20
239.015548031346
 30
0.0
 40
0.125
100
AcDbArc
 50
180.0
 51
265.000000000025
  0
ARC
  5
9A7
330
D0BE
100
AcDbEntity
  8
Struc_Section_Steel
 48
2.0
100
AcDbCircle
 10
359.767176900148
 20
231.36148791079
 30
0.0
 40
0.125
100
AcDbArc
 50
94.99999999997459
 51
180.0
  0
LINE
  5
9A8
330
D0BE
100
AcDbEntity
  8
Struc_Section_Steel
 48
2.0
100
AcDbLine
 10
361.892176900148
 20
239.188517971068
 30
0.0
 11
361.892176900148
 21
231.188517971068
 31
0.0
  0
LWPOLYLINE
  5
9A9
330
D0BE
100
AcDbEntity
  8
Struc_Section_BP
 48
2.0
100
AcDbPolyline
 90
        4
 70
     1
 43
0.0
 10
529.741240205529
 20
103.688517971068
 10
539.741240205529
 20
103.688517971068
 10
539.741240205529
 20
104.438517971068
 10
529.741240205529
 20
104.438517971068
  0
LINE
  5
9AA
330
D0BE
100
AcDbEntity
  8
C-241-1
100
AcDbLine
 10
538.1151577313049
 20
106.160167455603
 30
0.0
 11
538.1151577313049
 21
105.118930342201
 31
0.0
  0
LINE
  5
9AB
330
D0BE
100
AcDbEntity
  8
C-241-1
100
AcDbLine
 10
538.8673226797579
 20
106.160167455603
 30
0.0
 11
538.8673226797579
 21
105.118930342201
 31
0.0
  0
LINE
  5
9AC
330
D0BE
100
AcDbEntity
  8
C-241-1
100
AcDbLine
 10
539.612168040583
 20
104.624084981376
 30
0.0
 11
537.3703123704799
 21
104.624084981376
 31
0.0
  0
LINE
  5
9AD
330
D0BE
100
AcDbEntity
  8
C-241-1
100
AcDbLine
 10
539.612168040583
 20
104.438517971068
 30
0.0
 11
537.3703123704799
 21
104.438517971068
 31
0.0
  0
LINE
  5
9AE
330
D0BE
100
AcDbEntity
  8
C-241-1
100
AcDbLine
 10
539.612168040583
 20
104.624084981376
 30
0.0
 11
539.612168040583
 21
104.438517971067
 31
0.0
  0
LINE
  5
9AF
330
D0BE
100
AcDbEntity
  8
C-241-1
 48
2.0
100
AcDbLine
 10
538.115157731307
 20
105.1189303422
 30
0.0
 11
538.1151577313049
 21
85.43851797106771
 31
0.0
  0
LINE
  5
9B0
330
D0BE
100
AcDbEntity
  8
C-241-1
 48
2.0
100
AcDbLine
 10
538.867322679754
 20
105.1189303422
 30
0.0
 11
538.8673226797599
 21
85.43851797106771
 31
0.0
  0
LINE
  5
9B1
330
D0BE
100
AcDbEntity
  8
C-241-1
 48
2.0
100
AcDbLine
 10
538.8673226797599
 20
85.43851797106771
 30
0.0
 11
538.1151577313049
 21
85.43851797106771
 31
0.0
  0
LINE
  5
9B2
330
D0BE
100
AcDbEntity
  8
C-241-1
100
AcDbLine
 10
539.3621680405829
 20
105.118930342201
 30
0.0
 11
537.6203123704799
 21
105.118930342201
 31
0.0
  0
LINE
  5
9B3
330
D0BE
100
AcDbEntity
  8
C-241-1
100
AcDbLine
 10
539.3621680405829
 20
105.118930342201
 30
0.0
 11
539.3621680405829
 21
104.624084981376
 31
0.0
  0
LINE
  5
9B4
330
D0BE
100
AcDbEntity
  8
C-241-1
100
AcDbLine
 10
537.6203123704799
 20
105.118930342201
 30
0.0
 11
537.6203123704799
 21
104.624084981376
 31
0.0
  0
LINE
  5
9B5
330
D0BE
100
AcDbEntity
  8
C-241-1
100
AcDbLine
 10
538.8673226797579
 20
106.160167455603
 30
0.0
 11
538.1151577313049
 21
106.160167455603
 31
0.0
  0
LINE
  5
9B6
330
D0BE
100
AcDbEntity
  8
C-241-1
100
AcDbLine
 10
537.3703123704799
 20
104.624084981376
 30
0.0
 11
537.3703123704799
 21
104.438517971067
 31
0.0
  0
LINE
  5
9B7
330
D0BE
100
AcDbEntity
  8
C-241-1
100
AcDbLine
 10
531.3673226797529
 20
106.160167455603
 30
0.0
 11
531.3673226797529
 21
105.118930342201
 31
0.0
  0
LINE
  5
9B8
330
D0BE
100
AcDbEntity
  8
C-241-1
100
AcDbLine
 10
530.615157731297
 20
106.160167455603
 30
0.0
 11
530.615157731297
 21
105.118930342201
 31
0.0
  0
LINE
  5
9B9
330
D0BE
100
AcDbEntity
  8
C-241-1
100
AcDbLine
 10
529.870312370474
 20
104.624084981376
 30
0.0
 11
532.1121680405759
 21
104.624084981376
 31
0.0
  0
LINE
  5
9BA
330
D0BE
100
AcDbEntity
  8
C-241-1
100
AcDbLine
 10
529.870312370474
 20
104.438517971068
 30
0.0
 11
532.1121680405759
 21
104.438517971068
 31
0.0
  0
LINE
  5
9BB
330
D0BE
100
AcDbEntity
  8
C-241-1
 48
2.0
100
AcDbLine
 10
531.3673226797489
 20
105.1189303422
 30
0.0
 11
531.3673226797529
 21
85.43851797106771
 31
0.0
  0
LINE
  5
9BC
330
D0BE
100
AcDbEntity
  8
C-241-1
 48
2.0
100
AcDbLine
 10
530.6151577313009
 20
105.1189303422
 30
0.0
 11
530.615157731297
 21
85.43851797106771
 31
0.0
  0
LINE
  5
9BD
330
D0BE
100
AcDbEntity
  8
C-241-1
 48
2.0
100
AcDbLine
 10
530.615157731297
 20
85.43851797106771
 30
0.0
 11
531.3673226797529
 21
85.43851797106771
 31
0.0
  0
LINE
  5
9BE
330
D0BE
100
AcDbEntity
  8
C-241-1
100
AcDbLine
 10
530.120312370474
 20
105.118930342201
 30
0.0
 11
531.8621680405759
 21
105.118930342201
 31
0.0
  0
LINE
  5
9BF
330
D0BE
100
AcDbEntity
  8
C-241-1
100
AcDbLine
 10
530.120312370474
 20
105.118930342201
 30
0.0
 11
530.120312370474
 21
104.624084981376
 31
0.0
  0
LINE
  5
9C0
330
D0BE
100
AcDbEntity
  8
C-241-1
100
AcDbLine
 10
531.8621680405759
 20
105.118930342201
 30
0.0
 11
531.8621680405759
 21
104.624084981376
 31
0.0
  0
LINE
  5
9C1
330
D0BE
100
AcDbEntity
  8
C-241-1
100
AcDbLine
 10
530.615157731297
 20
106.160167455603
 30
0.0
 11
531.3673226797529
 21
106.160167455603
 31
0.0
  0
LINE
  5
9C2
330
D0BE
100
AcDbEntity
  8
C-241-1
100
AcDbLine
 10
532.1121680405759
 20
104.624084981376
 30
0.0
 11
532.1121680405759
 21
104.438517971067
 31
0.0
  0
LINE
  5
9C3
330
D0BE
100
AcDbEntity
  8
C-241-1
100
AcDbLine
 10
529.870312370474
 20
104.624084981376
 30
0.0
 11
529.870312370474
 21
104.438517971067
 31
0.0
  0
LINE
  5
9C4
330
D0BE
100
AcDbEntity
  8
Struc_Section_Dim
 48
10.0
100
AcDbLine
 10
590.7412402055249
 20
150.20388775526
 30
0.0
 11
590.7412402055249
 21
280.491835694989
 31
0.0
  0
LINE
  5
9C5
330
D0BE
100
AcDbEntity
  8
Struc_Section_Dim
 48
10.0
100
AcDbLine
 10
534.741240205529
 20
103.688517971068
 30
0.0
 11
534.741240205529
 21
231.146418133852
 31
0.0
  0
LINE
  5
9C6
330
D0BE
100
AcDbEntity
  8
Struc_Section_Dim
 48
10.0
100
AcDbLine
 10
326.732645247459
 20
206.388574578985
 30
0.0
 11
326.732645247459
 21
293.941461460808
 31
0.0
  0
LINE
  5
9C7
330
D0BE
100
AcDbEntity
  8
Struc_Section_Steel
 48
2.0
100
AcDbLine
 10
397.051708552837
 20
239.188517971068
 30
0.0
 11
394.801708552837
 21
239.188517971068
 31
0.0
  0
LINE
  5
9C8
330
D0BE
100
AcDbEntity
  8
Struc_Section_Steel
 48
2.0
100
AcDbLine
 10
397.051708552837
 20
231.188517971068
 30
0.0
 11
394.801708552837
 21
231.188517971068
 31
0.0
  0
LINE
  5
9C9
330
D0BE
100
AcDbEntity
  8
Struc_Section_Steel
 48
2.0
100
AcDbLine
 10
396.573497488525
 20
238.74599518856
 30
0.0
 11
394.915814084994
 21
238.891023694084
 31
0.0
  0
LINE
  5
9CA
330
D0BE
100
AcDbEntity
  8
Struc_Section_Steel
 48
2.0
100
AcDbLine
 10
396.801708552837
 20
231.880089428098
 30
0.0
 11
396.801708552837
 21
238.496946514037
 31
0.0
  0
ARC
  5
9CB
330
D0BE
100
AcDbEntity
  8
Struc_Section_Steel
 48
2.0
100
AcDbCircle
 10
396.551708552837
 20
238.496946514037
 30
0.0
 40
0.25
100
AcDbArc
 50
0.0
 51
85.00000000002541
  0
LINE
  5
9CC
330
D0BE
100
AcDbEntity
  8
Struc_Section_Steel
 48
2.0
100
AcDbLine
 10
396.573497488525
 20
231.631040753575
 30
0.0
 11
394.915814084994
 21
231.486012248051
 31
0.0
  0
ARC
  5
9CD
330
D0BE
100
AcDbEntity
  8
Struc_Section_Steel
 48
2.0
100
AcDbCircle
 10
396.551708552837
 20
231.880089428098
 30
0.0
 40
0.25
100
AcDbArc
 50
274.999999999975
 51
0.0
  0
LINE
  5
9CE
330
D0BE
100
AcDbEntity
  8
Struc_Section_Steel
 48
2.0
100
AcDbLine
 10
394.801708552837
 20
239.188517971068
 30
0.0
 11
394.801708552837
 21
239.015548031346
 31
0.0
  0
LINE
  5
9CF
330
D0BE
100
AcDbEntity
  8
Struc_Section_Steel
 48
2.0
100
AcDbLine
 10
394.801708552837
 20
231.36148791079
 30
0.0
 11
394.801708552837
 21
231.188517971068
 31
0.0
  0
ARC
  5
9D0
330
D0BE
100
AcDbEntity
  8
Struc_Section_Steel
 48
2.0
100
AcDbCircle
 10
394.926708552837
 20
239.015548031346
 30
0.0
 40
0.125
100
AcDbArc
 50
180.0
 51
265.000000000025
  0
ARC
  5
9D1
330
D0BE
100
AcDbEntity
  8
Struc_Section_Steel
 48
2.0
100
AcDbCircle
 10
394.926708552837
 20
231.36148791079
 30
0.0
 40
0.125
100
AcDbArc
 50
94.99999999997459
 51
180.0
  0
LINE
  5
9D2
330
D0BE
100
AcDbEntity
  8
Struc_Section_Steel
 48
2.0
100
AcDbLine
 10
397.051708552837
 20
239.188517971068
 30
0.0
 11
397.051708552837
 21
231.188517971068
 31
0.0
  0
LINE
  5
9D3
330
D0BE
100
AcDbEntity
  8
LAYER131A
100
AcDbLine
 10
150.741855603812
 20
170.188517971066
 30
0.0
 11
150.741855603819
 21
104.438517971068
 31
0.0
  0
LINE
  5
9D4
330
D0BE
100
AcDbEntity
  8
LAYER131A
100
AcDbLine
 10
146.741855603812
 20
170.188517971066
 30
0.0
 11
146.741855603812
 21
104.438517971068
 31
0.0
  0
LINE
  5
9D5
330
D0BE
100
AcDbEntity
  8
Struc_Section_Steel
 48
4.0
100
AcDbLine
 10
150.49185560381
 20
170.188517971066
 30
0.0
 11
150.491855603819
 21
104.438517971068
 31
0.0
  0
LINE
  5
9D6
330
D0BE
100
AcDbEntity
  8
Struc_Section_Steel
 48
4.0
100
AcDbLine
 10
146.991855603812
 20
170.188517971066
 30
0.0
 11
146.991855603812
 21
104.438517971068
 31
0.0
  0
LINE
  5
9D7
330
D0BE
100
AcDbEntity
  8
Struc_Section_Dim
 48
2.0
100
AcDbLine
 10
36.7418556038155
 20
103.688517971068
 30
0.0
 11
179.453255920041
 21
103.688517971068
 31
0.0
  0
LINE
  5
9D8
330
D0BE
100
AcDbEntity
  8
Struc_Section_Steel
100
AcDbLine
 10
42.7418556038191
 20
170.188517971066
 30
0.0
 11
146.741855603814
 21
170.188517971066
 31
0.0
  0
LINE
  5
9D9
330
D0BE
100
AcDbEntity
  8
Struc_Section_Steel
 48
10.0
100
AcDbLine
 10
43.2418556038209
 20
169.876017971066
 30
0.0
 11
146.241855603812
 21
169.876017971066
 31
0.0
  0
LINE
  5
9DA
330
D0BE
100
AcDbEntity
  8
Struc_Section_Steel
 48
10.0
100
AcDbLine
 10
43.2418556038209
 20
160.626017971065
 30
0.0
 11
146.24185560381
 21
160.626017971066
 31
0.0
  0
LINE
  5
9DB
330
D0BE
100
AcDbEntity
  8
Struc_Section_Steel
100
AcDbLine
 10
43.2418556038209
 20
160.313517971066
 30
0.0
 11
146.24185560381
 21
160.313517971066
 31
0.0
  0
LINE
  5
9DC
330
D0BE
100
AcDbEntity
  8
Struc_Section_Dim
 48
2.0
100
AcDbLine
 10
36.7418556038155
 20
79.68851797106771
 30
0.0
 11
36.7418556038155
 21
103.688517971068
 31
0.0
  0
LINE
  5
9DD
330
D0BE
100
AcDbEntity
  8
Struc_Section_Dim
 48
2.0
100
AcDbLine
 10
197.656857804874
 20
243.400336653238
 30
0.0
 11
197.3509079051139
 21
242.983580877338
 31
0.0
  0
LINE
  5
9DE
330
D0BE
100
AcDbEntity
  8
Struc_Section_Dim
 48
2.0
100
AcDbLine
 10
197.3509079051139
 20
242.983580877338
 30
0.0
 11
198.188492657873
 21
242.487767161739
 31
0.0
  0
LINE
  5
9DF
330
D0BE
100
AcDbEntity
  8
Struc_Section_Dim
 48
2.0
100
AcDbLine
 10
198.188492657873
 20
242.487767161739
 30
0.0
 11
197.594815220151
 21
241.999379137967
 31
0.0
  0
LINE
  5
9E0
330
D0BE
100
AcDbEntity
  8
Struc_Section_Dim
 48
2.0
100
AcDbLine
 10
197.594815220151
 20
241.999379137967
 30
0.0
 11
197.594815220151
 21
240.239355360972
 31
0.0
  0
LINE
  5
9E1
330
D0BE
100
AcDbEntity
  8
Struc_Section_Dim
 48
2.0
100
AcDbLine
 10
44.7418556038155
 20
98.68851797106771
 30
0.0
 11
144.741855603816
 21
98.68851797106771
 31
0.0
  0
LINE
  5
9E2
330
D0BE
100
AcDbEntity
  8
Center
  6
CENTER
 48
5.0
100
AcDbLine
 10
36.7418556038155
 20
103.688517971068
 30
0.0
 11
36.7418556038155
 21
308.670725484705
 31
0.0
  0
LINE
  5
9E3
330
D0BE
100
AcDbEntity
  8
Struc_Section_Dim
 48
2.0
100
AcDbLine
 10
36.7418556038155
 20
79.68851797106771
 30
0.0
 11
44.7418556038155
 21
79.68851797106771
 31
0.0
  0
LINE
  5
9E4
330
D0BE
100
AcDbEntity
  8
Struc_Section_Steel
 48
2.0
100
AcDbLine
 10
146.241855603814
 20
170.188517971066
 30
0.0
 11
146.241855603812
 21
168.321017971067
 31
0.0
  0
LINE
  5
9E5
330
D0BE
100
AcDbEntity
  8
Struc_Section_Dim
 48
2.0
100
AcDbLine
 10
179.453255920041
 20
104.263831006135
 30
0.0
 11
179.453255920041
 21
101.854455562655
 31
0.0
  0
LINE
  5
9E6
330
D0BE
100
AcDbEntity
  8
Struc_Section_Dim
 48
2.0
100
AcDbLine
 10
179.453255920041
 20
101.854455562655
 30
0.0
 11
178.9801738172829
 21
101.210037313281
 31
0.0
  0
LINE
  5
9E7
330
D0BE
100
AcDbEntity
  8
Struc_Section_Dim
 48
2.0
100
AcDbLine
 10
178.9801738172829
 20
101.210037313281
 30
0.0
 11
180.23655094642
 21
100.466316739881
 31
0.0
  0
LINE
  5
9E8
330
D0BE
100
AcDbEntity
  8
Struc_Section_Dim
 48
2.0
100
AcDbLine
 10
180.23655094642
 20
100.466316739881
 30
0.0
 11
179.391213335317
 21
99.77090077984371
 31
0.0
  0
LINE
  5
9E9
330
D0BE
100
AcDbEntity
  8
Struc_Section_Dim
 48
2.0
100
AcDbLine
 10
179.391213335317
 20
99.77090077984371
 30
0.0
 11
179.391213335317
 21
97.89612355480921
 31
0.0
  0
DIMENSION
  5
9EA
102
{ACAD_XDICTIONARY
360
1845
102
}
330
D0BE
100
AcDbEntity
  8
Dim @ 48
100
AcDbDimension
280
     0
  2
*D13
 10
36.7418556038155
 20
283.606417917473
 30
0.0
 11
90.74185560381549
 21
283.606417917473
 31
0.0
 71
     5
 42
0.0
 73
     0
 74
     0
 75
     0
  3
ROMANS
100
AcDbAlignedDimension
 13
144.741855603816
 23
282.204991504466
 33
0.0
 14
36.7418556038155
 24
282.204991504466
 34
0.0
 50
180.0
100
AcDbRotatedDimension
1001
AcadAnnotative
1000
AnnotativeData
1002
{
1070
     1
1070
     1
1002
}
1001
ACAD
1000
DSTYLE
1002
{
1070
    40
1040
48.0
1070
   147
1040
0.0625
1070
   141
1040
0.0625
1070
    42
1040
0.09375
1070
    44
1040
0.09375
1070
    41
1040
0.09375
1070
   140
1040
0.078125
1070
   279
1070
     2
1070
   289
1070
     0
1070
   174
1070
     0
1070
   175
1070
     0
1070
   172
1070
     0
1002
}
  0
LINE
  5
9EB
330
D0BE
100
AcDbEntity
  8
Center
  6
CENTER
 48
5.0
100
AcDbLine
 10
40.74185560381549
 20
220.81380303041
 30
0.0
 11
40.74185560381549
 21
308.670725484705
 31
0.0
  0
LINE
  5
9EC
330
D0BE
100
AcDbEntity
  8
Struc_Section_Conc
 48
2.0
100
AcDbLine
 10
37.7418556038155
 20
244.688517971068
 30
0.0
 11
145.741855603816
 21
244.688517971068
 31
0.0
  0
DIMENSION
  5
9ED
102
{ACAD_XDICTIONARY
360
1835
102
}
330
D0BE
100
AcDbEntity
  8
Dim @ 48
100
AcDbDimension
280
     0
  2
*D14
 10
40.74185560381549
 20
272.664879398704
 30
0.0
 11
92.7418556038155
 21
272.664879398704
 31
0.0
 71
     5
 42
0.0
 73
     0
 74
     0
 75
     0
  3
ROMANS
100
AcDbAlignedDimension
 13
144.741855603816
 23
272.973237563507
 33
0.0
 14
40.74185560381549
 24
272.973237563507
 34
0.0
 50
180.0
100
AcDbRotatedDimension
1001
AcadAnnotative
1000
AnnotativeData
1002
{
1070
     1
1070
     1
1002
}
1001
ACAD
1000
DSTYLE
1002
{
1070
    40
1040
48.0
1070
   147
1040
0.0625
1070
   141
1040
0.0625
1070
    42
1040
0.09375
1070
    44
1040
0.09375
1070
    41
1040
0.09375
1070
   140
1040
0.078125
1070
   279
1070
     2
1070
   289
1070
     0
1070
   174
1070
     0
1070
   175
1070
     0
1070
   172
1070
     0
1002
}
  0
DIMENSION
  5
9EE
102
{ACAD_XDICTIONARY
360
1854
102
}
330
D0BE
100
AcDbEntity
  8
Dim @ 48
100
AcDbDimension
280
     0
  2
*D15
 10
36.7418556038155
 20
272.664879398704
 30
0.0
 11
16.0141770323869
 21
272.664879398704
 31
0.0
 71
     5
 42
0.0
 73
     0
 74
     0
 75
     0
  3
ROMANS-beside
100
AcDbAlignedDimension
 13
40.74185560381549
 23
272.664879398704
 33
0.0
 14
36.7418556038155
 24
272.664879398704
 34
0.0
 50
180.0
100
AcDbRotatedDimension
1001
AcadAnnotative
1000
AnnotativeData
1002
{
1070
     1
1070
     1
1002
}
1001
ACAD
1000
DSTYLE
1002
{
1070
    40
1040
48.0
1070
   147
1040
0.0625
1070
   141
1040
0.0625
1070
    42
1040
0.09375
1070
    44
1040
0.09375
1070
    41
1040
0.09375
1070
   140
1040
0.078125
1070
   279
1070
     0
1070
   289
1070
     0
1070
   174
1070
     0
1070
   175
1070
     0
1070
   172
1070
     0
1002
}
  0
INSERT
  5
9EF
330
D0BE
100
AcDbEntity
  8
Struc_Section_Dim
100
AcDbBlockReference
  2
OUTSTANDINGCONN1
 10
146.741855603812
 20
162.181017971066
 30
0.0
 41
-1.0
  0
LINE
  5
9F0
330
D0BE
100
AcDbEntity
  8
Structural_SteelBeam
100
AcDbLine
 10
156.616855603816
 20
240.313517971068
 30
0.0
 11
156.616855603816
 21
225.188517971068
 31
0.0
  0
LINE
  5
9F1
330
D0BE
100
AcDbEntity
  8
Structural_SteelBeam
100
AcDbLine
 10
156.866855603816
 20
240.313517971068
 30
0.0
 11
156.866855603816
 21
225.188517971068
 31
0.0
  0
LINE
  5
9F2
330
D0BE
100
AcDbEntity
  8
Structural_SteelBeam
100
AcDbLine
 10
153.991855603816
 20
224.813517971068
 30
0.0
 11
159.491855603816
 21
224.813517971068
 31
0.0
  0
LINE
  5
9F3
330
D0BE
100
AcDbEntity
  8
Structural_SteelBeam
100
AcDbLine
 10
153.991855603816
 20
225.188517971068
 30
0.0
 11
156.616855603816
 21
225.188517971068
 31
0.0
  0
LINE
  5
9F4
330
D0BE
100
AcDbEntity
  8
Structural_SteelBeam
100
AcDbLine
 10
153.991855603816
 20
225.188517971068
 30
0.0
 11
153.991855603816
 21
224.813517971068
 31
0.0
  0
LINE
  5
9F5
330
D0BE
100
AcDbEntity
  8
Structural_SteelBeam
100
AcDbLine
 10
156.866855603816
 20
225.188517971068
 30
0.0
 11
159.491855603816
 21
225.188517971068
 31
0.0
  0
LINE
  5
9F6
330
D0BE
100
AcDbEntity
  8
Structural_SteelBeam
100
AcDbLine
 10
153.991855603816
 20
240.688517971068
 30
0.0
 11
159.491855603816
 21
240.688517971068
 31
0.0
  0
LINE
  5
9F7
330
D0BE
100
AcDbEntity
  8
Structural_SteelBeam
100
AcDbLine
 10
153.991855603816
 20
240.688517971068
 30
0.0
 11
153.991855603816
 21
240.313517971068
 31
0.0
  0
LINE
  5
9F8
330
D0BE
100
AcDbEntity
  8
Structural_SteelBeam
100
AcDbLine
 10
159.491855603816
 20
240.688517971068
 30
0.0
 11
159.491855603816
 21
240.313517971068
 31
0.0
  0
LINE
  5
9F9
330
D0BE
100
AcDbEntity
  8
Structural_SteelBeam
100
AcDbLine
 10
153.991855603816
 20
240.313517971068
 30
0.0
 11
156.616855603816
 21
240.313517971068
 31
0.0
  0
LINE
  5
9FA
330
D0BE
100
AcDbEntity
  8
Structural_SteelBeam
100
AcDbLine
 10
156.866855603816
 20
240.313517971068
 30
0.0
 11
159.491855603816
 21
240.313517971068
 31
0.0
  0
LINE
  5
9FB
330
D0BE
100
AcDbEntity
  8
Structural_SteelBeam
100
AcDbLine
 10
159.491855603816
 20
225.188517971068
 30
0.0
 11
159.491855603816
 21
224.813517971068
 31
0.0
  0
HATCH
  5
9FC
330
D0BE
100
AcDbEntity
  8
Structural_SteelBeam
100
AcDbHatch
 10
0.0
 20
0.0
 30
0.0
210
0.0
220
0.0
230
1.0
  2
STEEL
 70
     0
 71
     0
 91
        2
 92
        7
 72
     0
 73
     1
 93
        8
 10
153.991855603816
 20
240.688517971068
 10
153.991855603816
 20
240.313517971068
 10
156.616855603816
 20
240.313517971068
 10
156.616855603816
 20
225.188517971068
 10
153.991855603816
 20
225.188517971068
 10
153.991855603816
 20
224.813517971068
 10
156.741855603816
 20
224.813517971068
 10
156.741855603816
 20
240.688517971068
 97
        0
 92
        7
 72
     0
 73
     1
 93
        8
 10
159.491855603816
 20
240.313517971068
 10
159.491855603816
 20
240.688517971068
 10
156.741855603816
 20
240.688517971068
 10
156.741855603816
 20
224.813517971068
 10
159.491855603816
 20
224.813517971068
 10
159.491855603816
 20
225.188517971068
 10
156.866855603816
 20
225.188517971068
 10
156.866855603816
 20
240.313517971068
 97
        0
 75
     0
 76
     1
 52
0.0
 41
1.0
 77
     0
 78
     2
 53
45.0
 43
83.38267660541641
 44
170.849219397393
 45
-0.4419417382415921
 46
0.4419417382415921
 79
     0
 53
45.0
 43
83.53892660541641
 44
170.43408592091
 45
-0.4419417382415921
 46
0.4419417382415921
 79
     0
 47
0.000001
 98
        0
  0
LINE
  5
9FD
330
D0BE
100
AcDbEntity
  8
LAYER131A
100
AcDbLine
 10
42.7418556038191
 20
170.188517971067
 30
0.0
 11
38.7418556038209
 21
170.188517971066
 31
0.0
  0
LINE
  5
9FE
330
D0BE
100
AcDbEntity
  8
Struc_Section_Dim
 48
2.0
100
AcDbLine
 10
197.656857804874
 20
245.182044824298
 30
0.0
 11
197.656857804874
 21
243.400336653238
 31
0.0
  0
LINE
  5
9FF
330
D0BE
100
AcDbEntity
  8
Struc_Section_Conc
 48
2.0
100
AcDbLine
 10
145.741855603816
 20
240.68851797107
 30
0.0
 11
145.741855603816
 21
244.688517971068
 31
0.0
  0
LINE
  5
A00
330
D0BE
100
AcDbEntity
  8
Struc_Section_Conc
 48
2.0
100
AcDbLine
 10
145.741855603816
 20
244.688517971068
 30
0.0
 11
197.656857804874
 21
244.688517971068
 31
0.0
  0
LINE
  5
A01
330
D0BE
100
AcDbEntity
  8
Struc_Section_Conc
 48
2.0
100
AcDbLine
 10
145.741855603816
 20
240.68851797107
 30
0.0
 11
197.594815220151
 21
240.688517971068
 31
0.0
  0
LINE
  5
A02
330
D0BE
100
AcDbEntity
  8
Struc_Section_Conc
 48
20.0
100
AcDbLine
 10
145.741855603816
 20
242.18851797107
 30
0.0
 11
197.824729657737
 21
242.188517971068
 31
0.0
  0
LINE
  5
A03
330
D0BE
100
AcDbEntity
  8
Struc_Section_Conc
 48
2.0
100
AcDbLine
 10
94.466855603814
 20
240.688517971073
 30
0.0
 11
145.741855603816
 21
240.68851797107
 31
0.0
  0
LINE
  5
A04
330
D0BE
100
AcDbEntity
  8
Struc_Section_Stair
 48
5.0
100
AcDbLine
 10
43.6168556038155
 20
237.598517971068
 30
0.0
 11
92.80435560381549
 21
237.598517971068
 31
0.0
  0
LINE
  5
A05
330
D0BE
100
AcDbEntity
  8
Struc_Section_Stair
 48
5.0
100
AcDbLine
 10
43.6168556038155
 20
230.508517971068
 30
0.0
 11
92.80435560381549
 21
230.508517971068
 31
0.0
  0
LINE
  5
A06
330
D0BE
100
AcDbEntity
  8
Struc_Section_Stair
 48
5.0
100
AcDbLine
 10
43.6168556038155
 20
223.418517971068
 30
0.0
 11
92.80435560381549
 21
223.418517971068
 31
0.0
  0
LINE
  5
A07
330
D0BE
100
AcDbEntity
  8
Struc_Section_Stair
 48
5.0
100
AcDbLine
 10
43.6168556038155
 20
216.328517971068
 30
0.0
 11
92.80435560381549
 21
216.328517971068
 31
0.0
  0
LINE
  5
A08
330
D0BE
100
AcDbEntity
  8
Struc_Section_Stair
 48
5.0
100
AcDbLine
 10
43.6168556038155
 20
209.238517971068
 30
0.0
 11
92.80435560381549
 21
209.238517971068
 31
0.0
  0
LINE
  5
A09
330
D0BE
100
AcDbEntity
  8
Struc_Section_Stair
 48
5.0
100
AcDbLine
 10
43.6168556038155
 20
202.148517971068
 30
0.0
 11
92.80435560381549
 21
202.148517971068
 31
0.0
  0
LINE
  5
A0A
330
D0BE
100
AcDbEntity
  8
Struc_Section_Stair
 48
5.0
100
AcDbLine
 10
43.6168556038155
 20
195.058517971068
 30
0.0
 11
92.80435560381549
 21
195.058517971068
 31
0.0
  0
LINE
  5
A0B
330
D0BE
100
AcDbEntity
  8
Struc_Section_Stair
 48
5.0
100
AcDbLine
 10
43.6168556038155
 20
187.968517971068
 30
0.0
 11
92.80435560381549
 21
187.968517971068
 31
0.0
  0
LINE
  5
A0C
330
D0BE
100
AcDbEntity
  8
Struc_Section_Stair
 48
5.0
100
AcDbLine
 10
43.6168556038155
 20
180.878517971068
 30
0.0
 11
92.80435560381549
 21
180.878517971067
 31
0.0
  0
LINE
  5
A0D
330
D0BE
100
AcDbEntity
  8
Struc_Section_Stair
 48
5.0
100
AcDbLine
 10
94.80435560381549
 20
110.778517971068
 30
0.0
 11
143.991855603816
 21
110.778517971068
 31
0.0
  0
LINE
  5
A0E
330
D0BE
100
AcDbEntity
  8
Struc_Section_Stair
 48
5.0
100
AcDbLine
 10
94.80435560381549
 20
117.868517971068
 30
0.0
 11
143.991855603816
 21
117.868517971068
 31
0.0
  0
LINE
  5
A0F
330
D0BE
100
AcDbEntity
  8
Struc_Section_Stair
 48
5.0
100
AcDbLine
 10
94.80435560381549
 20
124.958517971068
 30
0.0
 11
143.991855603816
 21
124.958517971067
 31
0.0
  0
LINE
  5
A10
330
D0BE
100
AcDbEntity
  8
Struc_Section_Stair
 48
5.0
100
AcDbLine
 10
94.80435560381549
 20
132.048517971068
 30
0.0
 11
143.991855603816
 21
132.048517971067
 31
0.0
  0
LINE
  5
A11
330
D0BE
100
AcDbEntity
  8
Struc_Section_Stair
 48
5.0
100
AcDbLine
 10
94.80435560381549
 20
139.138517971068
 30
0.0
 11
143.991855603816
 21
139.138517971068
 31
0.0
  0
LINE
  5
A12
330
D0BE
100
AcDbEntity
  8
Struc_Section_Stair
 48
5.0
100
AcDbLine
 10
94.80435560381549
 20
146.228517971068
 30
0.0
 11
143.991855603816
 21
146.228517971068
 31
0.0
  0
LINE
  5
A13
330
D0BE
100
AcDbEntity
  8
Struc_Section_Stair
 48
5.0
100
AcDbLine
 10
94.80435560381549
 20
153.318517971068
 30
0.0
 11
143.991855603816
 21
153.318517971067
 31
0.0
  0
LINE
  5
A14
330
D0BE
100
AcDbEntity
  8
Struc_Section_Stair
 48
5.0
100
AcDbLine
 10
94.80435560381549
 20
160.408517971068
 30
0.0
 11
143.991855603816
 21
160.408517971067
 31
0.0
  0
LINE
  5
A15
330
D0BE
100
AcDbEntity
  8
Struc_Section_Conc
 48
20.0
100
AcDbLine
 10
94.80435560381549
 20
167.498517971068
 30
0.0
 11
143.991855603816
 21
167.498517971068
 31
0.0
  0
LINE
  5
A16
330
D0BE
100
AcDbEntity
  8
Struc_Section_Conc
 48
2.0
100
AcDbLine
 10
94.466855603814
 20
240.688517971073
 30
0.0
 11
37.7418556038155
 21
240.688517971077
 31
0.0
  0
LINE
  5
A17
330
D0BE
100
AcDbEntity
  8
Struc_Section_Conc
 48
20.0
100
AcDbLine
 10
145.741855603816
 20
242.18851797107
 30
0.0
 11
37.7418556038155
 21
242.18851797107
 31
0.0
  0
LINE
  5
A18
330
D0BE
100
AcDbEntity
  8
Struc_Section_Conc
 48
2.0
100
AcDbLine
 10
37.7418556038155
 20
240.688517971077
 30
0.0
 11
37.7418556038155
 21
244.688517971068
 31
0.0
  0
LINE
  5
A19
330
D0BE
100
AcDbEntity
  8
Struc_Section_Steel
100
AcDbLine
 10
38.7418556038155
 20
230.813517971077
 30
0.0
 11
38.7418556038155
 21
231.126017971077
 31
0.0
  0
LINE
  5
A1A
330
D0BE
100
AcDbEntity
  8
Struc_Section_Steel
100
AcDbLine
 10
38.7418556038155
 20
240.688517971077
 30
0.0
 11
42.7418556038155
 21
240.688517971077
 31
0.0
  0
LINE
  5
A1B
330
D0BE
100
AcDbEntity
  8
Struc_Section_Steel
100
AcDbLine
 10
42.7418556038155
 20
240.688517971077
 30
0.0
 11
42.7418556038155
 21
240.376017971077
 31
0.0
  0
LINE
  5
A1C
330
D0BE
100
AcDbEntity
  8
Struc_Section_Steel
100
AcDbLine
 10
42.7418556038155
 20
230.813517971077
 30
0.0
 11
38.7418556038155
 21
230.813517971077
 31
0.0
  0
LINE
  5
A1D
330
D0BE
100
AcDbEntity
  8
Struc_Section_Steel
100
AcDbLine
 10
38.7418556038155
 20
240.376017971077
 30
0.0
 11
40.3668556038155
 21
240.376017971077
 31
0.0
  0
LINE
  5
A1E
330
D0BE
100
AcDbEntity
  8
Struc_Section_Steel
100
AcDbLine
 10
42.7418556038155
 20
231.126017971077
 30
0.0
 11
41.1168556038155
 21
231.126017971077
 31
0.0
  0
LINE
  5
A1F
330
D0BE
100
AcDbEntity
  8
Struc_Section_Steel
100
AcDbLine
 10
40.6168556038155
 20
231.376017971077
 30
0.0
 11
40.6168556038155
 21
240.126017971077
 31
0.0
  0
LINE
  5
A20
330
D0BE
100
AcDbEntity
  8
Struc_Section_Steel
100
AcDbLine
 10
40.8668556038155
 20
231.376017971077
 30
0.0
 11
40.8668556038155
 21
240.126017971077
 31
0.0
  0
LINE
  5
A21
330
D0BE
100
AcDbEntity
  8
Struc_Section_Steel
100
AcDbLine
 10
42.7418556038155
 20
231.126017971077
 30
0.0
 11
42.7418556038155
 21
230.813517971077
 31
0.0
  0
LINE
  5
A22
330
D0BE
100
AcDbEntity
  8
Struc_Section_Steel
100
AcDbLine
 10
38.7418556038155
 20
240.376017971077
 30
0.0
 11
38.7418556038155
 21
240.688517971077
 31
0.0
  0
LINE
  5
A23
330
D0BE
100
AcDbEntity
  8
Struc_Section_Steel
100
AcDbLine
 10
41.1168556038155
 20
240.376017971077
 30
0.0
 11
42.7418556038155
 21
240.376017971077
 31
0.0
  0
LINE
  5
A24
330
D0BE
100
AcDbEntity
  8
Struc_Section_Steel
100
AcDbLine
 10
40.3668556038155
 20
231.126017971077
 30
0.0
 11
38.7418556038155
 21
231.126017971077
 31
0.0
  0
ARC
  5
A25
330
D0BE
100
AcDbEntity
  8
Struc_Section_Steel
100
AcDbCircle
 10
40.3668556038155
 20
240.126017971077
 30
0.0
 40
0.25
100
AcDbArc
 50
0.0
 51
90.0
  0
ARC
  5
A26
330
D0BE
100
AcDbEntity
  8
Struc_Section_Steel
100
AcDbCircle
 10
41.1168556038155
 20
240.126017971077
 30
0.0
 40
0.25
100
AcDbArc
 50
90.0
 51
180.0
  0
ARC
  5
A27
330
D0BE
100
AcDbEntity
  8
Struc_Section_Steel
100
AcDbCircle
 10
40.3668556038155
 20
231.376017971077
 30
0.0
 40
0.25
100
AcDbArc
 50
270.0
 51
0.0
  0
ARC
  5
A28
330
D0BE
100
AcDbEntity
  8
Struc_Section_Steel
100
AcDbCircle
 10
41.1168556038155
 20
231.376017971077
 30
0.0
 40
0.25
100
AcDbArc
 50
180.0
 51
270.0
  0
HATCH
  5
A29
330
D0BE
100
AcDbEntity
  8
Struc_Section_Steel
 48
2.0
100
AcDbHatch
 10
0.0
 20
0.0
 30
0.0
210
0.0
220
0.0
230
1.0
  2
STEEL
 70
     0
 71
     0
 91
        1
 92
        7
 72
     1
 73
     1
 93
       16
 10
43.6168556038155
 20
240.376017971077
 42
0.0
 10
43.6168556038155
 20
240.688517971077
 42
0.0
 10
37.8668556038155
 20
240.688517971077
 42
0.0
 10
37.8668556038155
 20
240.376017971077
 42
0.0
 10
40.3668556038155
 20
240.376017971077
 42
-0.4142135679721831
 10
40.6168556038155
 20
240.126017971077
 42
0.0
 10
40.6168556038155
 20
231.376017971077
 42
-0.4142135679721831
 10
40.3668556038155
 20
231.126017971077
 42
0.0
 10
37.8668556038155
 20
231.126017971077
 42
0.0
 10
37.8668556038155
 20
230.813517971077
 42
0.0
 10
43.6168556038155
 20
230.813517971077
 42
0.0
 10
43.6168556038155
 20
231.126017971077
 42
0.0
 10
41.1168556038155
 20
231.126017971077
 42
-0.4142135679721831
 10
40.8668556038155
 20
231.376017971077
 42
0.0
 10
40.8668556038155
 20
240.126017971077
 42
-0.4142135679721831
 10
41.1168556038155
 20
240.376017971077
 42
0.0
 97
        0
 75
     0
 76
     1
 52
0.0
 41
1.0
 77
     0
 78
     2
 53
45.0
 43
-5.0075011988682
 44
198.510201834055
 45
-0.4419417382415921
 46
0.4419417382415921
 79
     0
 53
45.0
 43
-4.85125119886819
 44
198.095068357572
 45
-0.4419417382415921
 46
0.4419417382415921
 79
     0
 47
0.000001
 98
        0
  0
LINE
  5
A2A
330
D0BE
100
AcDbEntity
  8
Center
  6
CENTER
 48
5.0
100
AcDbLine
 10
148.741855603816
 20
82.51925513261241
 30
0.0
 11
148.741855603816
 21
170.188517971066
 31
0.0
  0
LINE
  5
A2B
330
D0BE
100
AcDbEntity
  8
Center
  6
CENTER
 48
5.0
100
AcDbLine
 10
156.741855603816
 20
202.501922477957
 30
0.0
 11
156.741855603816
 21
308.670725484705
 31
0.0
  0
DIMENSION
  5
A2C
102
{ACAD_XDICTIONARY
360
1863
102
}
330
D0BE
100
AcDbEntity
  8
Dim @ 48
100
AcDbDimension
280
     0
  2
*D16
 10
156.741855603816
 20
272.664879398704
 30
0.0
 11
177.1614984609579
 21
272.664879398704
 31
0.0
 71
     5
 42
0.0
 73
     0
 74
     0
 75
     0
  3
ROMANS-beside
100
AcDbAlignedDimension
 13
144.741855603816
 23
272.664879398704
 33
0.0
 14
156.741855603816
 24
272.664879398704
 34
0.0
100
AcDbRotatedDimension
1001
AcadAnnotative
1000
AnnotativeData
1002
{
1070
     1
1070
     1
1002
}
1001
ACAD
1000
DSTYLE
1002
{
1070
    40
1040
48.0
1070
   147
1040
0.0625
1070
   141
1040
0.0625
1070
    42
1040
0.09375
1070
    44
1040
0.09375
1070
    41
1040
0.09375
1070
   140
1040
0.078125
1070
   279
1070
     0
1070
   289
1070
     0
1070
   174
1070
     0
1070
   175
1070
     0
1070
   172
1070
     0
1002
}
  0
LINE
  5
A2D
330
D0BE
100
AcDbEntity
  8
Struc_Section_Dim
 48
2.0
100
AcDbLine
 10
44.7418556038155
 20
79.68851797106771
 30
0.0
 11
44.7418556038155
 21
103.688517971068
 31
0.0
  0
LINE
  5
A2E
330
D0BE
100
AcDbEntity
  8
Struc_Section_Dim
 48
2.0
100
AcDbLine
 10
144.741855603816
 20
79.68851797106821
 30
0.0
 11
144.741855603816
 21
103.688517971068
 31
0.0
  0
LINE
  5
A2F
330
D0BE
100
AcDbEntity
  8
Struc_Section_Dim
 48
2.0
100
AcDbLine
 10
152.741855603816
 20
79.68851797106821
 30
0.0
 11
152.741855603816
 21
103.688517971068
 31
0.0
  0
LINE
  5
A30
330
D0BE
100
AcDbEntity
  8
Struc_Section_Dim
 48
2.0
100
AcDbLine
 10
152.741855603816
 20
98.68851797106771
 30
0.0
 11
179.391213335317
 21
98.68851797106771
 31
0.0
  0
LINE
  5
A31
330
D0BE
100
AcDbEntity
  8
Struc_Section_Dim
 48
2.0
100
AcDbLine
 10
144.741855603816
 20
79.68851797106771
 30
0.0
 11
152.741855603816
 21
79.68851797106771
 31
0.0
  0
LINE
  5
A32
330
D0BE
100
AcDbEntity
  8
C-241-1
100
AcDbLine
 10
149.117938078041
 20
106.160167455603
 30
0.0
 11
149.117938078041
 21
105.118930342201
 31
0.0
  0
LINE
  5
A33
330
D0BE
100
AcDbEntity
  8
C-241-1
100
AcDbLine
 10
148.365773129588
 20
106.160167455603
 30
0.0
 11
148.365773129588
 21
105.118930342201
 31
0.0
  0
LINE
  5
A34
330
D0BE
100
AcDbEntity
  8
C-241-1
100
AcDbLine
 10
147.620927768763
 20
104.624084981376
 30
0.0
 11
149.862783438866
 21
104.624084981376
 31
0.0
  0
LINE
  5
A35
330
D0BE
100
AcDbEntity
  8
C-241-1
100
AcDbLine
 10
147.620927768763
 20
104.438517971068
 30
0.0
 11
149.862783438866
 21
104.438517971068
 31
0.0
  0
LINE
  5
A36
330
D0BE
100
AcDbEntity
  8
C-241-1
100
AcDbLine
 10
147.620927768763
 20
104.624084981376
 30
0.0
 11
147.620927768763
 21
104.438517971067
 31
0.0
  0
LINE
  5
A37
330
D0BE
100
AcDbEntity
  8
C-241-1
 48
10.0
100
AcDbLine
 10
149.117938078039
 20
105.1189303422
 30
0.0
 11
149.117938078041
 21
85.43851797106771
 31
0.0
  0
LINE
  5
A38
330
D0BE
100
AcDbEntity
  8
C-241-1
 48
10.0
100
AcDbLine
 10
148.365773129592
 20
105.1189303422
 30
0.0
 11
148.365773129586
 21
85.43851797106771
 31
0.0
  0
LINE
  5
A39
330
D0BE
100
AcDbEntity
  8
C-241-1
 48
2.0
100
AcDbLine
 10
148.365773129586
 20
85.43851797106771
 30
0.0
 11
149.117938078041
 21
85.43851797106771
 31
0.0
  0
LINE
  5
A3A
330
D0BE
100
AcDbEntity
  8
C-241-1
100
AcDbLine
 10
147.870927768763
 20
105.118930342201
 30
0.0
 11
149.612783438866
 21
105.118930342201
 31
0.0
  0
LINE
  5
A3B
330
D0BE
100
AcDbEntity
  8
C-241-1
100
AcDbLine
 10
147.870927768763
 20
105.118930342201
 30
0.0
 11
147.870927768763
 21
104.624084981376
 31
0.0
  0
LINE
  5
A3C
330
D0BE
100
AcDbEntity
  8
C-241-1
100
AcDbLine
 10
149.612783438866
 20
105.118930342201
 30
0.0
 11
149.612783438866
 21
104.624084981376
 31
0.0
  0
LINE
  5
A3D
330
D0BE
100
AcDbEntity
  8
C-241-1
100
AcDbLine
 10
148.365773129588
 20
106.160167455603
 30
0.0
 11
149.117938078041
 21
106.160167455603
 31
0.0
  0
LINE
  5
A3E
330
D0BE
100
AcDbEntity
  8
C-241-1
100
AcDbLine
 10
149.862783438866
 20
104.624084981376
 30
0.0
 11
149.862783438866
 21
104.438517971067
 31
0.0
  0
LWPOLYLINE
  5
A3F
330
D0BE
100
AcDbEntity
  8
Struc_Section_BP
 48
2.0
100
AcDbPolyline
 90
        4
 70
     1
 43
0.0
 10
151.241855603816
 20
103.688517971068
 10
146.241855603816
 20
103.688517971068
 10
146.241855603816
 20
104.438517971068
 10
151.241855603816
 20
104.438517971068
  0
LINE
  5
A40
330
D0BE
100
AcDbEntity
  8
Struc_Section_Stair
 48
5.0
100
AcDbLine
 10
43.6168556038155
 20
174.188517971068
 30
0.0
 11
43.6168556038155
 21
244.688517971068
 31
0.0
  0
LINE
  5
A41
330
D0BE
100
AcDbEntity
  8
Struc_Section_Stair
 48
5.0
100
AcDbLine
 10
92.80435560381549
 20
174.188517971068
 30
0.0
 11
92.80435560381549
 21
244.688517971068
 31
0.0
  0
LINE
  5
A42
330
D0BE
100
AcDbEntity
  8
Struc_Section_Stair
 48
5.0
100
AcDbLine
 10
143.991855603816
 20
103.688517971068
 30
0.0
 11
143.991855603816
 21
174.188517971068
 31
0.0
  0
DIMENSION
  5
A43
102
{ACAD_XDICTIONARY
360
1873
102
}
330
D0BE
100
AcDbEntity
  8
Dim @ 48
100
AcDbDimension
280
     0
  2
*D17
 10
144.741855603816
 20
63.4348967645794
 30
0.0
 11
90.74185560381549
 21
63.4348967645794
 31
0.0
 71
     5
 42
0.0
 73
     0
 74
     0
 75
     0
  3
ROMANS
100
AcDbAlignedDimension
 13
36.7418556038155
 23
79.68851797106771
 33
0.0
 14
144.741855603816
 24
79.68851797106771
 34
0.0
100
AcDbRotatedDimension
1001
AcadAnnotative
1000
AnnotativeData
1002
{
1070
     1
1070
     1
1002
}
1001
ACAD
1000
DSTYLE
1002
{
1070
    40
1040
48.0
1070
   147
1040
0.0625
1070
   141
1040
0.0625
1070
    42
1040
0.09375
1070
    44
1040
0.09375
1070
    41
1040
0.09375
1070
   140
1040
0.078125
1070
   279
1070
     2
1070
   289
1070
     0
1070
   174
1070
     0
1070
   175
1070
     0
1070
   172
1070
     0
1002
}
  0
LINE
  5
A44
330
D0BE
100
AcDbEntity
  8
Struc_Section_Stair
 48
5.0
100
AcDbLine
 10
94.80435560381549
 20
103.688517971068
 30
0.0
 11
94.80435560381549
 21
164.313517971067
 31
0.0
  0
LINE
  5
A45
330
D0BE
100
AcDbEntity
  8
LAYER131A
100
AcDbLine
 10
38.7418556038209
 20
170.188517971066
 30
0.0
 11
38.7418556038118
 21
104.438517971068
 31
0.0
  0
LINE
  5
A46
330
D0BE
100
AcDbEntity
  8
LAYER131A
100
AcDbLine
 10
42.7418556038191
 20
170.188517971067
 30
0.0
 11
42.7418556038191
 21
104.438517971068
 31
0.0
  0
LINE
  5
A47
330
D0BE
100
AcDbEntity
  8
Struc_Section_Steel
 48
4.0
100
AcDbLine
 10
38.9918556038209
 20
170.188517971066
 30
0.0
 11
38.9918556038118
 21
104.438517971068
 31
0.0
  0
LINE
  5
A48
330
D0BE
100
AcDbEntity
  8
Struc_Section_Steel
 48
4.0
100
AcDbLine
 10
42.4918556038191
 20
170.188517971067
 30
0.0
 11
42.4918556038191
 21
104.438517971068
 31
0.0
  0
INSERT
  5
A49
330
D0BE
100
AcDbEntity
  8
Struc_Section_Dim
100
AcDbBlockReference
  2
OUTSTANDINGCONN1
 10
42.7418556038191
 20
162.181017971066
 30
0.0
  0
LINE
  5
A4A
330
D0BE
100
AcDbEntity
  8
Center
  6
CENTER
 48
5.0
100
AcDbLine
 10
40.74185560381549
 20
82.51925513261241
 30
0.0
 11
40.74185560381549
 21
170.188517971066
 31
0.0
  0
LINE
  5
A4B
330
D0BE
100
AcDbEntity
  8
C-241-1
100
AcDbLine
 10
40.36577312958971
 20
106.160167455603
 30
0.0
 11
40.36577312958971
 21
105.118930342201
 31
0.0
  0
LINE
  5
A4C
330
D0BE
100
AcDbEntity
  8
C-241-1
100
AcDbLine
 10
41.11793807804299
 20
106.160167455603
 30
0.0
 11
41.11793807804299
 21
105.118930342201
 31
0.0
  0
LINE
  5
A4D
330
D0BE
100
AcDbEntity
  8
C-241-1
100
AcDbLine
 10
41.862783438868
 20
104.624084981376
 30
0.0
 11
39.6209277687648
 21
104.624084981376
 31
0.0
  0
LINE
  5
A4E
330
D0BE
100
AcDbEntity
  8
C-241-1
100
AcDbLine
 10
41.862783438868
 20
104.438517971068
 30
0.0
 11
39.6209277687648
 21
104.438517971068
 31
0.0
  0
LINE
  5
A4F
330
D0BE
100
AcDbEntity
  8
C-241-1
100
AcDbLine
 10
41.862783438868
 20
104.624084981376
 30
0.0
 11
41.862783438868
 21
104.438517971067
 31
0.0
  0
LINE
  5
A50
330
D0BE
100
AcDbEntity
  8
C-241-1
 48
10.0
100
AcDbLine
 10
40.36577312959149
 20
105.1189303422
 30
0.0
 11
40.36577312958971
 21
85.43851797106771
 31
0.0
  0
LINE
  5
A51
330
D0BE
100
AcDbEntity
  8
C-241-1
 48
10.0
100
AcDbLine
 10
41.1179380780394
 20
105.1189303422
 30
0.0
 11
41.11793807804489
 21
85.43851797106771
 31
0.0
  0
LINE
  5
A52
330
D0BE
100
AcDbEntity
  8
C-241-1
 48
2.0
100
AcDbLine
 10
41.11793807804489
 20
85.43851797106771
 30
0.0
 11
40.36577312958971
 21
85.43851797106771
 31
0.0
  0
LINE
  5
A53
330
D0BE
100
AcDbEntity
  8
C-241-1
100
AcDbLine
 10
41.612783438868
 20
105.118930342201
 30
0.0
 11
39.8709277687648
 21
105.118930342201
 31
0.0
  0
LINE
  5
A54
330
D0BE
100
AcDbEntity
  8
C-241-1
100
AcDbLine
 10
41.612783438868
 20
105.118930342201
 30
0.0
 11
41.612783438868
 21
104.624084981376
 31
0.0
  0
LINE
  5
A55
330
D0BE
100
AcDbEntity
  8
C-241-1
100
AcDbLine
 10
39.8709277687648
 20
105.118930342201
 30
0.0
 11
39.8709277687648
 21
104.624084981376
 31
0.0
  0
LINE
  5
A56
330
D0BE
100
AcDbEntity
  8
C-241-1
100
AcDbLine
 10
41.11793807804299
 20
106.160167455603
 30
0.0
 11
40.36577312958971
 21
106.160167455603
 31
0.0
  0
LINE
  5
A57
330
D0BE
100
AcDbEntity
  8
C-241-1
100
AcDbLine
 10
39.6209277687648
 20
104.624084981376
 30
0.0
 11
39.6209277687648
 21
104.438517971067
 31
0.0
  0
LWPOLYLINE
  5
A58
330
D0BE
100
AcDbEntity
  8
Struc_Section_BP
 48
2.0
100
AcDbPolyline
 90
        4
 70
     1
 43
0.0
 10
38.2418556038155
 20
103.688517971068
 10
43.24185560381549
 20
103.688517971068
 10
43.24185560381549
 20
104.438517971068
 10
38.2418556038155
 20
104.438517971068
  0
LINE
  5
A59
330
D0BE
100
AcDbEntity
  8
Struc_Section_Steel
100
AcDbLine
 10
43.2418556038191
 20
160.313517971066
 30
0.0
 11
43.2418556038191
 21
162.181017971066
 31
0.0
  0
LINE
  5
A5A
330
D0BE
100
AcDbEntity
  8
LAYER131A
100
AcDbLine
 10
146.741855603812
 20
170.188517971066
 30
0.0
 11
150.741855603812
 21
170.188517971066
 31
0.0
  0
LINE
  5
A5B
330
D0BE
100
AcDbEntity
  8
Struc_Section_Stair
 48
10.0
100
AcDbLine
 10
94.80435560381549
 20
164.313517971066
 30
0.0
 11
94.80435560381549
 21
174.188517971068
 31
0.0
  0
INSERT
  5
A5C
330
D0BE
100
AcDbEntity
  8
Struc_Section_Steel
100
AcDbBlockReference
  2
C250X23
 10
536.021240205529
 20
160.188517971068
 30
0.0
 41
-1.0
  0
INSERT
  5
A5D
330
D0BE
100
AcDbEntity
  8
Struc_Section_Steel
100
AcDbBlockReference
  2
C250X23
 10
589.4612402055239
 20
160.188517971068
 30
0.0
  0
LINE
  5
A5E
330
D0BE
100
AcDbEntity
  8
LAYER131A
100
AcDbLine
 10
533.241240205532
 20
160.188517971068
 30
0.0
 11
536.2412402055319
 21
160.188517971067
 31
0.0
  0
LINE
  5
A5F
330
D0BE
100
AcDbEntity
  8
LAYER131A
100
AcDbLine
 10
533.241240205532
 20
159.688517971068
 30
0.0
 11
536.2412402055319
 21
159.688517971067
 31
0.0
  0
LINE
  5
A60
330
D0BE
100
AcDbEntity
  8
Struc_Section_Steel
100
AcDbLine
 10
536.021240205529
 20
160.188517971067
 30
0.0
 11
589.4612402055239
 21
160.188517971067
 31
0.0
  0
LINE
  5
A61
330
D0BE
100
AcDbEntity
  8
Struc_Section_Steel
100
AcDbLine
 10
434.6829258644279
 20
244.688517971069
 30
0.0
 11
536.021240205524
 21
181.183174317339
 31
0.0
  0
LINE
  5
A62
330
D0BE
100
AcDbEntity
  8
Struc_Section_Steel
100
AcDbLine
 10
529.98955454659
 20
173.188517971069
 30
0.0
 11
432.211240205528
 21
234.462928291441
 31
0.0
  0
LINE
  5
A63
330
D0BE
100
AcDbEntity
  8
Struc_Section_Steel
 48
10.0
100
AcDbLine
 10
434.575134217191
 20
244.313517971068
 30
0.0
 11
535.6462402055219
 21
180.975624885074
 31
0.0
  0
LINE
  5
A64
330
D0BE
100
AcDbEntity
  8
Struc_Section_Steel
 48
10.0
100
AcDbLine
 10
530.342652497864
 20
173.4097926872
 30
0.0
 11
432.211240205528
 21
234.905477723708
 31
0.0
  0
LINE
  5
A65
330
D0BE
100
AcDbEntity
  8
Struc_Section_Steel
 48
10.0
100
AcDbLine
 10
432.2112402055259
 20
244.313517971068
 30
0.0
 11
434.575134217191
 21
244.313517971068
 31
0.0
  0
LINE
  5
A66
330
D0BE
100
AcDbEntity
  8
Struc_Section_Steel
 48
10.0
100
AcDbLine
 10
536.021240205529
 20
174.188517971068
 30
0.0
 11
536.021240205529
 21
170.188517971068
 31
0.0
  0
INSERT
  5
A67
330
D0BE
100
AcDbEntity
  8
Struc_Section_Steel
100
AcDbBlockReference
  2
STAIR
 10
429.806984886376
 20
103.688517971068
 30
0.0
  0
LINE
  5
A68
330
D0BE
100
AcDbEntity
  8
Struc_Section_Steel
100
AcDbLine
 10
429.806984886376
 20
110.407440984004
 30
0.0
 11
531.585299227441
 21
174.188517971069
 31
0.0
  0
LINE
  5
A69
330
D0BE
100
AcDbEntity
  8
Struc_Section_Steel
100
AcDbLine
 10
437.874415226171
 20
103.688517971067
 30
0.0
 11
535.28124020553
 21
164.730128291466
 31
0.0
  0
LINE
  5
A6A
330
D0BE
100
AcDbEntity
  8
Struc_Section_Steel
100
AcDbLine
 10
429.806984886376
 20
103.688517971068
 30
0.0
 11
429.806984886376
 21
110.407440984004
 31
0.0
  0
LINE
  5
A6B
330
D0BE
100
AcDbEntity
  8
Struc_Section_Steel
100
AcDbLine
 10
430.181984886376
 20
110.199891551737
 30
0.0
 11
532.2914951299948
 21
174.188517971068
 31
0.0
  0
LINE
  5
A6C
330
D0BE
100
AcDbEntity
  8
Struc_Section_Steel
100
AcDbLine
 10
437.168219323617
 20
103.688517971068
 30
0.0
 11
535.28124020553
 21
165.172677723732
 31
0.0
  0
LINE
  5
A6D
330
D0BE
100
AcDbEntity
  8
Struc_Section_Steel
100
AcDbLine
 10
430.181984886376
 20
103.688517971068
 30
0.0
 11
430.181984886376
 21
110.199891551737
 31
0.0
  0
LINE
  5
A6E
330
D0BE
100
AcDbEntity
  8
Struc_Section_Steel
 48
10.0
100
AcDbLine
 10
535.646240205529
 20
174.188517971069
 30
0.0
 11
535.6462402055219
 21
180.975624885074
 31
0.0
  0
INSERT
  5
A6F
330
D0BE
100
AcDbEntity
  8
Struc_Section_Steel
100
AcDbBlockReference
  2
W250X33
 10
326.732645247459
 20
229.313517971068
 30
0.0
  0
LINE
  5
A70
330
D0BE
100
AcDbEntity
  8
Struc_Section_Steel
100
AcDbLine
 10
536.021240205529
 20
170.188517971069
 30
0.0
 11
589.4612402055239
 21
170.188517971068
 31
0.0
  0
LINE
  5
A71
330
D0BE
100
AcDbEntity
  8
Struc_Section_Steel
100
AcDbLine
 10
536.021240205529
 20
174.188517971068
 30
0.0
 11
531.585299227439
 21
174.188517971068
 31
0.0
  0
LINE
  5
A72
330
D0BE
100
AcDbEntity
  8
Struc_Section_Steel
100
AcDbLine
 10
535.2812402055279
 20
169.677265212323
 30
0.0
 11
535.28124020553
 21
164.730128291466
 31
0.0
  0
LINE
  5
A73
330
D0BE
100
AcDbEntity
  8
Struc_Section_Conc
 48
2.0
100
AcDbLine
 10
533.461240205526
 20
174.188517971069
 30
0.0
 11
592.0212402055259
 21
174.188517971067
 31
0.0
  0
LINE
  5
A74
330
D0BE
100
AcDbEntity
  8
Struc_Section_Conc
 48
20.0
100
AcDbLine
 10
533.461240205526
 20
171.688517971069
 30
0.0
 11
591.6462402055239
 21
171.688517971068
 31
0.0
  0
LINE
  5
A75
330
D0BE
100
AcDbEntity
  8
Structural_Section_StAngle
 48
5.0
100
AcDbLine
 10
533.46124020553
 20
170.188517971068
 30
0.0
 11
537.46124020553
 21
170.188517971068
 31
0.0
  0
LINE
  5
A76
330
D0BE
100
AcDbEntity
  8
Structural_Section_StAngle
 48
5.0
100
AcDbLine
 10
533.46124020553
 20
170.188517971067
 30
0.0
 11
533.461240205526
 21
174.188517971067
 31
0.0
  0
LINE
  5
A77
330
D0BE
100
AcDbEntity
  8
Structural_Section_StAngle
 48
5.0
100
AcDbLine
 10
533.83624020553
 20
170.563517971068
 30
0.0
 11
533.83624020553
 21
173.813517971067
 31
0.0
  0
LINE
  5
A78
330
D0BE
100
AcDbEntity
  8
Structural_Section_StAngle
 48
5.0
100
AcDbLine
 10
533.83624020553
 20
170.563517971068
 30
0.0
 11
537.0862402055299
 21
170.563517971067
 31
0.0
  0
ARC
  5
A79
330
D0BE
100
AcDbEntity
  8
Structural_Section_StAngle
 48
5.0
100
AcDbCircle
 10
537.0862402055299
 20
170.188517971067
 30
0.0
 40
0.375
100
AcDbArc
 50
0.0
 51
90.0
  0
LINE
  5
A7A
330
D0BE
100
AcDbEntity
  8
Structural_Section_StAngle
100
AcDbLine
 10
533.46124020553
 20
174.188517971067
 30
0.0
 11
533.461240205526
 21
174.188517971067
 31
0.0
  0
ARC
  5
A7B
330
D0BE
100
AcDbEntity
  8
Structural_Section_StAngle
 48
5.0
100
AcDbCircle
 10
533.46124020553
 20
173.813517971067
 30
0.0
 40
0.375
100
AcDbArc
 50
359.999999999948
 51
90.0000000001042
  0
HATCH
  5
A7C
330
D0BE
100
AcDbEntity
  8
Structural_Section_StAngle
100
AcDbHatch
 10
0.0
 20
0.0
 30
0.0
210
0.0
220
0.0
230
1.0
  2
STEEL
 70
     0
 71
     0
 91
        1
 92
        7
 72
     1
 73
     1
 93
        6
 10
533.836240205532
 20
170.563517971068
 42
0.0
 10
533.83624020553
 20
173.813517971067
 42
0.4142135679721831
 10
533.461240205526
 20
174.188517971067
 42
0.0
 10
533.46124020553
 20
170.188517971068
 42
0.0
 10
537.46124020553
 20
170.188517971068
 42
0.4142135679721831
 10
537.0862402055299
 20
170.563517971067
 42
0.0
 97
        0
 75
     0
 76
     1
 52
0.0
 41
1.0
 77
     0
 78
     2
 53
45.0
 43
-5624.88949328255
 44
-5983.92285296016
 45
-0.265165042944955
 46
0.265165042944955
 79
     0
 53
45.0
 43
-5624.79574328255
 44
-5983.641602960159
 45
-0.265165042944955
 46
0.265165042944955
 79
     0
 47
0.000001
 98
        0
  0
LINE
  5
A7D
330
D0BE
100
AcDbEntity
  8
Structural_Section_StAngle
 48
5.0
100
AcDbLine
 10
592.021240205524
 20
170.188517971068
 30
0.0
 11
588.0212402055239
 21
170.188517971068
 31
0.0
  0
LINE
  5
A7E
330
D0BE
100
AcDbEntity
  8
Structural_Section_StAngle
 48
5.0
100
AcDbLine
 10
592.021240205524
 20
170.188517971067
 30
0.0
 11
592.0212402055279
 21
174.188517971067
 31
0.0
  0
LINE
  5
A7F
330
D0BE
100
AcDbEntity
  8
Structural_Section_StAngle
 48
5.0
100
AcDbLine
 10
591.6462402055239
 20
170.563517971068
 30
0.0
 11
591.6462402055239
 21
173.813517971067
 31
0.0
  0
LINE
  5
A80
330
D0BE
100
AcDbEntity
  8
Structural_Section_StAngle
 48
5.0
100
AcDbLine
 10
591.6462402055239
 20
170.563517971068
 30
0.0
 11
588.396240205524
 21
170.563517971067
 31
0.0
  0
ARC
  5
A81
330
D0BE
100
AcDbEntity
  8
Structural_Section_StAngle
 48
5.0
100
AcDbCircle
 10
588.396240205524
 20
170.188517971067
 30
0.0
 40
0.375
100
AcDbArc
 50
90.0
 51
180.0
  0
LINE
  5
A82
330
D0BE
100
AcDbEntity
  8
Structural_Section_StAngle
100
AcDbLine
 10
592.021240205524
 20
174.188517971067
 30
0.0
 11
592.0212402055279
 21
174.188517971067
 31
0.0
  0
ARC
  5
A83
330
D0BE
100
AcDbEntity
  8
Structural_Section_StAngle
 48
5.0
100
AcDbCircle
 10
592.021240205524
 20
173.813517971067
 30
0.0
 40
0.375
100
AcDbArc
 50
89.99999999989581
 51
180.000000000052
  0
HATCH
  5
A84
330
D0BE
100
AcDbEntity
  8
Structural_Section_StAngle
100
AcDbHatch
 10
0.0
 20
0.0
 30
0.0
210
0.0
220
0.0
230
1.0
  2
STEEL
 70
     0
 71
     0
 91
        1
 92
        7
 72
     1
 73
     1
 93
        6
 10
588.396240205524
 20
170.563517971067
 42
0.4142135679721831
 10
588.0212402055239
 20
170.188517971068
 42
0.0
 10
592.021240205524
 20
170.188517971068
 42
0.0
 10
592.0212402055279
 20
174.188517971067
 42
0.4142135679721831
 10
591.6462402055239
 20
173.813517971067
 42
0.0
 10
591.6462402055239
 20
170.563517971068
 42
0.0
 97
        0
 75
     0
 76
     1
 52
0.0
 41
1.0
 77
     0
 78
     2
 53
135.0
 43
6748.3719736936
 44
-5985.63516356139
 45
0.265165042944955
 46
0.265165042944955
 79
     0
 53
135.0
 43
6748.2782236936
 44
-5985.88424364728
 45
0.265165042944955
 46
0.265165042944955
 79
     0
 47
0.000001
 98
        0
  0
LINE
  5
A85
330
D0BE
100
AcDbEntity
  8
Struc_Section_Stair
 48
5.0
100
AcDbLine
 10
39.45857747354229
 20
174.188517971066
 30
0.0
 11
150.025133734085
 21
174.188517971066
 31
0.0
  0
INSERT
  5
A86
330
D0BE
100
AcDbEntity
  8
Struc_Section_Steel
100
AcDbBlockReference
  2
C250X23
 10
42.02185560381429
 20
160.188517971067
 30
0.0
 41
-1.0
  0
INSERT
  5
A87
330
D0BE
100
AcDbEntity
  8
Struc_Section_Steel
100
AcDbBlockReference
  2
C250X23
 10
147.461855603817
 20
160.188517971067
 30
0.0
  0
LINE
  5
A88
330
D0BE
100
AcDbEntity
  8
Struc_Section_Steel
 48
2.0
100
AcDbLine
 10
146.241855603812
 20
162.181017971066
 30
0.0
 11
146.241855603812
 21
160.313517971066
 31
0.0
  0
LINE
  5
A89
330
D0BE
100
AcDbEntity
  8
Struc_Section_Steel
100
AcDbLine
 10
43.2418556038191
 20
168.321017971067
 30
0.0
 11
43.2418556038191
 21
170.188517971066
 31
0.0
  0
LINE
  5
A8A
330
D0BE
100
AcDbEntity
  8
Structural_Section_StAngle
 48
5.0
100
AcDbLine
 10
39.4585774735477
 20
170.188517971067
 30
0.0
 11
43.4585774735477
 21
170.188517971067
 31
0.0
  0
LINE
  5
A8B
330
D0BE
100
AcDbEntity
  8
Structural_Section_StAngle
 48
5.0
100
AcDbLine
 10
39.4585774735477
 20
170.188517971066
 30
0.0
 11
39.45857747354411
 21
174.188517971066
 31
0.0
  0
LINE
  5
A8C
330
D0BE
100
AcDbEntity
  8
Structural_Section_StAngle
 48
5.0
100
AcDbLine
 10
39.8335774735477
 20
170.563517971067
 30
0.0
 11
39.8335774735477
 21
173.813517971066
 31
0.0
  0
LINE
  5
A8D
330
D0BE
100
AcDbEntity
  8
Structural_Section_StAngle
 48
5.0
100
AcDbLine
 10
39.8335774735477
 20
170.563517971067
 30
0.0
 11
43.0835774735477
 21
170.563517971066
 31
0.0
  0
ARC
  5
A8E
330
D0BE
100
AcDbEntity
  8
Structural_Section_StAngle
 48
5.0
100
AcDbCircle
 10
43.0835774735477
 20
170.188517971066
 30
0.0
 40
0.375
100
AcDbArc
 50
0.0
 51
90.0
  0
LINE
  5
A8F
330
D0BE
100
AcDbEntity
  8
Structural_Section_StAngle
100
AcDbLine
 10
39.4585774735477
 20
174.188517971066
 30
0.0
 11
39.45857747354411
 21
174.188517971066
 31
0.0
  0
ARC
  5
A90
330
D0BE
100
AcDbEntity
  8
Structural_Section_StAngle
 48
5.0
100
AcDbCircle
 10
39.4585774735477
 20
173.813517971066
 30
0.0
 40
0.375
100
AcDbArc
 50
359.999999999948
 51
90.0000000001042
  0
HATCH
  5
A91
330
D0BE
100
AcDbEntity
  8
Structural_Section_StAngle
100
AcDbHatch
 10
0.0
 20
0.0
 30
0.0
210
0.0
220
0.0
230
1.0
  2
STEEL
 70
     0
 71
     0
 91
        1
 92
        7
 72
     1
 73
     1
 93
        6
 10
39.8335774735477
 20
170.563517971067
 42
0.0
 10
39.8335774735477
 20
173.813517971066
 42
0.4142135679721831
 10
39.45857747354411
 20
174.188517971066
 42
0.0
 10
39.4585774735477
 20
170.188517971067
 42
0.0
 10
43.4585774735477
 20
170.188517971067
 42
0.4142135679721831
 10
43.0835774735477
 20
170.563517971066
 42
0.0
 97
        0
 75
     0
 76
     1
 52
0.0
 41
1.0
 77
     0
 78
     2
 53
45.0
 43
-6118.89215601453
 44
-5983.92285296016
 45
-0.265165042944955
 46
0.265165042944955
 79
     0
 53
45.0
 43
-6118.79840601453
 44
-5983.641602960159
 45
-0.265165042944955
 46
0.265165042944955
 79
     0
 47
0.000001
 98
        0
  0
LINE
  5
A92
330
D0BE
100
AcDbEntity
  8
Structural_Section_StAngle
 48
5.0
100
AcDbLine
 10
150.025133734083
 20
170.188517971067
 30
0.0
 11
146.025133734083
 21
170.188517971067
 31
0.0
  0
LINE
  5
A93
330
D0BE
100
AcDbEntity
  8
Structural_Section_StAngle
 48
5.0
100
AcDbLine
 10
150.025133734083
 20
170.188517971066
 30
0.0
 11
150.025133734087
 21
174.188517971066
 31
0.0
  0
LINE
  5
A94
330
D0BE
100
AcDbEntity
  8
Structural_Section_StAngle
 48
5.0
100
AcDbLine
 10
149.650133734083
 20
170.563517971067
 30
0.0
 11
149.650133734083
 21
173.813517971066
 31
0.0
  0
LINE
  5
A95
330
D0BE
100
AcDbEntity
  8
Structural_Section_StAngle
 48
5.0
100
AcDbLine
 10
149.650133734083
 20
170.563517971067
 30
0.0
 11
146.400133734083
 21
170.563517971066
 31
0.0
  0
ARC
  5
A96
330
D0BE
100
AcDbEntity
  8
Structural_Section_StAngle
 48
5.0
100
AcDbCircle
 10
146.400133734083
 20
170.188517971066
 30
0.0
 40
0.375
100
AcDbArc
 50
90.0
 51
180.0
  0
LINE
  5
A97
330
D0BE
100
AcDbEntity
  8
Structural_Section_StAngle
100
AcDbLine
 10
150.025133734083
 20
174.188517971066
 30
0.0
 11
150.025133734087
 21
174.188517971066
 31
0.0
  0
ARC
  5
A98
330
D0BE
100
AcDbEntity
  8
Structural_Section_StAngle
 48
5.0
100
AcDbCircle
 10
150.025133734083
 20
173.813517971066
 30
0.0
 40
0.375
100
AcDbArc
 50
89.99999999989581
 51
180.000000000052
  0
HATCH
  5
A99
330
D0BE
100
AcDbEntity
  8
Structural_Section_StAngle
100
AcDbHatch
 10
0.0
 20
0.0
 30
0.0
210
0.0
220
0.0
230
1.0
  2
STEEL
 70
     0
 71
     0
 91
        1
 92
        7
 72
     1
 73
     1
 93
        6
 10
146.400133734083
 20
170.563517971066
 42
0.4142135679721831
 10
146.025133734083
 20
170.188517971067
 42
0.0
 10
150.025133734083
 20
170.188517971067
 42
0.0
 10
150.025133734087
 20
174.188517971066
 42
0.4142135679721831
 10
149.650133734083
 20
173.813517971066
 42
0.0
 10
149.650133734083
 20
170.563517971067
 42
0.0
 97
        0
 75
     0
 76
     1
 52
0.0
 41
1.0
 77
     0
 78
     2
 53
135.0
 43
6306.37586722216
 44
-5985.63516356139
 45
0.265165042944955
 46
0.265165042944955
 79
     0
 53
135.0
 43
6306.28211722216
 44
-5985.88424364728
 45
0.265165042944955
 46
0.265165042944955
 79
     0
 47
0.000001
 98
        0
  0
LINE
  5
A9A
330
D0BE
100
AcDbEntity
  8
Struc_Section_Conc
 48
2.0
100
AcDbLine
 10
69.0868556038148
 20
170.188517971068
 30
0.0
 11
75.3043019258038
 21
170.188517971068
 31
0.0
  0
LINE
  5
A9B
330
D0BE
100
AcDbEntity
  8
Struc_Section_Conc
 48
2.0
100
AcDbLine
 10
69.0868556038148
 20
170.188517971068
 30
0.0
 11
68.0415109683544
 21
171.233862606528
 31
0.0
  0
LINE
  5
A9C
330
D0BE
100
AcDbEntity
  8
Struc_Section_Conc
 48
2.0
100
AcDbLine
 10
61.56709288325679
 20
171.233862606528
 30
0.0
 11
68.0415109683544
 21
171.233862606528
 31
0.0
  0
LINE
  5
A9D
330
D0BE
100
AcDbEntity
  8
Struc_Section_Conc
 48
2.0
100
AcDbLine
 10
75.3342482477964
 20
170.188517971068
 30
0.0
 11
76.37959288325679
 21
171.233862606528
 31
0.0
  0
LINE
  5
A9E
330
D0BE
100
AcDbEntity
  8
Struc_Section_Conc
 48
2.0
100
AcDbLine
 10
75.3342482477982
 20
170.188517971068
 30
0.0
 11
72.28714656126779
 21
170.188517971068
 31
0.0
  0
LINE
  5
A9F
330
D0BE
100
AcDbEntity
  8
Structural_Steel_Deck
100
AcDbLine
 10
45.70924824779821
 20
170.188517971068
 30
0.0
 11
43.4585774735477
 21
170.188517971068
 31
0.0
  0
LINE
  5
AA0
330
D0BE
100
AcDbEntity
  8
Struc_Section_Conc
 48
2.0
100
AcDbLine
 10
54.27435560381479
 20
170.188517971068
 30
0.0
 11
60.49180192580379
 21
170.188517971068
 31
0.0
  0
LINE
  5
AA1
330
D0BE
100
AcDbEntity
  8
Struc_Section_Conc
 48
2.0
100
AcDbLine
 10
54.27435560381479
 20
170.188517971068
 30
0.0
 11
53.22901096835439
 21
171.233862606528
 31
0.0
  0
LINE
  5
AA2
330
D0BE
100
AcDbEntity
  8
Struc_Section_Conc
 48
2.0
100
AcDbLine
 10
46.75459288325679
 20
171.233862606528
 30
0.0
 11
53.22901096835439
 21
171.233862606528
 31
0.0
  0
LINE
  5
AA3
330
D0BE
100
AcDbEntity
  8
Struc_Section_Conc
 48
2.0
100
AcDbLine
 10
60.5217482477964
 20
170.188517971068
 30
0.0
 11
61.56709288325679
 21
171.233862606528
 31
0.0
  0
LINE
  5
AA4
330
D0BE
100
AcDbEntity
  8
Struc_Section_Conc
 48
2.0
100
AcDbLine
 10
60.52174824779821
 20
170.188517971068
 30
0.0
 11
57.4746465612678
 21
170.188517971068
 31
0.0
  0
LINE
  5
AA5
330
D0BE
100
AcDbEntity
  8
Struc_Section_Conc
 48
2.0
100
AcDbLine
 10
43.4585774735477
 20
170.188517971068
 30
0.0
 11
45.67930192580379
 21
170.188517971068
 31
0.0
  0
LINE
  5
AA6
330
D0BE
100
AcDbEntity
  8
Struc_Section_Conc
 48
2.0
100
AcDbLine
 10
45.7092482477964
 20
170.188517971068
 30
0.0
 11
46.75459288325679
 21
171.233862606528
 31
0.0
  0
LINE
  5
AA7
330
D0BE
100
AcDbEntity
  8
Struc_Section_Conc
 48
2.0
100
AcDbLine
 10
45.70924824779821
 20
170.188517971068
 30
0.0
 11
43.4585774735477
 21
170.188517971068
 31
0.0
  0
LINE
  5
AA8
330
D0BE
100
AcDbEntity
  8
Struc_Section_Conc
 48
2.0
100
AcDbLine
 10
83.89935560381479
 20
170.188517971068
 30
0.0
 11
90.1168019258038
 21
170.188517971068
 31
0.0
  0
LINE
  5
AA9
330
D0BE
100
AcDbEntity
  8
Struc_Section_Conc
 48
2.0
100
AcDbLine
 10
83.89935560381479
 20
170.188517971068
 30
0.0
 11
82.85401096835441
 21
171.233862606528
 31
0.0
  0
LINE
  5
AAA
330
D0BE
100
AcDbEntity
  8
Struc_Section_Conc
 48
2.0
100
AcDbLine
 10
76.37959288325679
 20
171.233862606528
 30
0.0
 11
82.85401096835441
 21
171.233862606528
 31
0.0
  0
LINE
  5
AAB
330
D0BE
100
AcDbEntity
  8
Struc_Section_Conc
 48
2.0
100
AcDbLine
 10
90.14674824779639
 20
170.188517971068
 30
0.0
 11
91.19209288325679
 21
171.233862606528
 31
0.0
  0
LINE
  5
AAC
330
D0BE
100
AcDbEntity
  8
Struc_Section_Conc
 48
2.0
100
AcDbLine
 10
90.1467482477982
 20
170.188517971068
 30
0.0
 11
87.09964656126778
 21
170.188517971068
 31
0.0
  0
LINE
  5
AAD
330
D0BE
100
AcDbEntity
  8
Struc_Section_Conc
 48
2.0
100
AcDbLine
 10
91.19209288325679
 20
171.233862606528
 30
0.0
 11
97.6665109683544
 21
171.233862606528
 31
0.0
  0
LINE
  5
AAE
330
D0BE
100
AcDbEntity
  8
Struc_Section_Conc
 48
2.0
100
AcDbLine
 10
119.771748247796
 20
170.188517971068
 30
0.0
 11
113.554301925807
 21
170.188517971068
 31
0.0
  0
LINE
  5
AAF
330
D0BE
100
AcDbEntity
  8
Struc_Section_Conc
 48
2.0
100
AcDbLine
 10
119.771748247796
 20
170.188517971068
 30
0.0
 11
120.817092883257
 21
171.233862606528
 31
0.0
  0
LINE
  5
AB0
330
D0BE
100
AcDbEntity
  8
Struc_Section_Conc
 48
2.0
100
AcDbLine
 10
127.291510968354
 20
171.233862606528
 30
0.0
 11
120.817092883257
 21
171.233862606528
 31
0.0
  0
LINE
  5
AB1
330
D0BE
100
AcDbEntity
  8
Struc_Section_Conc
 48
2.0
100
AcDbLine
 10
113.524355603815
 20
170.188517971068
 30
0.0
 11
112.479010968354
 21
171.233862606528
 31
0.0
  0
LINE
  5
AB2
330
D0BE
100
AcDbEntity
  8
Struc_Section_Conc
 48
2.0
100
AcDbLine
 10
113.524355603813
 20
170.188517971068
 30
0.0
 11
116.571457290343
 21
170.188517971068
 31
0.0
  0
LINE
  5
AB3
330
D0BE
100
AcDbEntity
  8
Struc_Section_Conc
 48
2.0
100
AcDbLine
 10
134.584248247796
 20
170.188517971068
 30
0.0
 11
128.366801925807
 21
170.188517971068
 31
0.0
  0
LINE
  5
AB4
330
D0BE
100
AcDbEntity
  8
Struc_Section_Conc
 48
2.0
100
AcDbLine
 10
134.584248247796
 20
170.188517971068
 30
0.0
 11
135.629592883257
 21
171.233862606528
 31
0.0
  0
LINE
  5
AB5
330
D0BE
100
AcDbEntity
  8
Struc_Section_Conc
 48
2.0
100
AcDbLine
 10
142.104010968354
 20
171.233862606528
 30
0.0
 11
135.629592883257
 21
171.233862606528
 31
0.0
  0
LINE
  5
AB6
330
D0BE
100
AcDbEntity
  8
Struc_Section_Conc
 48
2.0
100
AcDbLine
 10
128.336855603815
 20
170.188517971068
 30
0.0
 11
127.291510968354
 21
171.233862606528
 31
0.0
  0
LINE
  5
AB7
330
D0BE
100
AcDbEntity
  8
Struc_Section_Conc
 48
2.0
100
AcDbLine
 10
128.336855603813
 20
170.188517971068
 30
0.0
 11
131.383957290343
 21
170.188517971068
 31
0.0
  0
LINE
  5
AB8
330
D0BE
100
AcDbEntity
  8
Struc_Section_Conc
 48
2.0
100
AcDbLine
 10
104.959248247796
 20
170.188517971068
 30
0.0
 11
98.74180192580739
 21
170.188517971068
 31
0.0
  0
LINE
  5
AB9
330
D0BE
100
AcDbEntity
  8
Struc_Section_Conc
 48
2.0
100
AcDbLine
 10
104.959248247796
 20
170.188517971068
 30
0.0
 11
106.004592883257
 21
171.233862606528
 31
0.0
  0
LINE
  5
ABA
330
D0BE
100
AcDbEntity
  8
Struc_Section_Conc
 48
2.0
100
AcDbLine
 10
112.479010968354
 20
171.233862606528
 30
0.0
 11
106.004592883257
 21
171.233862606528
 31
0.0
  0
LINE
  5
ABB
330
D0BE
100
AcDbEntity
  8
Struc_Section_Conc
 48
2.0
100
AcDbLine
 10
98.7118556038148
 20
170.188517971068
 30
0.0
 11
97.6665109683544
 21
171.233862606528
 31
0.0
  0
LINE
  5
ABC
330
D0BE
100
AcDbEntity
  8
Struc_Section_Conc
 48
2.0
100
AcDbLine
 10
98.71185560381301
 20
170.188517971068
 30
0.0
 11
101.758957290343
 21
170.188517971068
 31
0.0
  0
LINE
  5
ABD
330
D0BE
100
AcDbEntity
  8
Struc_Section_Conc
 48
2.0
100
AcDbLine
 10
143.149355603815
 20
170.188517971068
 30
0.0
 11
146.025133734083
 21
170.188517971068
 31
0.0
  0
LINE
  5
ABE
330
D0BE
100
AcDbEntity
  8
Struc_Section_Conc
 48
2.0
100
AcDbLine
 10
143.149355603815
 20
170.188517971068
 30
0.0
 11
142.104010968354
 21
171.233862606528
 31
0.0
  0
INSERT
  5
ABF
330
D0BE
100
AcDbEntity
  8
Struc_Section_Steel
100
AcDbBlockReference
  2
W250X33
 10
590.7412402055249
 20
229.313517971068
 30
0.0
  0
DIMENSION
  5
AC3
102
{ACAD_XDICTIONARY
360
41B4
102
}
330
D0BE
100
AcDbEntity
  8
Dim @ 48
100
AcDbDimension
280
     0
  2
*D18
 10
590.741240286653
 20
305.292111262734
 30
0.0
 11
565.2101365249349
 21
305.292111262734
 31
0.0
 70
   128
 71
     5
 42
0.0
 73
     0
 74
     0
 75
     0
  3
ROMANS-beside
100
AcDbAlignedDimension
 13
534.741240269694
 23
217.021890761339
 33
0.0
 14
590.741240286653
 24
217.021890761339
 34
0.0
100
AcDbRotatedDimension
1001
AcadAnnotative
1000
AnnotativeData
1002
{
1070
     1
1070
     1
1002
}
1001
ACAD
1000
DSTYLE
1002
{
1070
    40
1040
48.0
1070
   147
1040
0.0625
1070
   141
1040
0.0625
1070
    42
1040
0.09375
1070
    44
1040
0.09375
1070
    41
1040
0.09375
1070
   140
1040
0.078125
1070
   279
1070
     0
1070
   289
1070
     0
1070
   174
1070
     0
1070
   175
1070
     0
1070
   172
1070
     0
1002
}
  0
DIMENSION
  5
AC5
102
{ACAD_XDICTIONARY
360
16E0
102
}
330
D0BE
100
AcDbEntity
  8
Dim @ 48
100
AcDbDimension
280
     0
  2
*D19
 10
613.737843088199
 20
174.1885179924079
 30
0.0
 11
613.737843088199
 21
139.247660408984
 31
0.0
 70
   128
 71
     5
 42
0.0
 73
     0
 74
     0
 75
     0
  3
ROMANS-beside
100
AcDbAlignedDimension
 13
594.741240287869
 23
103.688517971068
 33
0.0
 14
592.021240287036
 24
174.1885179924079
 34
0.0
 50
90.0
100
AcDbRotatedDimension
1001
AcadAnnotative
1000
AnnotativeData
1002
{
1070
     1
1070
     1
1002
}
1001
ACAD
1000
DSTYLE
1002
{
1070
    40
1040
48.0
1070
   147
1040
0.0625
1070
   141
1040
0.0625
1070
    42
1040
0.09375
1070
    44
1040
0.09375
1070
    41
1040
0.09375
1070
   140
1040
0.078125
1070
   279
1070
     0
1070
   289
1070
     0
1070
   174
1070
     0
1070
   175
1070
     0
1070
   172
1070
     0
1002
}
  0
DIMENSION
  5
AC6
102
{ACAD_XDICTIONARY
360
16B0
102
}
330
D0BE
100
AcDbEntity
  8
Dim @ 48
100
AcDbDimension
280
     0
  2
*D20
 10
594.741240287869
 20
46.0777067359629
 30
0.0
 11
458.741240246699
 21
46.0777067359629
 31
0.0
 71
     5
 42
0.0
 73
     0
 74
     0
 75
     0
  3
ROMANS
100
AcDbAlignedDimension
 13
322.741240205528
 23
49.0043088528257
 33
0.0
 14
594.741240287869
 24
49.0043088528283
 34
0.0
100
AcDbRotatedDimension
1001
AcadAnnotative
1000
AnnotativeData
1002
{
1070
     1
1070
     1
1002
}
1001
ACAD
1000
DSTYLE
1002
{
1070
    40
1040
48.0
1070
   147
1040
0.0625
1070
   141
1040
0.0625
1070
    42
1040
0.09375
1070
    44
1040
0.09375
1070
    41
1040
0.09375
1070
   140
1040
0.078125
1070
   279
1070
     2
1070
   289
1070
     0
1070
   174
1070
     0
1070
   175
1070
     0
1070
   172
1070
     0
1002
}
  0
DIMENSION
  5
AC7
102
{ACAD_XDICTIONARY
360
16C0
102
}
330
D0BE
100
AcDbEntity
  8
Dim @ 48
100
AcDbDimension
280
     0
  2
*D21
 10
534.741240269694
 20
58.1488515691727
 30
0.0
 11
564.741240278781
 21
58.1488515691727
 31
0.0
 71
     5
 42
0.0
 73
     0
 74
     0
 75
     0
  3
ROMANS
100
AcDbAlignedDimension
 13
594.741240287869
 23
56.2603239831673
 33
0.0
 14
534.741240269694
 24
103.688517971068
 34
0.0
100
AcDbRotatedDimension
1001
AcadAnnotative
1000
AnnotativeData
1002
{
1070
     1
1070
     1
1002
}
1001
ACAD
1000
DSTYLE
1002
{
1070
    40
1040
48.0
1070
   147
1040
0.0625
1070
   141
1040
0.0625
1070
    42
1040
0.09375
1070
    44
1040
0.09375
1070
    41
1040
0.09375
1070
   140
1040
0.078125
1070
   279
1070
     2
1070
   289
1070
     0
1070
   174
1070
     0
1070
   175
1070
     0
1070
   172
1070
     0
1002
}
  0
DIMENSION
  5
ACA
102
{ACAD_XDICTIONARY
360
414E
102
}
330
D0BE
100
AcDbEntity
  8
Dim @ 24
100
AcDbDimension
280
     0
  2
*D22
 10
533.4612402693109
 20
215.708939683213
 30
0.0
 11
519.590875533094
 21
215.708939683213
 31
0.0
 70
   128
  1
\A1;1-{\H0.7x;\S1/4;}"\P[33]
 71
     5
 42
0.0
 73
     0
 74
     0
 75
     0
  3
ROMANS-beside
100
AcDbAlignedDimension
 13
534.741240269694
 23
188.468519097001
 33
0.0
 14
533.4612402693109
 24
188.468519097001
 34
0.0
100
AcDbRotatedDimension
1001
AcadAnnotative
1000
AnnotativeData
1002
{
1070
     1
1070
     1
1002
}
1001
ACAD
1000
DSTYLE
1002
{
1070
    40
1040
24.0
1070
   147
1040
0.0625
1070
   141
1040
0.0625
1070
    42
1040
0.09375
1070
    44
1040
0.09375
1070
    41
1040
0.09375
1070
   140
1040
0.078125
1070
   279
1070
     0
1070
   289
1070
     0
1070
   174
1070
     0
1070
   175
1070
     0
1070
   172
1070
     0
1002
}
  0
LINE
  5
ACB
330
D0BE
100
AcDbEntity
  8
Arch_Section_Ceiling
100
AcDbLine
 10
432.2112402055259
 20
229.313517971068
 30
0.0
 11
323.491240205529
 21
229.31351797107
 31
0.0
  0
LINE
  5
ACC
330
D0BE
100
AcDbEntity
  8
Arch_Section_Ceiling
100
AcDbLine
 10
432.2112402055259
 20
228.813517971068
 30
0.0
 11
328.991240205531
 21
228.813517971069
 31
0.0
  0
LINE
  5
ACD
330
D0BE
100
AcDbEntity
  8
Arch_Section_Ceiling
100
AcDbLine
 10
432.2112402055259
 20
229.313517971068
 30
0.0
 11
432.2112402055259
 21
228.813517971068
 31
0.0
  0
LINE
  5
ACE
330
D0BE
100
AcDbEntity
  8
Arch_Section_Wall
100
AcDbLine
 10
322.741240205529
 20
103.688517971068
 30
0.0
 11
322.741240205538
 21
467.4385179710679
 31
0.0
  0
LINE
  5
ACF
330
D0BE
100
AcDbEntity
  8
Arch_Section_Wall
100
AcDbLine
 10
323.491240205529
 20
103.688517971068
 30
0.0
 11
323.491240205529
 21
239.188517971068
 31
0.0
  0
LINE
  5
AD0
330
D0BE
100
AcDbEntity
  8
Arch_Section_Wall
100
AcDbLine
 10
328.991240205529
 20
103.688517971068
 30
0.0
 11
328.991240205529
 21
229.313517971069
 31
0.0
  0
LINE
  5
AD1
330
D0BE
100
AcDbEntity
  8
Arch_Section_Wall
100
AcDbLine
 10
329.491240205529
 20
103.688517971068
 30
0.0
 11
329.491240205527
 21
228.813517971069
 31
0.0
  0
LWPOLYLINE
  5
AD2
330
D0BE
100
AcDbEntity
  8
Arch_Section_Wall
100
AcDbPolyline
 90
        4
 70
     1
 43
0.0
 10
328.991240205529
 20
103.688517971068
 10
323.491240205529
 20
103.688517971068
 10
323.491240205529
 20
105.188517971068
 10
328.991240205529
 20
105.188517971068
  0
LINE
  5
AD3
330
D0BE
100
AcDbEntity
  8
Arch_Section_Wall
100
AcDbLine
 10
323.491240205529
 20
244.688517971068
 30
0.0
 11
323.491240205529
 21
467.4385179710679
 31
0.0
  0
LINE
  5
AD4
330
D0BE
100
AcDbEntity
  8
Arch_Section_Wall
100
AcDbLine
 10
323.491240205529
 20
239.188517971068
 30
0.0
 11
322.741240205531
 21
239.188517971068
 31
0.0
  0
LINE
  5
AD5
330
D0BE
100
AcDbEntity
  8
Arch_Section_Wall
100
AcDbLine
 10
594.741240205529
 20
103.688517971068
 30
0.0
 11
594.7412402055319
 21
467.4385179710679
 31
0.0
  0
LINE
  5
AD6
330
D0BE
100
AcDbEntity
  8
Arch_Section_Wall
100
AcDbLine
 10
593.991240205529
 20
103.688517971068
 30
0.0
 11
593.9912402055249
 21
467.4385179710679
 31
0.0
  0
LINE
  5
AD7
330
D0BE
100
AcDbEntity
  8
Arch_Section_Wall
100
AcDbLine
 10
588.491240205529
 20
103.688517971068
 30
0.0
 11
588.491240205529
 21
164.188517971068
 31
0.0
  0
LINE
  5
AD8
330
D0BE
100
AcDbEntity
  8
Arch_Section_Wall
100
AcDbLine
 10
587.991240205529
 20
103.688517971068
 30
0.0
 11
587.9912402055309
 21
164.188517971068
 31
0.0
  0
LWPOLYLINE
  5
AD9
330
D0BE
100
AcDbEntity
  8
Arch_Section_Wall
100
AcDbPolyline
 90
        4
 70
     1
 43
0.0
 10
588.491240205529
 20
103.688517971068
 10
593.991240205529
 20
103.688517971068
 10
593.991240205529
 20
105.188517971068
 10
588.491240205529
 20
105.188517971068
  0
LINE
  5
ADA
330
D0BE
100
AcDbEntity
  8
Arch_Section_Ceiling
100
AcDbLine
 10
323.491240205529
 20
244.688517971068
 30
0.0
 11
322.741240205531
 21
244.688517971068
 31
0.0
  0
LINE
  5
ADB
330
D0BE
100
AcDbEntity
  8
Arch_Section_Wall
100
AcDbLine
 10
588.491240205529
 20
174.188517971068
 30
0.0
 11
588.491240205529
 21
229.313517971068
 31
0.0
  0
LINE
  5
ADC
330
D0BE
100
AcDbEntity
  8
Arch_Section_Wall
100
AcDbLine
 10
587.9912402055309
 20
174.188517971068
 30
0.0
 11
587.9912402055309
 21
229.313517971068
 31
0.0
  0
LWPOLYLINE
  5
ADD
330
D0BE
100
AcDbEntity
  8
Arch_Section_Wall
100
AcDbPolyline
 90
        4
 70
     1
 43
0.0
 10
588.491240205529
 20
162.688517971068
 10
593.991240205529
 20
162.688517971068
 10
593.991240205529
 20
164.188517971068
 10
588.491240205529
 20
164.188517971068
  0
LINE
  5
ADE
330
D0BE
100
AcDbEntity
  8
Arch_Section_Wall
100
AcDbLine
 10
532.9912402055319
 20
174.188517971068
 30
0.0
 11
532.9912402055319
 21
103.688517971068
 31
0.0
  0
LINE
  5
ADF
330
D0BE
100
AcDbEntity
  8
Arch_Section_Wall
100
AcDbLine
 10
536.491240205532
 20
164.188517971068
 30
0.0
 11
536.491240205532
 21
103.688517971068
 31
0.0
  0
LINE
  5
AE0
330
D0BE
100
AcDbEntity
  8
Arch_Section_Wall
100
AcDbLine
 10
532.491240205532
 20
174.188517971068
 30
0.0
 11
532.491240205532
 21
103.688517971068
 31
0.0
  0
LINE
  5
AE1
330
D0BE
100
AcDbEntity
  8
Arch_Section_Wall
100
AcDbLine
 10
536.9912402055319
 20
164.188517971068
 30
0.0
 11
536.9912402055319
 21
103.688517971068
 31
0.0
  0
LWPOLYLINE
  5
AE2
330
D0BE
100
AcDbEntity
  8
Arch_Section_Wall
100
AcDbPolyline
 90
        4
 70
     1
 43
0.0
 10
588.491240205529
 20
174.188517971068
 10
593.991240205529
 20
174.188517971068
 10
593.991240205529
 20
175.688517971068
 10
588.491240205529
 20
175.688517971068
  0
LWPOLYLINE
  5
AE3
330
D0BE
100
AcDbEntity
  8
Arch_Section_Wall
100
AcDbPolyline
 90
        4
 70
     1
 43
0.0
 10
328.991240205529
 20
227.81351797107
 10
323.491240205529
 20
227.81351797107
 10
323.491240205529
 20
229.31351797107
 10
328.991240205529
 20
229.31351797107
  0
LWPOLYLINE
  5
AE4
330
D0BE
100
AcDbEntity
  8
Arch_Section_Wall
100
AcDbPolyline
 90
        4
 70
     1
 43
0.0
 10
328.991240205529
 20
244.688517971068
 10
323.491240205529
 20
244.688517971068
 10
323.491240205529
 20
246.188517971068
 10
328.991240205529
 20
246.188517971068
  0
LINE
  5
AE5
330
D0BE
100
AcDbEntity
  8
Arch_Section_Wall
100
AcDbLine
 10
329.741240205527
 20
244.688517971068
 30
0.0
 11
329.741240205583
 21
467.4385179710679
 31
0.0
  0
LINE
  5
AE6
330
D0BE
100
AcDbEntity
  8
Arch_Section_Wall
100
AcDbLine
 10
328.991240205529
 20
244.688517971068
 30
0.0
 11
328.991240205532
 21
467.4385179710679
 31
0.0
  0
LINE
  5
AE7
330
D0BE
100
AcDbEntity
  8
Arch_Section_Ceiling
100
AcDbLine
 10
328.991240205529
 20
244.688517971068
 30
0.0
 11
329.741240205527
 21
244.688517971068
 31
0.0
  0
LINE
  5
AE8
330
D0BE
100
AcDbEntity
  8
Arch_Section_Ceiling
100
AcDbLine
 10
594.7412402055319
 20
493.6885179710679
 30
0.0
 11
322.741240205536
 21
493.6885179710679
 31
0.0
  0
LINE
  5
AE9
330
D0BE
100
AcDbEntity
  8
Arch_Section_Ceiling
100
AcDbLine
 10
594.7412402055319
 20
467.4385179710679
 30
0.0
 11
322.741240205538
 21
467.4385179710679
 31
0.0
  0
LWPOLYLINE
  5
AEA
330
D0BE
100
AcDbEntity
  8
Arch_Section_Wall
100
AcDbPolyline
 90
        4
 70
     1
 43
0.0
 10
328.991240205529
 20
465.9385179710679
 10
323.491240205529
 20
465.9385179710679
 10
323.491240205529
 20
467.4385179710679
 10
328.991240205529
 20
467.4385179710679
  0
LWPOLYLINE
  5
AEB
330
D0BE
100
AcDbEntity
  8
Arch_Section_Wall
100
AcDbPolyline
 90
        4
 70
     1
 43
0.0
 10
593.9912402055249
 20
465.9385179710679
 10
588.4912402055249
 20
465.9385179710679
 10
588.4912402055249
 20
467.4385179710679
 10
593.9912402055249
 20
467.4385179710679
  0
LINE
  5
AEC
330
D0BE
100
AcDbEntity
  8
Arch_Section_Ceiling
100
AcDbLine
 10
588.4912402055249
 20
466.9385179710679
 30
0.0
 11
329.741240205583
 21
466.9385179710679
 31
0.0
  0
LINE
  5
AED
330
D0BE
100
AcDbEntity
  8
Arch_Detail_Door
100
AcDbLine
 10
335.491240205532
 20
103.688517971068
 30
0.0
 11
409.4912402055319
 21
103.688517971068
 31
0.0
  0
LINE
  5
AEE
330
D0BE
100
AcDbEntity
  8
Arch_Detail_Door
100
AcDbLine
 10
373.491240205532
 20
103.688517971068
 30
0.0
 11
373.491240205532
 21
104.438517971068
 31
0.0
  0
LINE
  5
AEF
330
D0BE
100
AcDbEntity
  8
Arch_Detail_Door
100
AcDbLine
 10
409.4912402055319
 20
187.688517971068
 30
0.0
 11
373.491240205532
 21
187.688517971068
 31
0.0
  0
LINE
  5
AF0
330
D0BE
100
AcDbEntity
  8
Arch_Detail_Door
100
AcDbLine
 10
337.491240205532
 20
187.688517971068
 30
0.0
 11
337.491240205532
 21
104.438517971068
 31
0.0
  0
LINE
  5
AF1
330
D0BE
100
AcDbEntity
  8
Arch_Detail_Door
100
AcDbLine
 10
373.491240205532
 20
103.688517971068
 30
0.0
 11
373.491240205532
 21
187.688517971068
 31
0.0
  0
LINE
  5
AF2
330
D0BE
100
AcDbEntity
  8
Arch_Detail_Door
100
AcDbLine
 10
409.4912402055319
 20
103.688517971068
 30
0.0
 11
409.4912402055319
 21
187.688517971068
 31
0.0
  0
LINE
  5
AF3
330
D0BE
100
AcDbEntity
  8
Arch_Detail_Door
100
AcDbLine
 10
411.491240205532
 20
103.688517971068
 30
0.0
 11
374.491240205532
 21
103.688517971068
 31
0.0
  0
LINE
  5
AF4
330
D0BE
100
AcDbEntity
  8
Arch_Detail_Door
100
AcDbLine
 10
335.491240205532
 20
189.688517971068
 30
0.0
 11
335.491240205532
 21
103.688517971068
 31
0.0
  0
LINE
  5
AF5
330
D0BE
100
AcDbEntity
  8
Arch_Detail_Door
100
AcDbLine
 10
411.491240205532
 20
103.688517971068
 30
0.0
 11
411.491240205532
 21
189.688517971068
 31
0.0
  0
LINE
  5
AF6
330
D0BE
100
AcDbEntity
  8
Arch_Detail_Door
100
AcDbLine
 10
411.491240205532
 20
189.688517971068
 30
0.0
 11
335.491240205532
 21
189.688517971068
 31
0.0
  0
LINE
  5
AF7
330
D0BE
100
AcDbEntity
  8
Arch_Detail_Door
100
AcDbLine
 10
337.491240205532
 20
104.438517971068
 30
0.0
 11
373.491240205532
 21
104.438517971068
 31
0.0
  0
LINE
  5
AF8
330
D0BE
100
AcDbEntity
  8
Arch_Detail_Door
100
AcDbLine
 10
337.491240205532
 20
104.438517971068
 30
0.0
 11
337.491240205532
 21
103.688517971068
 31
0.0
  0
LINE
  5
AF9
330
D0BE
100
AcDbEntity
  8
Arch_Detail_Door
100
AcDbLine
 10
373.491240205532
 20
104.438517971068
 30
0.0
 11
373.491240205532
 21
187.688517971068
 31
0.0
  0
LINE
  5
AFA
330
D0BE
100
AcDbEntity
  8
Arch_Detail_Door
100
AcDbLine
 10
373.491240205532
 20
187.688517971068
 30
0.0
 11
337.491240205532
 21
187.688517971068
 31
0.0
  0
LINE
  5
AFB
330
D0BE
100
AcDbEntity
  8
Arch_Detail_Door
100
AcDbLine
 10
407.491240205532
 20
108.438517971068
 30
0.0
 11
407.491240205532
 21
125.688517971068
 31
0.0
  0
LINE
  5
AFC
330
D0BE
100
AcDbEntity
  8
Arch_Detail_Door
100
AcDbLine
 10
407.491240205532
 20
185.688517971068
 30
0.0
 11
375.491240205532
 21
185.688517971068
 31
0.0
  0
LINE
  5
AFD
330
D0BE
100
AcDbEntity
  8
Arch_Detail_Door
100
AcDbLine
 10
375.491240205532
 20
185.688517971068
 30
0.0
 11
375.491240205532
 21
167.688517971068
 31
0.0
  0
LINE
  5
AFE
330
D0BE
100
AcDbEntity
  8
Arch_Detail_Door
100
AcDbLine
 10
375.491240205532
 20
125.688517971068
 30
0.0
 11
375.491240205532
 21
108.438517971068
 31
0.0
  0
LINE
  5
AFF
330
D0BE
100
AcDbEntity
  8
Arch_Detail_Door
100
AcDbLine
 10
407.491240205532
 20
127.688517971068
 30
0.0
 11
407.491240205532
 21
145.688517971068
 31
0.0
  0
LINE
  5
B00
330
D0BE
100
AcDbEntity
  8
Arch_Detail_Door
100
AcDbLine
 10
375.491240205532
 20
165.688517971068
 30
0.0
 11
375.491240205532
 21
147.688517971068
 31
0.0
  0
LINE
  5
B01
330
D0BE
100
AcDbEntity
  8
Arch_Detail_Door
100
AcDbLine
 10
407.491240205532
 20
167.688517971068
 30
0.0
 11
407.491240205532
 21
185.688517971068
 31
0.0
  0
LINE
  5
B02
330
D0BE
100
AcDbEntity
  8
Arch_Detail_Door
100
AcDbLine
 10
375.491240205532
 20
145.688517971068
 30
0.0
 11
375.491240205532
 21
127.688517971068
 31
0.0
  0
LINE
  5
B03
330
D0BE
100
AcDbEntity
  8
Arch_Detail_Door
100
AcDbLine
 10
407.491240205532
 20
147.688517971068
 30
0.0
 11
407.491240205532
 21
165.688517971068
 31
0.0
  0
LINE
  5
B04
330
D0BE
100
AcDbEntity
  8
Arch_Detail_Door
100
AcDbLine
 10
407.491240205532
 20
167.688517971068
 30
0.0
 11
375.491240205532
 21
167.688517971068
 31
0.0
  0
LINE
  5
B05
330
D0BE
100
AcDbEntity
  8
Arch_Detail_Door
100
AcDbLine
 10
407.491240205532
 20
165.688517971068
 30
0.0
 11
375.491240205532
 21
165.688517971068
 31
0.0
  0
LINE
  5
B06
330
D0BE
100
AcDbEntity
  8
Arch_Detail_Door
100
AcDbLine
 10
407.491240205532
 20
147.688517971068
 30
0.0
 11
375.491240205532
 21
147.688517971068
 31
0.0
  0
LINE
  5
B07
330
D0BE
100
AcDbEntity
  8
Arch_Detail_Door
100
AcDbLine
 10
407.491240205532
 20
145.688517971068
 30
0.0
 11
375.491240205532
 21
145.688517971068
 31
0.0
  0
LINE
  5
B08
330
D0BE
100
AcDbEntity
  8
Arch_Detail_Door
100
AcDbLine
 10
407.491240205532
 20
127.688517971068
 30
0.0
 11
375.491240205532
 21
127.688517971068
 31
0.0
  0
LINE
  5
B09
330
D0BE
100
AcDbEntity
  8
Arch_Detail_Door
100
AcDbLine
 10
407.491240205532
 20
125.688517971068
 30
0.0
 11
375.491240205532
 21
125.688517971068
 31
0.0
  0
LINE
  5
B0A
330
D0BE
100
AcDbEntity
  8
Arch_Detail_Door
100
AcDbLine
 10
407.491240205532
 20
108.438517971068
 30
0.0
 11
375.491240205532
 21
108.438517971068
 31
0.0
  0
LINE
  5
B0B
330
D0BE
100
AcDbEntity
  8
LAYER251A
100
AcDbLine
 10
376.491240205532
 20
172.781241783039
 30
0.0
 11
388.398516393561
 21
184.688517971068
 31
0.0
  0
LINE
  5
B0C
330
D0BE
100
AcDbEntity
  8
LAYER251A
100
AcDbLine
 10
376.491240205532
 20
174.902562126598
 30
0.0
 11
386.277196050001
 21
184.688517971068
 31
0.0
  0
LINE
  5
B0D
330
D0BE
100
AcDbEntity
  8
LAYER251A
100
AcDbLine
 10
376.491240205532
 20
177.023882470158
 30
0.0
 11
384.1558757064409
 21
184.688517971068
 31
0.0
  0
LINE
  5
B0E
330
D0BE
100
AcDbEntity
  8
LAYER251A
100
AcDbLine
 10
376.491240205532
 20
179.145202813718
 30
0.0
 11
382.034555362881
 21
184.688517971068
 31
0.0
  0
LINE
  5
B0F
330
D0BE
100
AcDbEntity
  8
LAYER251A
100
AcDbLine
 10
376.491240205532
 20
181.2665231572779
 30
0.0
 11
379.913235019321
 21
184.688517971068
 31
0.0
  0
LINE
  5
B10
330
D0BE
100
AcDbEntity
  8
LAYER251A
100
AcDbLine
 10
376.491240205532
 20
183.387843500837
 30
0.0
 11
377.791914675763
 21
184.688517971068
 31
0.0
  0
LINE
  5
B11
330
D0BE
100
AcDbEntity
  8
LAYER251A
100
AcDbLine
 10
376.491240205532
 20
152.781241783039
 30
0.0
 11
388.398516393561
 21
164.688517971068
 31
0.0
  0
LINE
  5
B12
330
D0BE
100
AcDbEntity
  8
LAYER251A
100
AcDbLine
 10
376.491240205532
 20
154.902562126598
 30
0.0
 11
386.277196050001
 21
164.688517971068
 31
0.0
  0
LINE
  5
B13
330
D0BE
100
AcDbEntity
  8
LAYER251A
100
AcDbLine
 10
376.491240205532
 20
157.023882470158
 30
0.0
 11
384.1558757064409
 21
164.688517971068
 31
0.0
  0
LINE
  5
B14
330
D0BE
100
AcDbEntity
  8
LAYER251A
100
AcDbLine
 10
376.491240205532
 20
159.145202813718
 30
0.0
 11
382.034555362881
 21
164.688517971068
 31
0.0
  0
LINE
  5
B15
330
D0BE
100
AcDbEntity
  8
LAYER251A
100
AcDbLine
 10
376.491240205532
 20
161.266523157278
 30
0.0
 11
379.913235019321
 21
164.688517971068
 31
0.0
  0
LINE
  5
B16
330
D0BE
100
AcDbEntity
  8
LAYER251A
100
AcDbLine
 10
376.491240205532
 20
163.387843500837
 30
0.0
 11
377.791914675763
 21
164.688517971068
 31
0.0
  0
LINE
  5
B17
330
D0BE
100
AcDbEntity
  8
LAYER251A
100
AcDbLine
 10
376.491240205532
 20
132.781241783039
 30
0.0
 11
388.398516393561
 21
144.688517971068
 31
0.0
  0
LINE
  5
B18
330
D0BE
100
AcDbEntity
  8
LAYER251A
100
AcDbLine
 10
376.491240205532
 20
134.902562126598
 30
0.0
 11
386.277196050001
 21
144.688517971068
 31
0.0
  0
LINE
  5
B19
330
D0BE
100
AcDbEntity
  8
LAYER251A
100
AcDbLine
 10
376.491240205532
 20
137.023882470158
 30
0.0
 11
384.1558757064409
 21
144.688517971068
 31
0.0
  0
LINE
  5
B1A
330
D0BE
100
AcDbEntity
  8
LAYER251A
100
AcDbLine
 10
376.491240205532
 20
139.145202813718
 30
0.0
 11
382.034555362881
 21
144.688517971068
 31
0.0
  0
LINE
  5
B1B
330
D0BE
100
AcDbEntity
  8
LAYER251A
100
AcDbLine
 10
376.491240205532
 20
141.266523157278
 30
0.0
 11
379.913235019321
 21
144.688517971068
 31
0.0
  0
LINE
  5
B1C
330
D0BE
100
AcDbEntity
  8
LAYER251A
100
AcDbLine
 10
376.491240205532
 20
143.387843500837
 30
0.0
 11
377.791914675763
 21
144.688517971068
 31
0.0
  0
LINE
  5
B1D
330
D0BE
100
AcDbEntity
  8
LAYER251A
100
AcDbLine
 10
376.491240205532
 20
112.781241783039
 30
0.0
 11
388.398516393561
 21
124.688517971068
 31
0.0
  0
LINE
  5
B1E
330
D0BE
100
AcDbEntity
  8
LAYER251A
100
AcDbLine
 10
376.491240205532
 20
114.902562126598
 30
0.0
 11
386.277196050001
 21
124.688517971068
 31
0.0
  0
LINE
  5
B1F
330
D0BE
100
AcDbEntity
  8
LAYER251A
100
AcDbLine
 10
376.491240205532
 20
117.023882470158
 30
0.0
 11
384.1558757064409
 21
124.688517971068
 31
0.0
  0
LINE
  5
B20
330
D0BE
100
AcDbEntity
  8
LAYER251A
100
AcDbLine
 10
376.491240205532
 20
119.145202813718
 30
0.0
 11
382.034555362881
 21
124.688517971068
 31
0.0
  0
LINE
  5
B21
330
D0BE
100
AcDbEntity
  8
LAYER251A
100
AcDbLine
 10
376.491240205532
 20
121.266523157278
 30
0.0
 11
379.913235019321
 21
124.688517971068
 31
0.0
  0
LINE
  5
B22
330
D0BE
100
AcDbEntity
  8
LAYER251A
100
AcDbLine
 10
376.491240205532
 20
123.387843500837
 30
0.0
 11
377.791914675763
 21
124.688517971068
 31
0.0
  0
LINE
  5
B23
330
D0BE
100
AcDbEntity
  8
Arch_Detail_Door
100
AcDbLine
 10
367.491240205532
 20
181.688517971068
 30
0.0
 11
343.491240205532
 21
181.688517971068
 31
0.0
  0
LINE
  5
B24
330
D0BE
100
AcDbEntity
  8
Arch_Detail_Door
100
AcDbLine
 10
343.491240205532
 20
181.688517971068
 30
0.0
 11
343.491240205532
 21
151.688517971068
 31
0.0
  0
LINE
  5
B25
330
D0BE
100
AcDbEntity
  8
Arch_Detail_Door
100
AcDbLine
 10
367.491240205532
 20
110.438517971068
 30
0.0
 11
367.491240205532
 21
145.688517971068
 31
0.0
  0
LINE
  5
B26
330
D0BE
100
AcDbEntity
  8
Arch_Detail_Door
100
AcDbLine
 10
343.491240205532
 20
110.438517971068
 30
0.0
 11
367.491240205532
 21
110.438517971068
 31
0.0
  0
LINE
  5
B27
330
D0BE
100
AcDbEntity
  8
Arch_Detail_Door
100
AcDbLine
 10
337.491240205532
 20
145.688517971068
 30
0.0
 11
373.491240205532
 21
145.688517971068
 31
0.0
  0
LINE
  5
B28
330
D0BE
100
AcDbEntity
  8
Arch_Detail_Door
100
AcDbLine
 10
337.491240205532
 20
151.688517971068
 30
0.0
 11
373.491240205532
 21
151.688517971068
 31
0.0
  0
LINE
  5
B29
330
D0BE
100
AcDbEntity
  8
Arch_Detail_Door
100
AcDbLine
 10
343.491240205532
 20
145.688517971068
 30
0.0
 11
343.491240205532
 21
110.438517971068
 31
0.0
  0
LINE
  5
B2A
330
D0BE
100
AcDbEntity
  8
Arch_Detail_Door
100
AcDbLine
 10
367.491240205532
 20
151.688517971068
 30
0.0
 11
367.491240205532
 21
181.688517971068
 31
0.0
  0
LWPOLYLINE
  5
B2B
330
D0BE
100
AcDbEntity
  8
Arch_Detail_Door
100
AcDbPolyline
 90
        2
 70
     1
 43
1.0
 10
367.854487972459
 20
286.688517971068
 42
1.0
 10
368.854487972459
 20
286.688517971068
 42
1.0
  0
LINE
  5
B2C
330
D0BE
100
AcDbEntity
  8
Arch_Section_Ceiling
100
AcDbLine
 10
322.741240205536
 20
467.4385179710679
 30
0.0
 11
322.741240205536
 21
493.6885179710679
 31
0.0
  0
LINE
  5
B2D
330
D0BE
100
AcDbEntity
  8
Arch_Section_Ceiling
100
AcDbLine
 10
594.7412402055319
 20
467.4385179710679
 30
0.0
 11
594.7412402055319
 21
493.6885179710679
 31
0.0
  0
LINE
  5
B2E
330
D0BE
100
AcDbEntity
  8
Arch_Section_Handrail
100
AcDbLine
 10
431.8362402055259
 20
280.368576468338
 30
0.0
 11
543.70716626109
 21
209.361114078079
 31
0.0
  0
LINE
  5
B2F
330
D0BE
100
AcDbEntity
  8
Arch_Section_Handrail
100
AcDbLine
 10
431.836240205528
 20
282.145223712261
 30
0.0
 11
543.8662402055359
 21
211.036792844077
 31
0.0
  0
LINE
  5
B30
330
D0BE
100
AcDbEntity
  8
Arch_Section_Handrail
100
AcDbLine
 10
430.336240205526
 20
239.188517971068
 30
0.0
 11
430.3362402055249
 21
286.688517971069
 31
0.0
  0
LINE
  5
B31
330
D0BE
100
AcDbEntity
  8
Arch_Section_Handrail
100
AcDbLine
 10
431.8362402055259
 20
239.188517971068
 30
0.0
 11
431.836240205528
 21
286.688517971069
 31
0.0
  0
LINE
  5
B32
330
D0BE
100
AcDbEntity
  8
Arch_Section_Handrail
100
AcDbLine
 10
418.5159536341739
 20
138.667903917551
 30
0.0
 11
502.4463233146009
 21
191.264268917288
 31
0.0
  0
LINE
  5
B33
330
D0BE
100
AcDbEntity
  8
Arch_Section_Handrail
100
AcDbLine
 10
541.3439443765931
 20
210.861114078079
 30
0.0
 11
535.491240205532
 21
210.861114078079
 31
0.0
  0
LINE
  5
B34
330
D0BE
100
AcDbEntity
  8
Arch_Section_Handrail
100
AcDbLine
 10
543.866240205532
 20
209.36111407808
 30
0.0
 11
535.491240205532
 21
209.36111407808
 31
0.0
  0
LINE
  5
B35
330
D0BE
100
AcDbEntity
  8
Arch_Section_Handrail
100
AcDbLine
 10
513.2500932666639
 20
196.264433691511
 30
0.0
 11
515.072494909884
 21
197.406472054593
 31
0.0
  0
LINE
  5
B36
330
D0BE
100
AcDbEntity
  8
Arch_Section_Handrail
100
AcDbLine
 10
511.837701461554
 20
197.149532556046
 30
0.0
 11
513.669127972536
 21
198.297226502929
 31
0.0
  0
LINE
  5
B37
330
D0BE
100
AcDbEntity
  8
Arch_Section_Handrail
 48
6.0
100
AcDbLine
 10
502.4463233146009
 20
191.264268917288
 30
0.0
 11
511.837701461554
 21
197.149532556046
 31
0.0
  0
LINE
  5
B38
330
D0BE
100
AcDbEntity
  8
Arch_Section_Handrail
 48
6.0
100
AcDbLine
 10
503.858715119708
 20
190.379170052752
 30
0.0
 11
513.2500932666639
 21
196.264433691511
 31
0.0
  0
LINE
  5
B39
330
D0BE
100
AcDbEntity
  8
Arch_Section_Handrail
100
AcDbLine
 10
419.3124748232199
 20
137.396859466948
 30
0.0
 11
503.8587151197119
 21
190.379170052753
 31
0.0
  0
LINE
  5
B3A
330
D0BE
100
AcDbEntity
  8
Arch_Section_Handrail
 48
0.100000001490116
100
AcDbLine
 10
430.336240205526
 20
239.188517971068
 30
0.0
 11
431.8362402055259
 21
239.188517971068
 31
0.0
  0
LINE
  5
B3B
330
D0BE
100
AcDbEntity
  8
Arch_Section_Handrail
 48
0.100000001490116
100
AcDbLine
 10
430.3362402055249
 20
286.688517971069
 30
0.0
 11
431.836240205528
 21
286.688517971069
 31
0.0
  0
LINE
  5
B3C
330
D0BE
100
AcDbEntity
  8
Arch_Section_Handrail
 48
0.100000001490116
100
AcDbLine
 10
434.415879582207
 20
113.295681660053
 30
0.0
 11
418.5159536341739
 21
138.667903917551
 31
0.0
  0
LINE
  5
B3D
330
D0BE
100
AcDbEntity
  8
Arch_Section_Handrail
 48
0.100000001490116
100
AcDbLine
 10
435.6869240328069
 20
114.092202849095
 30
0.0
 11
420.583519273819
 21
138.193380655993
 31
0.0
  0
LINE
  5
B3E
330
D0BE
100
AcDbEntity
  8
Arch_Section_Handrail
 48
0.100000001490116
100
AcDbLine
 10
434.415879582207
 20
113.295681660053
 30
0.0
 11
435.6869240328089
 21
114.092202849096
 31
0.0
  0
LINE
  5
B3F
330
D0BE
100
AcDbEntity
  8
Arch_Section_Handrail
 48
0.100000001490116
100
AcDbLine
 10
543.866240205532
 20
209.36111407808
 30
0.0
 11
543.8662402055359
 21
211.036792844077
 31
0.0
  0
LINE
  5
B40
330
D0BE
100
AcDbEntity
  8
Arch_Section_Handrail
 48
0.100000001490116
100
AcDbLine
 10
434.8526183524789
 20
244.688517971068
 30
0.0
 11
450.1296798936819
 21
268.757242081064
 31
0.0
  0
LINE
  5
B41
330
D0BE
100
AcDbEntity
  8
Arch_Section_Handrail
 48
0.100000001490116
100
AcDbLine
 10
436.1190487075759
 20
243.884680826064
 30
0.0
 11
451.3961102487789
 21
267.9534049360601
 31
0.0
  0
LINE
  5
B42
330
D0BE
100
AcDbEntity
  8
Arch_Section_Handrail
 48
0.100000001490116
100
AcDbLine
 10
434.8526183524789
 20
244.688517971068
 30
0.0
 11
436.1236839347129
 21
243.891983539536
 31
0.0
  0
LINE
  5
B43
330
D0BE
100
AcDbEntity
  8
Arch_Section_Handrail
100
AcDbLine
 10
432.836240205526
 20
249.492510401296
 30
0.0
 11
432.836240205528
 21
273.492667094454
 31
0.0
  0
LINE
  5
B44
330
D0BE
100
AcDbEntity
  8
Arch_Section_Handrail
 48
0.100000001490116
100
AcDbLine
 10
435.6129423159039
 20
247.752443745459
 30
0.0
 11
446.4615941248879
 21
264.844291326987
 31
0.0
  0
LINE
  5
B45
330
D0BE
100
AcDbEntity
  8
Arch_Section_Handrail
100
AcDbLine
 10
432.836240205528
 20
273.492667094454
 30
0.0
 11
446.4615941248879
 21
264.844291326987
 31
0.0
  0
LINE
  5
B46
330
D0BE
100
AcDbEntity
  8
Arch_Section_Handrail
 48
0.100000001490116
100
AcDbLine
 10
435.6129423159039
 20
247.752443745459
 30
0.0
 11
432.836240205526
 21
249.492510401296
 31
0.0
  0
LINE
  5
B47
330
D0BE
100
AcDbEntity
  8
Arch_Section_Handrail
 48
6.0
100
AcDbLine
 10
535.4912402055309
 20
174.188517971068
 30
0.0
 11
535.4912402055309
 21
183.658314943159
 31
0.0
  0
LINE
  5
B48
330
D0BE
100
AcDbEntity
  8
Arch_Section_Handrail
 48
6.0
100
AcDbLine
 10
533.9912402055309
 20
174.188517971068
 30
0.0
 11
533.9912402055309
 21
184.598314943159
 31
0.0
  0
LINE
  5
B49
330
D0BE
100
AcDbEntity
  8
Arch_Section_Handrail
 48
0.100000001490116
100
AcDbLine
 10
532.9912402055339
 20
186.434177067957
 30
0.0
 11
532.9912402055319
 21
209.623294104097
 31
0.0
  0
LINE
  5
B4A
330
D0BE
100
AcDbEntity
  8
Arch_Section_Handrail
100
AcDbLine
 10
527.5505384371679
 20
213.076652718483
 30
0.0
 11
532.9912402055319
 21
209.623294104097
 31
0.0
  0
LINE
  5
B4B
330
D0BE
100
AcDbEntity
  8
Arch_Section_Handrail
 48
0.100000001490116
100
AcDbLine
 10
532.9912402055319
 20
186.434177067958
 30
0.0
 11
517.096591990679
 21
196.394823282602
 31
0.0
  0
LINE
  5
B4C
330
D0BE
100
AcDbEntity
  8
Arch_Section_Handrail
 48
0.100000001490116
100
AcDbLine
 10
527.5505384371679
 20
213.076652718483
 30
0.0
 11
517.096591990679
 21
196.394823282602
 31
0.0
  0
LINE
  5
B4D
330
D0BE
100
AcDbEntity
  8
Arch_Section_Handrail
 48
0.100000001490116
100
AcDbLine
 10
529.6381308718969
 20
218.291106315464
 30
0.0
 11
514.656186645523
 21
194.383748507428
 31
0.0
  0
LINE
  5
B4E
330
D0BE
100
AcDbEntity
  8
Arch_Section_Handrail
 48
0.100000001490116
100
AcDbLine
 10
528.371679461881
 20
219.094956824588
 30
0.0
 11
513.3851421949221
 21
195.180269696472
 31
0.0
  0
LINE
  5
B4F
330
D0BE
100
AcDbEntity
  8
Arch_Section_Handrail
100
AcDbLine
 10
448.27843583013
 20
263.047175808458
 30
0.0
 11
525.285753433159
 21
214.168576146592
 31
0.0
  0
LINE
  5
B50
330
D0BE
100
AcDbEntity
  8
Arch_Section_Handrail
100
AcDbLine
 10
448.0780124353099
 20
262.731412506586
 30
0.0
 11
525.0853300383389
 21
213.852812844721
 31
0.0
  0
LINE
  5
B51
330
D0BE
100
AcDbEntity
  8
Arch_Section_Handrail
100
AcDbLine
 10
444.8626638552901
 20
257.665691086197
 30
0.0
 11
521.899192312208
 21
208.76855051579
 31
0.0
  0
LINE
  5
B52
330
D0BE
100
AcDbEntity
  8
Arch_Section_Handrail
100
AcDbLine
 10
445.0630872501129
 20
257.981454388068
 30
0.0
 11
522.0996157070289
 21
209.084313817661
 31
0.0
  0
LINE
  5
B53
330
D0BE
100
AcDbEntity
  8
Arch_Section_Handrail
100
AcDbLine
 10
441.647315275277
 20
252.599969665808
 30
0.0
 11
518.7130545860759
 21
203.684288186859
 31
0.0
  0
LINE
  5
B54
330
D0BE
100
AcDbEntity
  8
Arch_Section_Handrail
100
AcDbLine
 10
441.8477386700959
 20
252.915732967679
 30
0.0
 11
518.913477980897
 21
204.00005148873
 31
0.0
  0
LINE
  5
B55
330
D0BE
100
AcDbEntity
  8
Arch_Section_Handrail
100
AcDbLine
 10
438.43196669526
 20
247.534248245419
 30
0.0
 11
515.5269168599439
 21
198.600025857926
 31
0.0
  0
LINE
  5
B56
330
D0BE
100
AcDbEntity
  8
Arch_Section_Handrail
100
AcDbLine
 10
438.63239009008
 20
247.85001154729
 30
0.0
 11
515.7273402547651
 21
198.915789159797
 31
0.0
  0
LWPOLYLINE
  5
B57
330
D0BE
100
AcDbEntity
  8
Arch_Section_Handrail
 48
0.100000001490116
100
AcDbPolyline
 90
        2
 70
     1
 43
0.125
 10
431.023740205526
 20
273.419007302691
 42
1.0
 10
431.1487402055259
 20
273.419007302691
 42
1.0
  0
LWPOLYLINE
  5
B58
330
D0BE
100
AcDbEntity
  8
Arch_Section_Handrail
 48
0.100000001490116
100
AcDbPolyline
 90
        2
 70
     1
 43
0.125
 10
431.023740205526
 20
266.312418327011
 42
1.0
 10
431.1487402055259
 20
266.312418327011
 42
1.0
  0
LWPOLYLINE
  5
B59
330
D0BE
100
AcDbEntity
  8
Arch_Section_Handrail
 48
0.100000001490116
100
AcDbPolyline
 90
        2
 70
     1
 43
0.125
 10
431.023740205526
 20
259.20582935133
 42
1.0
 10
431.1487402055259
 20
259.20582935133
 42
1.0
  0
LWPOLYLINE
  5
B5A
330
D0BE
100
AcDbEntity
  8
Arch_Section_Handrail
 48
0.100000001490116
100
AcDbPolyline
 90
        2
 70
     1
 43
0.125
 10
431.023740205526
 20
252.099240375652
 42
1.0
 10
431.1487402055259
 20
252.099240375652
 42
1.0
  0
LWPOLYLINE
  5
B5B
330
D0BE
100
AcDbEntity
  8
Arch_Section_Handrail
 48
0.100000001490116
100
AcDbPolyline
 90
        2
 70
     1
 43
0.125
 10
431.023740205526
 20
281.351419900332
 42
1.0
 10
431.1487402055259
 20
281.351419900332
 42
1.0
  0
LINE
  5
B5C
330
D0BE
100
AcDbEntity
  8
Arch_Section_Handrail
100
AcDbLine
 10
514.020308972347
 20
198.517299929477
 30
0.0
 11
519.303047755613
 21
201.827816233658
 31
0.0
  0
LINE
  5
B5D
330
D0BE
100
AcDbEntity
  8
Arch_Section_Handrail
100
AcDbLine
 10
515.423675909693
 20
197.626545481141
 30
0.0
 11
517.554280730428
 21
198.961724502134
 31
0.0
  0
LINE
  5
B5E
330
D0BE
100
AcDbEntity
  8
Arch_Section_Handrail
 48
0.100000001490116
100
AcDbLine
 10
513.3851421949221
 20
195.180269696472
 30
0.0
 11
514.656186645523
 21
194.383748507428
 31
0.0
  0
LINE
  5
B5F
330
D0BE
100
AcDbEntity
  8
Arch_Section_Handrail
100
AcDbLine
 10
423.703227264241
 20
133.215123224468
 30
0.0
 11
509.390583023051
 21
186.912532833326
 31
0.0
  0
LINE
  5
B60
330
D0BE
100
AcDbEntity
  8
Arch_Section_Handrail
100
AcDbLine
 10
423.8359807957479
 20
133.003282482702
 30
0.0
 11
509.625981657236
 21
186.765016355904
 31
0.0
  0
LINE
  5
B61
330
D0BE
100
AcDbEntity
  8
Arch_Section_Handrail
100
AcDbLine
 10
426.889312020416
 20
128.130945422063
 30
0.0
 11
515.040150243483
 21
183.3721373751899
 31
0.0
  0
LINE
  5
B62
330
D0BE
100
AcDbEntity
  8
Arch_Section_Handrail
100
AcDbLine
 10
427.0220655519219
 20
127.919104680296
 30
0.0
 11
515.2755488776669
 21
183.224620897766
 31
0.0
  0
LINE
  5
B63
330
D0BE
100
AcDbEntity
  8
Arch_Section_Handrail
100
AcDbLine
 10
430.0753967765899
 20
123.046767619657
 30
0.0
 11
520.689717463916
 21
179.831741917051
 31
0.0
  0
LINE
  5
B64
330
D0BE
100
AcDbEntity
  8
Arch_Section_Handrail
100
AcDbLine
 10
430.208150308097
 20
122.834926877891
 30
0.0
 11
520.9251160980979
 21
179.684225439629
 31
0.0
  0
LINE
  5
B65
330
D0BE
100
AcDbEntity
  8
Arch_Section_Handrail
100
AcDbLine
 10
433.2614815327629
 20
117.962589817251
 30
0.0
 11
524.62220590087
 21
175.215310421268
 31
0.0
  0
LINE
  5
B66
330
D0BE
100
AcDbEntity
  8
Arch_Section_Handrail
100
AcDbLine
 10
433.39423506427
 20
117.750749075484
 30
0.0
 11
524.754959432377
 21
175.003469679501
 31
0.0
  0
LINE
  5
B67
330
D0BE
100
AcDbEntity
  8
Arch_Section_Handrail
 48
0.100000001490116
100
AcDbLine
 10
528.4347269391759
 20
171.956283863974
 30
0.0
 11
525.316382762878
 21
176.932364996368
 31
0.0
  0
LINE
  5
B68
330
D0BE
100
AcDbEntity
  8
Arch_Section_Handrail
 48
0.100000001490116
100
AcDbLine
 10
527.1636824885749
 20
171.159762674929
 30
0.0
 11
522.401464078439
 21
178.75904737195
 31
0.0
  0
LINE
  5
B69
330
D0BE
100
AcDbEntity
  8
Arch_Section_Handrail
 48
6.0
100
AcDbLine
 10
522.4014640784439
 20
178.759047371947
 30
0.0
 11
511.944243641932
 21
195.446101260012
 31
0.0
  0
LINE
  5
B6A
330
D0BE
100
AcDbEntity
  8
Arch_Section_Handrail
 48
6.0
100
AcDbLine
 10
525.316382762878
 20
176.93236499637
 30
0.0
 11
513.2152880925279
 21
196.242622449053
 31
0.0
  0
LINE
  5
B6B
330
D0BE
100
AcDbEntity
  8
Arch_Section_Handrail
 48
0.100000001490116
100
AcDbLine
 10
513.6330856728669
 20
195.575924182555
 30
0.0
 11
513.215288092529
 21
196.242622449053
 31
0.0
  0
LINE
  5
B6C
330
D0BE
100
AcDbEntity
  8
Arch_Section_Handrail
 48
6.0
100
AcDbLine
 10
509.625981657236
 20
186.765016355903
 30
0.0
 11
515.196705163858
 21
190.256003086721
 31
0.0
  0
LINE
  5
B6D
330
D0BE
100
AcDbEntity
  8
Arch_Section_Handrail
 48
6.0
100
AcDbLine
 10
509.390583023052
 20
186.912532833326
 30
0.0
 11
515.06395163235
 21
190.467843828487
 31
0.0
  0
LINE
  5
B6E
330
D0BE
100
AcDbEntity
  8
Arch_Section_Handrail
 48
6.0
100
AcDbLine
 10
515.0401502434809
 20
183.372137375188
 30
0.0
 11
518.250036388525
 21
185.383666026081
 31
0.0
  0
LINE
  5
B6F
330
D0BE
100
AcDbEntity
  8
Arch_Section_Handrail
 48
6.0
100
AcDbLine
 10
515.2755488776669
 20
183.224620897767
 30
0.0
 11
518.382789920029
 21
185.171825284315
 31
0.0
  0
LINE
  5
B70
330
D0BE
100
AcDbEntity
  8
Arch_Section_Handrail
 48
6.0
100
AcDbLine
 10
520.9251160980999
 20
179.684225439629
 30
0.0
 11
521.5688746762039
 21
180.087647481909
 31
0.0
  0
LINE
  5
B71
330
D0BE
100
AcDbEntity
  8
Arch_Section_Handrail
 48
6.0
100
AcDbLine
 10
520.689717463914
 20
179.831741917051
 30
0.0
 11
521.436121144697
 21
180.299488223675
 31
0.0
  0
LINE
  5
B72
330
D0BE
100
AcDbEntity
  8
Arch_Section_Handrail
 48
6.0
100
AcDbLine
 10
527.6890475281559
 20
175.0293868912049
 30
0.0
 11
516.717721689742
 21
192.536821739742
 31
0.0
  0
LINE
  5
B73
330
D0BE
100
AcDbEntity
  8
Arch_Section_Handrail
 48
6.0
100
AcDbLine
 10
527.6890475281559
 20
175.0293868912049
 30
0.0
 11
532.991240205531
 21
178.352094302359
 31
0.0
  0
LINE
  5
B74
330
D0BE
100
AcDbEntity
  8
Arch_Section_Handrail
100
AcDbLine
 10
516.717721689742
 20
192.536821739742
 30
0.0
 11
519.289690648793
 21
194.148588954082
 31
0.0
  0
LINE
  5
B75
330
D0BE
100
AcDbEntity
  8
Arch_Section_Handrail
 48
0.100000001490116
100
AcDbLine
 10
532.991240205531
 20
178.352094302359
 30
0.0
 11
532.9912402055319
 21
186.434177067958
 31
0.0
  0
LINE
  5
B76
330
D0BE
100
AcDbEntity
  8
Arch_Section_Handrail
 48
6.0
100
AcDbLine
 10
524.239160913394
 20
204.92111381253
 30
0.0
 11
533.7178847413939
 21
210.861114078079
 31
0.0
  0
LINE
  5
B77
330
D0BE
100
AcDbEntity
  8
Arch_Section_Handrail
 48
6.0
100
AcDbLine
 10
522.4124785378149
 20
202.006195128098
 30
0.0
 11
533.9912402055319
 21
209.262219106533
 31
0.0
  0
LINE
  5
B78
330
D0BE
100
AcDbEntity
  8
Arch_Section_Handrail
 48
6.0
100
AcDbLine
 10
519.3809631060069
 20
201.8766431865699
 30
0.0
 11
522.295881790436
 21
203.703325562146
 31
0.0
  0
LINE
  5
B79
330
D0BE
100
AcDbEntity
  8
Arch_Section_Handrail
 48
0.100000001490116
100
AcDbLine
 10
517.554280730428
 20
198.961724502137
 30
0.0
 11
520.469199414861
 21
200.788406877715
 31
0.0
  0
LINE
  5
B7A
330
D0BE
100
AcDbEntity
  8
Arch_Section_Handrail
100
AcDbLine
 10
522.29588179044
 20
203.70332556215
 30
0.0
 11
524.239160913392
 21
204.921113812531
 31
0.0
  0
LINE
  5
B7B
330
D0BE
100
AcDbEntity
  8
Arch_Section_Handrail
100
AcDbLine
 10
520.469199414861
 20
200.788406877714
 30
0.0
 11
522.412478537813
 21
202.006195128099
 31
0.0
  0
LINE
  5
B7C
330
D0BE
100
AcDbEntity
  8
Arch_Section_Handrail
 48
6.0
100
AcDbLine
 10
519.2896906487909
 20
194.148588954082
 30
0.0
 11
532.9912402055339
 21
202.734893342974
 31
0.0
  0
LINE
  5
B7D
330
D0BE
100
AcDbEntity
  8
Arch_Section_Handrail
100
AcDbLine
 10
432.836240205526
 20
252.492510401296
 30
0.0
 11
431.836240205525
 21
252.492510401296
 31
0.0
  0
LINE
  5
B7E
330
D0BE
100
AcDbEntity
  8
Arch_Section_Handrail
100
AcDbLine
 10
432.836240205526
 20
254.492510401296
 30
0.0
 11
431.836240205525
 21
254.492510401296
 31
0.0
  0
LINE
  5
B7F
330
D0BE
100
AcDbEntity
  8
Arch_Section_Handrail
100
AcDbLine
 10
432.836240205526
 20
270.492667094455
 30
0.0
 11
431.836240205525
 21
270.492667094455
 31
0.0
  0
LINE
  5
B80
330
D0BE
100
AcDbEntity
  8
Arch_Section_Handrail
100
AcDbLine
 10
432.836240205526
 20
268.492667094455
 30
0.0
 11
431.836240205525
 21
268.492667094455
 31
0.0
  0
LINE
  5
B81
330
D0BE
100
AcDbEntity
  8
Arch_Section_Handrail
 48
0.100000001490116
100
AcDbLine
 10
437.2206166059109
 20
250.285304455653
 30
0.0
 11
438.0649035093099
 21
249.74941302565
 31
0.0
  0
LINE
  5
B82
330
D0BE
100
AcDbEntity
  8
Arch_Section_Handrail
 48
0.100000001490116
100
AcDbLine
 10
438.2923994659179
 20
251.973878262449
 30
0.0
 11
439.136686369316
 21
251.437986832446
 31
0.0
  0
LINE
  5
B83
330
D0BE
100
AcDbEntity
  8
Arch_Section_Handrail
 48
0.100000001490116
100
AcDbLine
 10
444.85391983487
 20
262.3114306168
 30
0.0
 11
445.6982067382689
 21
261.775539186798
 31
0.0
  0
LINE
  5
B84
330
D0BE
100
AcDbEntity
  8
Arch_Section_Handrail
 48
0.100000001490116
100
AcDbLine
 10
443.782136974867
 20
260.62285681
 30
0.0
 11
444.626423878268
 21
260.086965379999
 31
0.0
  0
LINE
  5
B85
330
D0BE
100
AcDbEntity
  8
Arch_Section_Handrail
 48
0.100000001490116
100
AcDbLine
 10
532.9912402055319
 20
190.765843734629
 30
0.0
 11
533.9912402055309
 21
190.765843734629
 31
0.0
  0
LINE
  5
B86
330
D0BE
100
AcDbEntity
  8
Arch_Section_Handrail
 48
0.100000001490116
100
AcDbLine
 10
532.9912402055319
 20
192.765843734629
 30
0.0
 11
533.9912402055309
 21
192.765843734629
 31
0.0
  0
LINE
  5
B87
330
D0BE
100
AcDbEntity
  8
Arch_Section_Handrail
 48
0.100000001490116
100
AcDbLine
 10
518.689634368767
 20
198.936912183804
 30
0.0
 11
517.8422714017
 21
199.467926309833
 31
0.0
  0
LINE
  5
B88
330
D0BE
100
AcDbEntity
  8
Arch_Section_Handrail
 48
0.100000001490116
100
AcDbLine
 10
519.751662620827
 20
200.631638117938
 30
0.0
 11
518.904299653759
 21
201.162652243968
 31
0.0
  0
LINE
  5
B89
330
D0BE
100
AcDbEntity
  8
Arch_Section_Handrail
 48
0.100000001490116
100
AcDbLine
 10
525.9574960590819
 20
210.53456381728
 30
0.0
 11
525.110133092013
 21
211.065577943309
 31
0.0
  0
LINE
  5
B8A
330
D0BE
100
AcDbEntity
  8
Arch_Section_Handrail
 48
0.100000001490116
100
AcDbLine
 10
524.895467807024
 20
208.839837883145
 30
0.0
 11
524.0481048399559
 21
209.370852009174
 31
0.0
  0
LINE
  5
B8B
330
D0BE
100
AcDbEntity
  8
Arch_Section_Handrail
 48
6.0
100
AcDbLine
 10
525.248642183001
 20
177.040461666379
 30
0.0
 11
526.09600515007
 21
177.571475792408
 31
0.0
  0
LINE
  5
B8C
330
D0BE
100
AcDbEntity
  8
Arch_Section_Handrail
 48
6.0
100
AcDbLine
 10
524.1866139309439
 20
178.735187600514
 30
0.0
 11
525.0339768980139
 21
179.266201726543
 31
0.0
  0
LINE
  5
B8D
330
D0BE
100
AcDbEntity
  8
Arch_Section_Handrail
100
AcDbLine
 10
517.4634011007619
 20
189.463718712511
 30
0.0
 11
518.3107640678299
 21
189.994732838539
 31
0.0
  0
LINE
  5
B8E
330
D0BE
100
AcDbEntity
  8
Arch_Section_Handrail
100
AcDbLine
 10
518.5254293528201
 20
187.768992778375
 30
0.0
 11
519.372792319886
 21
188.300006904404
 31
0.0
  0
LINE
  5
B8F
330
D0BE
100
AcDbEntity
  8
Arch_Section_Handrail
 48
0.100000001490116
100
AcDbLine
 10
533.9912402055309
 20
184.598314943158
 30
0.0
 11
533.9912402055319
 21
215.528071645177
 31
0.0
  0
LINE
  5
B90
330
D0BE
100
AcDbEntity
  8
Arch_Section_Handrail
 48
0.100000001490116
100
AcDbLine
 10
535.491240205532
 20
183.658314943156
 30
0.0
 11
535.4912402055309
 21
214.575981613023
 31
0.0
  0
LINE
  5
B91
330
D0BE
100
AcDbEntity
  8
Arch_Section_Handrail
 48
6.0
100
AcDbLine
 10
532.9912402055319
 20
199.734893342973
 30
0.0
 11
533.9912402055309
 21
199.734893342973
 31
0.0
  0
LINE
  5
B92
330
D0BE
100
AcDbEntity
  8
Arch_Section_Handrail
 48
6.0
100
AcDbLine
 10
532.9912402055319
 20
197.734893342973
 30
0.0
 11
533.9912402055309
 21
197.734893342973
 31
0.0
  0
LINE
  5
B93
330
D0BE
100
AcDbEntity
  8
Arch_Section_Handrail
 48
6.0
100
AcDbLine
 10
532.991240205531
 20
180.02042763569
 30
0.0
 11
533.991240205529
 21
180.02042763569
 31
0.0
  0
LINE
  5
B94
330
D0BE
100
AcDbEntity
  8
Arch_Section_Handrail
 48
6.0
100
AcDbLine
 10
532.991240205531
 20
182.02042763569
 30
0.0
 11
533.991240205529
 21
182.02042763569
 31
0.0
  0
LINE
  5
B95
330
D0BE
100
AcDbEntity
  8
Arch_Section_Handrail
100
AcDbLine
 10
662.9130123589439
 20
561.802120444604
 30
0.0
 11
674.0034946216979
 21
579.274967373256
 31
0.0
  0
LINE
  5
B96
330
D0BE
100
AcDbEntity
  8
Arch_Section_Handrail
100
AcDbLine
 10
664.16609488556
 20
560.977254046016
 30
0.0
 11
675.283272805274
 21
578.492159481835
 31
0.0
  0
LINE
  5
B97
330
D0BE
100
AcDbEntity
  8
Arch_Section_Handrail
100
AcDbLine
 10
662.142865954487
 20
562.4548188410269
 30
0.0
 11
670.807580984217
 21
576.105914961826
 31
0.0
  0
LINE
  5
B98
330
D0BE
100
AcDbEntity
  8
Arch_Section_Handrail
100
AcDbLine
 10
665.2459478479429
 20
579.6360319428589
 30
0.0
 11
670.807580984217
 21
576.105914961826
 31
0.0
  0
LINE
  5
B99
330
D0BE
100
AcDbEntity
  8
Arch_Section_Handrail
100
AcDbLine
 10
671.9549391954989
 20
574.4147132781109
 30
0.0
 11
679.61379588027
 21
569.5534325399299
 31
0.0
  0
LINE
  5
B9A
330
D0BE
100
AcDbEntity
  8
Arch_Section_Handrail
100
AcDbLine
 10
671.754515800679
 20
574.098949976239
 30
0.0
 11
679.584971542119
 21
569.1287507371369
 31
0.0
  0
LINE
  5
B9B
330
D0BE
100
AcDbEntity
  8
Arch_Section_Handrail
100
AcDbLine
 10
668.539167220664
 20
569.03322855585
 30
0.0
 11
677.288464885929
 21
563.479815825548
 31
0.0
  0
LINE
  5
B9C
330
D0BE
100
AcDbEntity
  8
Arch_Section_Handrail
100
AcDbLine
 10
668.739590615483
 20
569.34899185772
 30
0.0
 11
677.52068102339
 21
563.775399425177
 31
0.0
  0
LINE
  5
B9D
330
D0BE
100
AcDbEntity
  8
Arch_Section_Handrail
 48
2.0
100
AcDbLine
 10
667.5113328874139
 20
574.6448371116319
 30
0.0
 11
669.1999066942099
 21
573.5730542516299
 31
0.0
  0
LINE
  5
B9E
330
D0BE
100
AcDbEntity
  8
Arch_Section_Handrail
 48
2.0
100
AcDbLine
 10
666.439550027406
 20
572.956263304834
 30
0.0
 11
668.128123834203
 21
571.884480444834
 31
0.0
  0
CIRCLE
  5
B9F
330
D0BE
100
AcDbEntity
  8
Dim
 48
0.100000001490116
100
AcDbCircle
 10
669.2367128010791
 20
570.044435008789
 30
0.0
 40
10.3886927308902
  0
LINE
  5
BA0
330
D0BE
100
AcDbEntity
  8
Arch_Section_Handrail
 48
2.0
100
AcDbLine
 10
666.439550027406
 20
572.956263304834
 30
0.0
 11
667.5113328874139
 21
574.6448371116319
 31
0.0
  0
LINE
  5
BA1
330
D0BE
100
AcDbEntity
  8
Arch_Section_Handrail
 48
0.100000001490116
100
AcDbLine
 10
669.1999066942099
 20
573.573054251631
 30
0.0
 11
670.0441935975979
 21
573.0371628216369
 31
0.0
  0
LINE
  5
BA2
330
D0BE
100
AcDbEntity
  8
Arch_Section_Handrail
 48
0.100000001490116
100
AcDbLine
 10
668.128123834203
 20
571.884480444834
 30
0.0
 11
668.972410737597
 21
571.348589014838
 31
0.0
  0
LINE
  5
BA3
330
D0BE
100
AcDbEntity
  8
Arch_Section_Handrail
100
AcDbLine
 10
665.3238186406469
 20
563.96750713546
 30
0.0
 11
671.6639302060429
 21
559.9432691193539
 31
0.0
  0
LINE
  5
BA4
330
D0BE
100
AcDbEntity
  8
Arch_Section_Handrail
100
AcDbLine
 10
665.52424203547
 20
564.2832704373319
 30
0.0
 11
672.15553841272
 21
560.0742096499679
 31
0.0
  0
LINE
  5
BA5
330
D0BE
100
AcDbEntity
  8
Arch_Section_Handrail
 48
0.100000001490116
100
AcDbLine
 10
424.4111753208
 20
119.844689901296
 30
0.0
 11
420.1630623125669
 21
126.623593637837
 31
0.0
  0
LINE
  5
BA6
330
D0BE
100
AcDbEntity
  8
Arch_Section_Handrail
 48
0.100000001490116
100
AcDbLine
 10
429.924683693185
 20
118.579294537141
 30
0.0
 11
421.4284576767219
 21
132.137102010223
 31
0.0
  0
LINE
  5
BA7
330
D0BE
100
AcDbEntity
  8
Arch_Section_Handrail
 48
0.100000001490116
100
AcDbLine
 10
421.42845767672
 20
132.137102010223
 30
0.0
 11
421.42845767672
 21
132.137102010223
 31
0.0
  0
LINE
  5
BA8
330
D0BE
100
AcDbEntity
  8
Arch_Section_Handrail
 48
0.100000001490116
100
AcDbLine
 10
429.924683693185
 20
118.579294537142
 30
0.0
 11
429.924683693187
 21
118.579294537141
 31
0.0
  0
ARC
  5
BA9
330
D0BE
100
AcDbEntity
  8
Arch_Section_Handrail
 48
0.100000001490116
100
AcDbCircle
 10
423.552514180837
 20
128.747650141953
 30
0.0
 40
4.0
100
AcDbArc
 50
122.074000875299
 51
212.074000875293
  0
ARC
  5
BAA
330
D0BE
100
AcDbEntity
  8
Arch_Section_Handrail
 48
0.100000001490116
100
AcDbCircle
 10
427.80062718907
 20
121.968746405412
 30
0.0
 40
4.0
100
AcDbArc
 50
212.074000875292
 51
302.074000875299
  0
LINE
  5
BAB
330
D0BE
100
AcDbEntity
  8
Arch_Section_Handrail
 48
0.100000001490116
100
AcDbLine
 10
423.0215000548069
 20
129.59501310902
 30
0.0
 11
423.8688630218749
 21
130.126027235048
 31
0.0
  0
LINE
  5
BAC
330
D0BE
100
AcDbEntity
  8
Arch_Section_Handrail
 48
0.100000001490116
100
AcDbLine
 10
424.083528306864
 20
127.900287174884
 30
0.0
 11
424.930891273932
 21
128.431301300912
 31
0.0
  0
LINE
  5
BAD
330
D0BE
100
AcDbEntity
  8
Arch_Section_Handrail
 48
0.100000001490116
100
AcDbLine
 10
428.331641315099
 20
121.121383438345
 30
0.0
 11
429.17900428217
 21
121.652397564376
 31
0.0
  0
LINE
  5
BAE
330
D0BE
100
AcDbEntity
  8
Arch_Section_Handrail
 48
0.100000001490116
100
AcDbLine
 10
427.2696130630429
 20
122.816109372482
 30
0.0
 11
428.1169760301139
 21
123.347123498512
 31
0.0
  0
LWPOLYLINE
  5
BAF
330
D0BE
100
AcDbEntity
  8
Arch_Section_Handrail
 48
0.100000001490116
100
AcDbPolyline
 90
        6
 70
     1
 43
0.0
 10
667.5310532262139
 20
573.7646587782339
 10
667.2423780916179
 20
573.264658778234
 10
667.5310532262139
 20
572.764658778234
 10
668.1084034954019
 20
572.764658778234
 10
668.397078629998
 20
573.264658778234
 10
668.1084034954019
 20
573.7646587782339
  0
CIRCLE
  5
BB0
330
D0BE
100
AcDbEntity
  8
Arch_Section_Handrail
 48
0.100000001490116
100
AcDbCircle
 10
667.819728360808
 20
573.2646587782331
 30
0.0
 40
0.25
  0
LINE
  5
BB1
330
D0BE
100
AcDbEntity
  8
Arch_Section_Handrail
100
AcDbLine
 10
664.8862385838359
 20
564.9109013764229
 30
0.0
 11
664.9917744467598
 21
564.8439149476749
 31
0.0
  0
LINE
  5
BB2
330
D0BE
100
AcDbEntity
  8
Arch_Section_Handrail
100
AcDbLine
 10
664.4843200113349
 20
564.277686198875
 30
0.0
 11
664.5898558742569
 21
564.210699770127
 31
0.0
  0
LINE
  5
BB3
330
D0BE
100
AcDbEntity
  8
Arch_Section_Handrail
 48
2.0
100
AcDbLine
 10
665.6119892348449
 20
563.4884896946109
 30
0.0
 11
666.0803583446691
 21
564.226396448181
 31
0.0
  0
LINE
  5
BB4
330
D0BE
100
AcDbEntity
  8
Arch_Section_Handrail
 48
2.0
100
AcDbLine
 10
663.018548221867
 20
561.7351340158529
 30
0.0
 11
674.1090304846219
 21
579.207980944505
 31
0.0
  0
LINE
  5
BB5
330
D0BE
100
AcDbEntity
  8
Arch_Section_Handrail
 48
2.0
100
AcDbLine
 10
665.467903937746
 20
563.727998415036
 30
0.0
 11
665.8023001900669
 21
564.2548334427549
 31
0.0
  0
LINE
  5
BB6
330
D0BE
100
AcDbEntity
  8
Arch_Section_Handrail
 48
2.0
100
AcDbLine
 10
665.3238186406469
 20
563.96750713546
 30
0.0
 11
665.524242035468
 21
564.2832704373319
 31
0.0
  0
LINE
  5
BB7
330
D0BE
100
AcDbEntity
  8
Arch_Section_Handrail
 48
2.0
100
AcDbLine
 10
664.0605590226349
 20
561.0442404747669
 30
0.0
 11
675.177736942349
 21
578.559145910586
 31
0.0
  0
LINE
  5
BB8
330
D0BE
100
AcDbEntity
  8
Arch_Section_Handrail
100
AcDbLine
 10
665.8023001900669
 20
564.2548334427549
 30
0.0
 11
666.013371915918
 21
564.1208605852559
 31
0.0
  0
LINE
  5
BB9
330
D0BE
100
AcDbEntity
  8
Arch_Section_Handrail
100
AcDbLine
 10
665.467903937746
 20
563.727998415036
 30
0.0
 11
665.678975663597
 21
563.594025557534
 31
0.0
  0
LINE
  5
BBA
330
D0BE
100
AcDbEntity
  8
Arch_Section_Handrail
 48
2.0
100
AcDbLine
 10
668.8273378148599
 20
568.554211114999
 30
0.0
 11
669.2957069246839
 21
569.292117868569
 31
0.0
  0
LINE
  5
BBB
330
D0BE
100
AcDbEntity
  8
Arch_Section_Handrail
 48
2.0
100
AcDbLine
 10
668.683252517761
 20
568.793719835424
 30
0.0
 11
669.017648770083
 21
569.3205548631429
 31
0.0
  0
LINE
  5
BBC
330
D0BE
100
AcDbEntity
  8
Arch_Section_Handrail
 48
2.0
100
AcDbLine
 10
668.539167220662
 20
569.033228555848
 30
0.0
 11
668.739590615483
 21
569.34899185772
 31
0.0
  0
LINE
  5
BBD
330
D0BE
100
AcDbEntity
  8
Arch_Section_Handrail
100
AcDbLine
 10
669.017648770083
 20
569.3205548631429
 30
0.0
 11
669.228720495934
 21
569.186582005644
 31
0.0
  0
LINE
  5
BBE
330
D0BE
100
AcDbEntity
  8
Arch_Section_Handrail
100
AcDbLine
 10
668.683252517761
 20
568.793719835424
 30
0.0
 11
668.894324243612
 21
568.6597469779219
 31
0.0
  0
LINE
  5
BBF
330
D0BE
100
AcDbEntity
  8
Arch_Section_Handrail
 48
2.0
100
AcDbLine
 10
672.042686394876
 20
573.6199325353879
 30
0.0
 11
672.511055504699
 21
574.3578392889579
 31
0.0
  0
LINE
  5
BC0
330
D0BE
100
AcDbEntity
  8
Arch_Section_Handrail
 48
2.0
100
AcDbLine
 10
671.898601097777
 20
573.8594412558129
 30
0.0
 11
672.232997350098
 21
574.386276283533
 31
0.0
  0
LINE
  5
BC1
330
D0BE
100
AcDbEntity
  8
Arch_Section_Handrail
 48
2.0
100
AcDbLine
 10
671.754515800678
 20
574.098949976237
 30
0.0
 11
671.9549391954989
 21
574.4147132781099
 31
0.0
  0
LINE
  5
BC2
330
D0BE
100
AcDbEntity
  8
Arch_Section_Handrail
100
AcDbLine
 10
672.232997350098
 20
574.386276283533
 30
0.0
 11
672.444069075949
 21
574.2523034260329
 31
0.0
  0
LINE
  5
BC3
330
D0BE
100
AcDbEntity
  8
Arch_Section_Handrail
100
AcDbLine
 10
671.898601097777
 20
573.8594412558129
 30
0.0
 11
672.109672823628
 21
573.725468398312
 31
0.0
  0
LINE
  5
BC4
330
D0BE
100
AcDbEntity
  8
Arch_Section_Handrail
100
AcDbLine
 10
668.2071230267739
 20
569.90963636806
 30
0.0
 11
668.101587163848
 21
569.9766227968109
 31
0.0
  0
LINE
  5
BC5
330
D0BE
100
AcDbEntity
  8
Arch_Section_Handrail
100
AcDbLine
 10
667.805204454271
 20
569.276421190512
 30
0.0
 11
667.6996685913469
 21
569.343407619262
 31
0.0
  0
LINE
  5
BC6
330
D0BE
100
AcDbEntity
  8
Arch_Section_Handrail
100
AcDbLine
 10
671.422471606789
 20
574.9753577884499
 30
0.0
 11
671.3169357438639
 21
575.042344217201
 31
0.0
  0
LINE
  5
BC7
330
D0BE
100
AcDbEntity
  8
Arch_Section_Handrail
100
AcDbLine
 10
671.0205530342859
 20
574.3421426109019
 30
0.0
 11
670.9150171713631
 21
574.409129039652
 31
0.0
  0
LWPOLYLINE
  5
BC8
330
D0BE
100
AcDbEntity
  8
Arch_Section_Wall
100
AcDbPolyline
 90
        4
 70
     1
 43
0.0
 10
532.9912402055339
 20
103.688517971075
 10
536.491240205532
 20
103.688517971068
 10
536.491240205532
 20
105.188517971075
 10
532.9912402055339
 20
105.188517971075
  0
LWPOLYLINE
  5
BC9
330
D0BE
100
AcDbEntity
  8
Arch_Section_Wall
100
AcDbPolyline
 90
        4
 70
     1
 43
0.0
 10
532.9912402055449
 20
162.688517971068
 10
536.491240205543
 20
162.688517971061
 10
536.491240205543
 20
164.188517971068
 10
532.9912402055449
 20
164.188517971068
  0
LINE
  5
BCA
330
D0BE
100
AcDbEntity
  8
Arch_Section_Wall
100
AcDbLine
 10
532.491240205532
 20
174.188517971068
 30
0.0
 11
532.9912402055319
 21
174.188517971068
 31
0.0
  0
LINE
  5
BCB
330
D0BE
100
AcDbEntity
  8
Arch_Section_Wall
100
AcDbLine
 10
536.491240205532
 20
164.188517971068
 30
0.0
 11
536.9912402055319
 21
164.188517971068
 31
0.0
  0
LINE
  5
BCC
330
D0BE
100
AcDbEntity
  8
Arch_Section_Wall
100
AcDbLine
 10
588.491240205529
 20
164.188517971068
 30
0.0
 11
587.9912402055309
 21
164.188517971068
 31
0.0
  0
LINE
  5
BCD
330
D0BE
100
AcDbEntity
  8
Arch_Section_Wall
 48
0.100000001490116
100
AcDbLine
 10
588.491240205529
 20
174.188517971068
 30
0.0
 11
587.9912402055309
 21
174.188517971068
 31
0.0
  0
LINE
  5
BCE
330
D0BE
100
AcDbEntity
  8
Arch_Section_Handrail
100
AcDbLine
 10
533.9912402055309
 20
210.861114078079
 30
0.0
 11
533.7178847413939
 21
210.861114078079
 31
0.0
  0
LINE
  5
BCF
330
D0BE
100
AcDbEntity
  8
Arch_Section_Handrail
 48
0.100000001490116
100
AcDbLine
 10
430.3362402055249
 20
285.188517971069
 30
0.0
 11
431.836240205528
 21
285.188517971069
 31
0.0
  0
LINE
  5
BD0
330
D0BE
100
AcDbEntity
  8
Arch_Section_Ceiling
100
AcDbLine
 10
594.7412402055319
 20
492.9385179710679
 30
0.0
 11
322.741240205536
 21
492.9385179710679
 31
0.0
  0
LINE
  5
BD1
330
D0BE
100
AcDbEntity
  8
Arch_Section_Ceiling
100
AcDbLine
 10
593.7412402055319
 20
491.1885179710679
 30
0.0
 11
323.741240205536
 21
491.1885179710679
 31
0.0
  0
LINE
  5
BD2
330
D0BE
100
AcDbEntity
  8
Arch_Section_Ceiling
100
AcDbLine
 10
593.7412402055319
 20
469.1885179710679
 30
0.0
 11
323.741240205536
 21
469.1885179710679
 31
0.0
  0
LINE
  5
BD3
330
D0BE
100
AcDbEntity
  8
Arch_Section_Ceiling
100
AcDbLine
 10
323.741240205536
 20
467.4385179710679
 30
0.0
 11
323.741240205536
 21
492.9385179710679
 31
0.0
  0
LINE
  5
BD4
330
D0BE
100
AcDbEntity
  8
Arch_Section_Ceiling
100
AcDbLine
 10
593.7412402055319
 20
467.4385179710679
 30
0.0
 11
593.7412402055319
 21
492.9385179710679
 31
0.0
  0
LINE
  5
BD5
330
D0BE
100
AcDbEntity
  8
Arch_Section_Insul
  6
BATTING
 48
0.100000001490116
100
AcDbLine
 10
593.7412402055319
 20
472.1885179710679
 30
0.0
 11
323.741240205536
 21
472.1885179710679
 31
0.0
  0
LINE
  5
BD6
330
D0BE
100
AcDbEntity
  8
Arch_Section_Ceiling
100
AcDbLine
 10
588.4912402055249
 20
442.9385179710679
 30
0.0
 11
329.741240205583
 21
442.9385179710679
 31
0.0
  0
LINE
  5
BD7
330
D0BE
100
AcDbEntity
  8
Arch_Section_Ceiling
100
AcDbLine
 10
588.4912402055249
 20
443.4385179710679
 30
0.0
 11
329.741240205583
 21
443.4385179710679
 31
0.0
  0
LINE
  5
BD8
330
D0BE
100
AcDbEntity
  8
Arch_Section_Insul
  6
BATTING
 48
0.100000001490116
100
AcDbLine
 10
326.241240205529
 20
465.9385179710679
 30
0.0
 11
326.241240205529
 21
246.188517971068
 31
0.0
  0
LINE
  5
BD9
330
D0BE
100
AcDbEntity
  8
Arch_Section_Insul
  6
BATTING
 48
0.100000001490116
100
AcDbLine
 10
591.2412402055249
 20
465.9385179710679
 30
0.0
 11
591.241240205529
 21
240.688517971069
 31
0.0
  0
LINE
  5
BDA
330
D0BE
100
AcDbEntity
  8
Arch_Section_Insul
  6
BATTING
 48
0.100000001490116
100
AcDbLine
 10
591.241240205529
 20
162.688517971068
 30
0.0
 11
591.241240205529
 21
105.188517971068
 31
0.0
  0
LINE
  5
BDB
330
D0BE
100
AcDbEntity
  8
Arch_Section_Insul
  6
BATTING
 48
0.100000001490116
100
AcDbLine
 10
326.241240205529
 20
227.81351797107
 30
0.0
 11
326.241240205529
 21
105.188517971068
 31
0.0
  0
LINE
  5
BDC
330
D0BE
100
AcDbEntity
  8
Arch_Section_Insul
  6
BATTING
 48
0.100000001490116
100
AcDbLine
 10
591.846240205526
 20
165.010525757506
 30
0.0
 11
591.846240205526
 21
173.476022127305
 31
0.0
  0
LINE
  5
BDD
330
D0BE
100
AcDbEntity
  8
Arch_Section_Insul
  6
BATTING
 48
0.100000001490116
100
AcDbLine
 10
325.053740205531
 20
229.626017971068
 30
0.0
 11
325.053740205529
 21
238.876017971068
 31
0.0
  0
LINE
  5
BDE
330
D0BE
100
AcDbEntity
  8
Arch_Section_VP
  6
HIDDEN
 48
5.0
100
AcDbLine
 10
328.616240205529
 20
105.188517971068
 30
0.0
 11
328.616240205529
 21
227.81351797107
 31
0.0
  0
LINE
  5
BDF
330
D0BE
100
AcDbEntity
  8
Arch_Section_VP
  6
HIDDEN
 48
5.0
100
AcDbLine
 10
328.616240205529
 20
467.8135179710679
 30
0.0
 11
328.616240205529
 21
246.188517971068
 31
0.0
  0
LINE
  5
BE0
330
D0BE
100
AcDbEntity
  8
Arch_Section_VP
  6
HIDDEN
 48
5.0
100
AcDbLine
 10
589.6162402055799
 20
467.8135179710669
 30
0.0
 11
328.616240205529
 21
467.8135179710679
 31
0.0
  0
LINE
  5
BE1
330
D0BE
100
AcDbEntity
  8
Arch_Section_VP
  6
HIDDEN
 48
5.0
100
AcDbLine
 10
589.6162402055799
 20
467.8135179710669
 30
0.0
 11
589.6162402055799
 21
175.688517971068
 31
0.0
  0
LINE
  5
BE2
330
D0BE
100
AcDbEntity
  8
Arch_Section_VP
  6
HIDDEN
 48
5.0
100
AcDbLine
 10
589.6162402055799
 20
162.688517971068
 30
0.0
 11
589.6162402055799
 21
105.188517971068
 31
0.0
  0
LINE
  5
BE3
330
D0BE
100
AcDbEntity
  8
Arch_Section_Insul
  6
BATTING
 48
0.100000001490116
100
AcDbLine
 10
591.241240205529
 20
229.313517971068
 30
0.0
 11
591.241240205529
 21
175.688517971068
 31
0.0
  0
LINE
  5
BE4
330
D0BE
100
AcDbEntity
  8
Arch_Section_Wall
100
AcDbLine
 10
588.491240205529
 20
239.188517971068
 30
0.0
 11
588.4912402055269
 21
467.4385179710679
 31
0.0
  0
LINE
  5
BE5
330
D0BE
100
AcDbEntity
  8
Arch_Section_Wall
100
AcDbLine
 10
587.9912402055309
 20
239.188517971068
 30
0.0
 11
587.9912402055269
 21
466.9385179710679
 31
0.0
  0
LWPOLYLINE
  5
BE6
330
D0BE
100
AcDbEntity
  8
Arch_Section_Wall
100
AcDbPolyline
 90
        4
 70
     1
 43
0.0
 10
588.491240205529
 20
239.188517971069
 10
593.991240205529
 20
239.188517971069
 10
593.991240205529
 20
240.688517971069
 10
588.491240205529
 20
240.688517971069
  0
LINE
  5
BE7
330
D0BE
100
AcDbEntity
  8
Arch_Detail_Door
100
AcDbLine
 10
331.491240205531
 20
244.688517971068
 30
0.0
 11
373.741240205531
 21
244.688517971068
 31
0.0
  0
LINE
  5
BE8
330
D0BE
100
AcDbEntity
  8
Arch_Detail_Door
100
AcDbLine
 10
373.741240205531
 20
244.688517971068
 30
0.0
 11
373.741240205531
 21
245.438517971068
 31
0.0
  0
LINE
  5
BE9
330
D0BE
100
AcDbEntity
  8
Arch_Detail_Door
100
AcDbLine
 10
333.491240205531
 20
328.688517971068
 30
0.0
 11
333.491240205531
 21
245.438517971068
 31
0.0
  0
LINE
  5
BEA
330
D0BE
100
AcDbEntity
  8
Arch_Detail_Door
100
AcDbLine
 10
373.741240205531
 20
244.688517971068
 30
0.0
 11
373.741240205531
 21
328.688517971068
 31
0.0
  0
LINE
  5
BEB
330
D0BE
100
AcDbEntity
  8
Arch_Detail_Door
100
AcDbLine
 10
373.741240205531
 20
244.688517971068
 30
0.0
 11
373.741240205531
 21
328.688517971068
 31
0.0
  0
LINE
  5
BEC
330
D0BE
100
AcDbEntity
  8
Arch_Detail_Door
100
AcDbLine
 10
375.741240205531
 20
244.688517971068
 30
0.0
 11
373.741240205531
 21
244.688517971068
 31
0.0
  0
LINE
  5
BED
330
D0BE
100
AcDbEntity
  8
Arch_Detail_Door
100
AcDbLine
 10
331.491240205531
 20
330.688517971068
 30
0.0
 11
331.491240205531
 21
244.688517971068
 31
0.0
  0
LINE
  5
BEE
330
D0BE
100
AcDbEntity
  8
Arch_Detail_Door
100
AcDbLine
 10
375.741240205531
 20
244.688517971068
 30
0.0
 11
375.741240205531
 21
330.688517971068
 31
0.0
  0
LINE
  5
BEF
330
D0BE
100
AcDbEntity
  8
Arch_Detail_Door
100
AcDbLine
 10
375.741240205531
 20
330.688517971068
 30
0.0
 11
331.491240205531
 21
330.688517971068
 31
0.0
  0
LINE
  5
BF0
330
D0BE
100
AcDbEntity
  8
Arch_Detail_Door
100
AcDbLine
 10
333.491240205531
 20
245.438517971068
 30
0.0
 11
373.741240205531
 21
245.438517971068
 31
0.0
  0
LINE
  5
BF1
330
D0BE
100
AcDbEntity
  8
Arch_Detail_Door
100
AcDbLine
 10
333.491240205531
 20
245.438517971068
 30
0.0
 11
333.491240205531
 21
244.688517971068
 31
0.0
  0
LINE
  5
BF2
330
D0BE
100
AcDbEntity
  8
Arch_Detail_Door
100
AcDbLine
 10
373.741240205531
 20
245.438517971068
 30
0.0
 11
373.741240205531
 21
328.688517971068
 31
0.0
  0
LINE
  5
BF3
330
D0BE
100
AcDbEntity
  8
Arch_Detail_Door
100
AcDbLine
 10
373.741240205531
 20
328.688517971068
 30
0.0
 11
333.491240205531
 21
328.688517971068
 31
0.0
  0
LINE
  5
BF4
330
D0BE
100
AcDbEntity
  8
Arch_Detail_Door
100
AcDbLine
 10
367.741240205531
 20
322.688517971068
 30
0.0
 11
339.491240205531
 21
322.688517971068
 31
0.0
  0
LINE
  5
BF5
330
D0BE
100
AcDbEntity
  8
Arch_Detail_Door
100
AcDbLine
 10
339.491240205531
 20
322.688517971068
 30
0.0
 11
339.491240205531
 21
290.438517971068
 31
0.0
  0
LINE
  5
BF6
330
D0BE
100
AcDbEntity
  8
Arch_Detail_Door
100
AcDbLine
 10
339.491240205531
 20
290.438517971068
 30
0.0
 11
367.741240205531
 21
290.438517971068
 31
0.0
  0
LINE
  5
BF7
330
D0BE
100
AcDbEntity
  8
Arch_Detail_Door
100
AcDbLine
 10
367.741240205531
 20
290.438517971068
 30
0.0
 11
367.741240205531
 21
322.688517971068
 31
0.0
  0
DIMENSION
  5
BF8
102
{ACAD_XDICTIONARY
360
16D0
102
}
330
D0BE
100
AcDbEntity
  8
Dim @ 48
100
AcDbDimension
280
     0
  2
*D23
 10
624.8025902916999
 20
103.688517971068
 30
0.0
 11
624.8025902916999
 21
298.688533348789
 31
0.0
 71
     5
 42
0.0
 73
     0
 74
     0
 75
     0
  3
ROMANS
100
AcDbAlignedDimension
 13
594.741261655472
 23
493.688548726511
 33
0.0
 14
594.741261655472
 24
103.688517971068
 34
0.0
 50
90.0
100
AcDbRotatedDimension
1001
AcadAnnotative
1000
AnnotativeData
1002
{
1070
     1
1070
     1
1002
}
1001
ACAD
1000
DSTYLE
1002
{
1070
    40
1040
48.0
1070
   147
1040
0.0625
1070
   141
1040
0.0625
1070
    42
1040
0.09375
1070
    44
1040
0.09375
1070
    41
1040
0.09375
1070
   140
1040
0.078125
1070
   279
1070
     2
1070
   289
1070
     0
1070
   174
1070
     0
1070
   175
1070
     0
1070
   172
1070
     0
1002
}
  0
DIMENSION
  5
BF9
102
{ACAD_XDICTIONARY
360
161C
102
}
330
D0BE
100
AcDbEntity
  8
Dim @ 48
100
AcDbDimension
280
     0
  2
*D24
 10
304.21392478405
 20
244.688529090343
 30
0.0
 11
304.21392478405
 21
174.188523530706
 31
0.0
 71
     5
 42
0.0
 73
     0
 74
     0
 75
     0
  3
ROMANS
100
AcDbAlignedDimension
 13
322.741240205529
 23
103.688517971068
 33
0.0
 14
322.741240205529
 24
244.688529090343
 34
0.0
 50
90.0
100
AcDbRotatedDimension
1001
AcadAnnotative
1000
AnnotativeData
1002
{
1070
     1
1070
     1
1002
}
1001
ACAD
1000
DSTYLE
1002
{
1070
    40
1040
48.0
1070
   147
1040
0.0625
1070
   141
1040
0.0625
1070
    42
1040
0.09375
1070
    44
1040
0.09375
1070
    41
1040
0.09375
1070
   140
1040
0.078125
1070
   279
1070
     2
1070
   289
1070
     0
1070
   174
1070
     0
1070
   175
1070
     0
1070
   172
1070
     0
1002
}
  0
DIMENSION
  5
BFA
102
{ACAD_XDICTIONARY
360
15C8
102
}
330
D0BE
100
AcDbEntity
  8
Dim @ 48
100
AcDbDimension
280
     0
  2
*D25
 10
304.21392478405
 20
493.688548726511
 30
0.0
 11
304.21392478405
 21
369.188538908427
 31
0.0
 71
     5
 42
0.0
 73
     0
 74
     0
 75
     0
  3
ROMANS
100
AcDbAlignedDimension
 13
304.21392478405
 23
244.688529090343
 33
0.0
 14
322.741240205529
 24
493.688548726511
 34
0.0
 50
90.0
100
AcDbRotatedDimension
1001
AcadAnnotative
1000
AnnotativeData
1002
{
1070
     1
1070
     1
1002
}
1001
ACAD
1000
DSTYLE
1002
{
1070
    40
1040
48.0
1070
   147
1040
0.0625
1070
   141
1040
0.0625
1070
    42
1040
0.09375
1070
    44
1040
0.09375
1070
    41
1040
0.09375
1070
   140
1040
0.078125
1070
   279
1070
     2
1070
   289
1070
     0
1070
   174
1070
     0
1070
   175
1070
     0
1070
   172
1070
     0
1002
}
  0
DIMENSION
  5
BFB
102
{ACAD_XDICTIONARY
360
16F1
102
}
330
D0BE
100
AcDbEntity
  8
Dim @ 48
100
AcDbDimension
280
     0
  2
*D26
 10
408.6218602512819
 20
244.688529090343
 30
0.0
 11
408.6218602512819
 21
265.688530746406
 31
0.0
 71
     5
 42
0.0
 73
     0
 74
     0
 75
     0
  3
ROMANS-beside
100
AcDbAlignedDimension
 13
429.8662486534249
 23
286.688532402468
 33
0.0
 14
429.8662486534249
 24
244.688529090343
 34
0.0
 50
90.0
100
AcDbRotatedDimension
1001
AcadAnnotative
1000
AnnotativeData
1002
{
1070
     1
1070
     1
1002
}
1001
ACAD
1000
DSTYLE
1002
{
1070
    40
1040
48.0
1070
   147
1040
0.0625
1070
   141
1040
0.0625
1070
    42
1040
0.09375
1070
    44
1040
0.09375
1070
    41
1040
0.09375
1070
   140
1040
0.078125
1070
   279
1070
     0
1070
   289
1070
     0
1070
   174
1070
     0
1070
   175
1070
     0
1070
   172
1070
     0
1002
}
  0
DIMENSION
  5
C16
102
{ACAD_XDICTIONARY
360
275B
102
}
330
D0BE
100
AcDbEntity
  8
Dim @ 24
 48
0.100000001490116
100
AcDbDimension
280
     0
  2
*D27
 10
430.515953666399
 20
172.352411657592
 30
0.0
 11
424.515953650287
 21
172.352411657592
 31
0.0
 71
     5
 42
0.0
 73
     0
 74
     0
 75
     0
  3
ROMANS-beside
100
AcDbAlignedDimension
 13
418.5159536341739
 23
138.667903917551
 33
0.0
 14
430.515953666399
 24
110.824599040091
 34
0.0
100
AcDbRotatedDimension
1001
AcadAnnotative
1000
AnnotativeData
1002
{
1070
     1
1070
     1
1002
}
1001
ACAD
1000
DSTYLE
1002
{
1070
    40
1040
24.0
1070
   147
1040
0.0625
1070
   141
1040
0.0625
1070
    42
1040
0.09375
1070
    44
1040
0.09375
1070
    41
1040
0.09375
1070
   140
1040
0.078125
1070
   279
1070
     0
1070
   289
1070
     0
1070
   174
1070
     0
1070
   175
1070
     0
1070
   172
1070
     0
1002
}
  0
DIMENSION
  5
C17
102
{ACAD_XDICTIONARY
360
276C
102
}
330
D0BE
100
AcDbEntity
  8
Dim @ 24
 48
0.100000001490116
100
AcDbDimension
280
     0
  2
*D28
 10
465.2988270883199
 20
174.729009532094
 30
0.0
 11
465.2988270883199
 21
156.729009483756
 31
0.0
 71
     5
 42
0.0
 73
     0
 74
     0
 75
     0
  3
ROMANS-beside
100
AcDbAlignedDimension
 13
477.515953792607
 23
138.729009435418
 33
0.0
 14
477.515953792607
 24
174.729009532094
 34
0.0
 50
90.0
100
AcDbRotatedDimension
1001
AcadAnnotative
1000
AnnotativeData
1002
{
1070
     1
1070
     1
1002
}
1001
ACAD
1000
DSTYLE
1002
{
1070
    40
1040
24.0
1070
   147
1040
0.0625
1070
   141
1040
0.0625
1070
    42
1040
0.09375
1070
    44
1040
0.09375
1070
    41
1040
0.09375
1070
   140
1040
0.078125
1070
   279
1070
     0
1070
   289
1070
     0
1070
   174
1070
     0
1070
   175
1070
     0
1070
   172
1070
     0
1002
}
  0
DIMENSION
  5
C18
102
{ACAD_XDICTIONARY
360
278F
102
}
330
D0BE
100
AcDbEntity
  8
Dim @ 24
 48
0.100000001490116
100
AcDbDimension
280
     0
  2
*D29
 10
474.79830909242
 20
223.329009662605
 30
0.0
 11
474.79830909242
 21
241.329009710943
 31
0.0
 71
     5
 42
0.0
 73
     0
 74
     0
 75
     0
  3
ROMANS-beside
100
AcDbAlignedDimension
 13
464.075209075659
 23
259.329009759281
 33
0.0
 14
464.075209075659
 24
223.329009662605
 34
0.0
 50
90.0
100
AcDbRotatedDimension
1001
AcadAnnotative
1000
AnnotativeData
1002
{
1070
     1
1070
     1
1002
}
1001
ACAD
1000
DSTYLE
1002
{
1070
    40
1040
24.0
1070
   147
1040
0.0625
1070
   141
1040
0.0625
1070
    42
1040
0.09375
1070
    44
1040
0.09375
1070
    41
1040
0.09375
1070
   140
1040
0.078125
1070
   279
1070
     0
1070
   289
1070
     0
1070
   174
1070
     0
1070
   175
1070
     0
1070
   172
1070
     0
1002
}
  0
LINE
  5
C22
330
D0BE
100
AcDbEntity
  8
Dim
 48
0.200000002980232
100
AcDbLine
 10
536.021240205529
 20
174.188517971068
 30
0.0
 11
583.6130047531279
 21
174.188517971068
 31
0.0
  0
MTEXT
  5
C25
102
{ACAD_XDICTIONARY
360
4184
102
}
330
D0BE
100
AcDbEntity
  8
Dim @ 24
 48
0.100000001490116
100
AcDbMText
 10
540.736611618674
 20
176.972011020955
 30
0.0
 40
1.440000003867019
 41
0.0
 46
0.0
 71
     1
 72
     5
  1
\A1;ELEV. 5'-10\H0.7x;\S1/2;" TOP OF LANDING
  7
ROMANS
 73
     1
 44
1.0
1001
AcadAnnotative
1000
AnnotativeData
1002
{
1070
     1
1070
     1
1002
}
  0
LINE
  5
C26
330
D0BE
100
AcDbEntity
  8
Dim
 48
0.200000002980232
100
AcDbLine
 10
377.0870008068219
 20
244.688517971069
 30
0.0
 11
430.336240205526
 21
244.688517971069
 31
0.0
  0
MTEXT
  5
C27
102
{ACAD_XDICTIONARY
360
418B
102
}
330
D0BE
100
AcDbEntity
  8
Dim @ 24
 48
0.100000001490116
100
AcDbMText
 10
378.973634794414
 20
247.472011020956
 30
0.0
 40
1.440000003867019
 41
0.0
 46
0.0
 71
     1
 72
     5
  1
ELEV. 11'-9" TOP OF SECOND FLR.
  7
ROMANS
 73
     1
 44
1.0
1001
AcadAnnotative
1000
AnnotativeData
1002
{
1070
     1
1070
     1
1002
}
  0
DIMENSION
  5
C28
102
{ACAD_XDICTIONARY
360
27DD
102
}
330
D0BE
100
AcDbEntity
  8
Dim @ 24
 48
0.100000001490116
100
AcDbDimension
280
     0
  2
*D30
 10
420.440337505509
 20
125.507213087991
 30
0.0
 11
411.6584038981559
 21
120.003868027379
 31
0.0
 71
     5
 42
0.0
 73
     0
 74
     0
 75
     0
  3
ROMANS-beside
100
AcDbAlignedDimension
 13
424.333122415668
 23
126.828078588062
 33
0.0
 14
420.9436705382939
 24
124.704022078229
 34
0.0
 50
32.0740008753153
100
AcDbRotatedDimension
1001
AcadAnnotative
1000
AnnotativeData
1002
{
1070
     1
1070
     1
1002
}
1001
ACAD
1000
DSTYLE
1002
{
1070
    40
1040
24.0
1070
   147
1040
0.0625
1070
   141
1040
0.0625
1070
    42
1040
0.09375
1070
    44
1040
0.09375
1070
    41
1040
0.09375
1070
   140
1040
0.078125
1070
   279
1070
     0
1070
   289
1070
     0
1070
   174
1070
     0
1070
   175
1070
     0
1070
   172
1070
     0
1002
}
  0
DIMENSION
  5
C2B
102
{ACAD_XDICTIONARY
360
277E
102
}
330
D0BE
100
AcDbEntity
  8
Dim @ 24
 48
0.100000001490116
100
AcDbDimension
280
     0
  2
*D31
 10
488.66359838619
 20
159.439878660165
 30
0.0
 11
479.62586707888
 21
157.316629175214
 31
0.0
 71
     5
 42
0.0
 73
     0
 74
     0
 75
     0
  3
ROMANS
100
AcDbAlignedDimension
 13
487.318502356443
 23
165.677742750126
 33
0.0
 14
490.5045871211609
 24
160.593564934081
 34
0.0
 50
302.074000875314
100
AcDbRotatedDimension
1001
AcadAnnotative
1000
AnnotativeData
1002
{
1070
     1
1070
     1
1002
}
1001
ACAD
1000
DSTYLE
1002
{
1070
    40
1040
24.0
1070
   147
1040
0.0625
1070
   141
1040
0.0625
1070
    42
1040
0.09375
1070
    44
1040
0.09375
1070
    41
1040
0.09375
1070
   140
1040
0.078125
1070
   279
1070
     2
1070
   289
1070
     0
1070
   174
1070
     0
1070
   175
1070
     0
1070
   172
1070
     0
1002
}
  0
LINE
  5
C49
330
D0BE
100
AcDbEntity
  8
Center
 48
5.0
100
AcDbLine
 10
1177.20785123112
 20
94.99968288522429
 30
0.0
 11
1177.20785123112
 21
299.981890398862
 31
0.0
  0
LINE
  5
C4A
330
D0BE
100
AcDbEntity
  8
Struc_Section_Dim
 48
2.0
100
AcDbLine
 10
1285.20785123112
 20
94.9996828852244
 30
0.0
 11
1157.73326704142
 21
94.99968288522458
 31
0.0
  0
LINE
  5
C4B
330
D0BE
100
AcDbEntity
  8
Struc_Section_Steel
100
AcDbLine
 10
1279.95785123113
 20
161.499682885223
 30
0.0
 11
1178.83285123112
 21
161.499682885223
 31
0.0
  0
LINE
  5
C4C
330
D0BE
100
AcDbEntity
  8
Struc_Section_Steel
 48
10.0
100
AcDbLine
 10
1279.45785123113
 20
161.187182885223
 30
0.0
 11
1179.33285123112
 21
161.187182885223
 31
0.0
  0
LINE
  5
C4D
330
D0BE
100
AcDbEntity
  8
Struc_Section_Steel
 48
10.0
100
AcDbLine
 10
1279.45785123113
 20
151.937182885223
 30
0.0
 11
1179.33285123112
 21
151.937182885223
 31
0.0
  0
LINE
  5
C4E
330
D0BE
100
AcDbEntity
  8
Struc_Section_Steel
100
AcDbLine
 10
1279.45785123113
 20
151.624682885223
 30
0.0
 11
1179.33285123112
 21
151.624682885223
 31
0.0
  0
LINE
  5
C4F
330
D0BE
100
AcDbEntity
  8
Struc_Section_Dim
 48
2.0
100
AcDbLine
 10
1285.20785123112
 20
70.9996828852244
 30
0.0
 11
1285.20785123112
 21
94.99968288522458
 31
0.0
  0
LINE
  5
C50
330
D0BE
100
AcDbEntity
  8
Struc_Section_Dim
 48
2.0
100
AcDbLine
 10
1124.29284903006
 20
234.711501567394
 30
0.0
 11
1124.59879892982
 21
234.294745791495
 31
0.0
  0
LINE
  5
C51
330
D0BE
100
AcDbEntity
  8
Struc_Section_Dim
 48
2.0
100
AcDbLine
 10
1124.59879892982
 20
234.294745791495
 30
0.0
 11
1123.76121417706
 21
233.798932075895
 31
0.0
  0
LINE
  5
C52
330
D0BE
100
AcDbEntity
  8
Struc_Section_Dim
 48
2.0
100
AcDbLine
 10
1123.76121417706
 20
233.798932075895
 30
0.0
 11
1124.35489161478
 21
233.310544052123
 31
0.0
  0
LINE
  5
C53
330
D0BE
100
AcDbEntity
  8
Struc_Section_Dim
 48
2.0
100
AcDbLine
 10
1124.35489161478
 20
233.310544052123
 30
0.0
 11
1124.35489161478
 21
231.550520275129
 31
0.0
  0
LINE
  5
C54
330
D0BE
100
AcDbEntity
  8
Struc_Section_Dim
 48
2.0
100
AcDbLine
 10
1277.20785123112
 20
89.99968288522429
 30
0.0
 11
1189.08285123112
 21
89.99968288522429
 31
0.0
  0
LINE
  5
C55
330
D0BE
100
AcDbEntity
  8
Center
 48
5.0
100
AcDbLine
 10
1285.20785123112
 20
94.9996828852244
 30
0.0
 11
1285.20785123112
 21
284.773836322146
 31
0.0
  0
LINE
  5
C56
330
D0BE
100
AcDbEntity
  8
Struc_Section_Dim
 48
2.0
100
AcDbLine
 10
1285.20785123112
 20
70.9996828852244
 30
0.0
 11
1277.20785123112
 21
70.9996828852244
 31
0.0
  0
LINE
  5
C57
330
D0BE
100
AcDbEntity
  8
Struc_Section_Dim
 48
2.0
100
AcDbLine
 10
1157.73326704142
 20
95.574995920292
 30
0.0
 11
1157.73326704142
 21
93.16562047681129
 31
0.0
  0
LINE
  5
C58
330
D0BE
100
AcDbEntity
  8
Struc_Section_Dim
 48
2.0
100
AcDbLine
 10
1157.73326704142
 20
93.16562047681129
 30
0.0
 11
1158.20634914418
 21
92.5212022274378
 31
0.0
  0
LINE
  5
C59
330
D0BE
100
AcDbEntity
  8
Struc_Section_Dim
 48
2.0
100
AcDbLine
 10
1158.20634914418
 20
92.5212022274378
 30
0.0
 11
1156.94997201504
 21
91.77748165403819
 31
0.0
  0
LINE
  5
C5A
330
D0BE
100
AcDbEntity
  8
Struc_Section_Dim
 48
2.0
100
AcDbLine
 10
1156.94997201504
 20
91.77748165403819
 30
0.0
 11
1157.79530962614
 21
91.0820656940003
 31
0.0
  0
LINE
  5
C5B
330
D0BE
100
AcDbEntity
  8
Struc_Section_Dim
 48
2.0
100
AcDbLine
 10
1157.79530962614
 20
91.0820656940003
 30
0.0
 11
1157.79530962614
 21
89.20728846896579
 31
0.0
  0
LINE
  5
C5C
330
D0BE
100
AcDbEntity
  8
Structural_SteelBeam
100
AcDbLine
 10
1272.33285123112
 20
231.624682885225
 30
0.0
 11
1272.33285123112
 21
216.749682885225
 31
0.0
  0
LINE
  5
C5D
330
D0BE
100
AcDbEntity
  8
Structural_SteelBeam
100
AcDbLine
 10
1272.08285123112
 20
231.624682885225
 30
0.0
 11
1272.08285123112
 21
216.749682885225
 31
0.0
  0
LINE
  5
C5E
330
D0BE
100
AcDbEntity
  8
Structural_SteelBeam
100
AcDbLine
 10
1274.95785123112
 20
216.374682885225
 30
0.0
 11
1269.45785123112
 21
216.374682885225
 31
0.0
  0
LINE
  5
C5F
330
D0BE
100
AcDbEntity
  8
Structural_SteelBeam
100
AcDbLine
 10
1274.95785123112
 20
216.749682885225
 30
0.0
 11
1272.33285123112
 21
216.749682885225
 31
0.0
  0
LINE
  5
C60
330
D0BE
100
AcDbEntity
  8
Structural_SteelBeam
100
AcDbLine
 10
1274.95785123112
 20
216.749682885225
 30
0.0
 11
1274.95785123112
 21
216.374682885225
 31
0.0
  0
LINE
  5
C61
330
D0BE
100
AcDbEntity
  8
Structural_SteelBeam
100
AcDbLine
 10
1272.08285123112
 20
216.749682885225
 30
0.0
 11
1269.45785123112
 21
216.749682885225
 31
0.0
  0
LINE
  5
C62
330
D0BE
100
AcDbEntity
  8
Structural_SteelBeam
100
AcDbLine
 10
1274.95785123112
 20
231.999682885225
 30
0.0
 11
1269.45785123112
 21
231.999682885225
 31
0.0
  0
LINE
  5
C63
330
D0BE
100
AcDbEntity
  8
Structural_SteelBeam
100
AcDbLine
 10
1274.95785123112
 20
231.999682885225
 30
0.0
 11
1274.95785123112
 21
231.624682885225
 31
0.0
  0
LINE
  5
C64
330
D0BE
100
AcDbEntity
  8
Structural_SteelBeam
100
AcDbLine
 10
1269.45785123112
 20
231.999682885225
 30
0.0
 11
1269.45785123112
 21
231.624682885225
 31
0.0
  0
LINE
  5
C65
330
D0BE
100
AcDbEntity
  8
Structural_SteelBeam
100
AcDbLine
 10
1274.95785123112
 20
231.624682885225
 30
0.0
 11
1272.33285123112
 21
231.624682885225
 31
0.0
  0
LINE
  5
C66
330
D0BE
100
AcDbEntity
  8
Structural_SteelBeam
100
AcDbLine
 10
1272.08285123112
 20
231.624682885225
 30
0.0
 11
1269.45785123112
 21
231.624682885225
 31
0.0
  0
LINE
  5
C67
330
D0BE
100
AcDbEntity
  8
Structural_SteelBeam
100
AcDbLine
 10
1269.45785123112
 20
216.749682885225
 30
0.0
 11
1269.45785123112
 21
216.374682885225
 31
0.0
  0
LINE
  5
C68
330
D0BE
100
AcDbEntity
  8
Center
 48
5.0
100
AcDbLine
 10
1272.20785123112
 20
203.119218401031
 30
0.0
 11
1272.20785123112
 21
299.981890398862
 31
0.0
  0
LINE
  5
C69
330
D0BE
100
AcDbEntity
  8
Struc_Section_Conc
 48
2.0
100
AcDbLine
 10
1285.20785123112
 20
235.999682885225
 30
0.0
 11
1180.45785123112
 21
235.999682885225
 31
0.0
  0
LINE
  5
C6A
330
D0BE
100
AcDbEntity
  8
Struc_Section_Conc
 48
2.0
100
AcDbLine
 10
1124.35489161478
 20
231.999682885225
 30
0.0
 11
1132.19214226231
 21
231.999682885224
 31
0.0
  0
LINE
  5
C6B
330
D0BE
100
AcDbEntity
  8
Structural_SteelBeam
100
AcDbLine
 10
1177.33285123112
 20
231.624682885225
 30
0.0
 11
1177.33285123112
 21
220.374682885226
 31
0.0
  0
LINE
  5
C6C
330
D0BE
100
AcDbEntity
  8
Structural_SteelBeam
100
AcDbLine
 10
1177.08285123112
 20
231.624682885225
 30
0.0
 11
1177.08285123112
 21
220.374682885226
 31
0.0
  0
LINE
  5
C6D
330
D0BE
100
AcDbEntity
  8
Structural_SteelBeam
100
AcDbLine
 10
1180.45785123112
 20
220.374682885226
 30
0.0
 11
1177.33285123112
 21
220.374682885226
 31
0.0
  0
LINE
  5
C6E
330
D0BE
100
AcDbEntity
  8
Structural_SteelBeam
100
AcDbLine
 10
1180.45785123112
 20
220.374682885226
 30
0.0
 11
1180.45785123112
 21
219.999682885226
 31
0.0
  0
LINE
  5
C6F
330
D0BE
100
AcDbEntity
  8
Structural_SteelBeam
100
AcDbLine
 10
1177.08285123112
 20
220.374682885226
 30
0.0
 11
1173.95785123112
 21
220.374682885226
 31
0.0
  0
LINE
  5
C70
330
D0BE
100
AcDbEntity
  8
Structural_SteelBeam
100
AcDbLine
 10
1180.45785123112
 20
231.999682885225
 30
0.0
 11
1173.95785123112
 21
231.999682885225
 31
0.0
  0
LINE
  5
C71
330
D0BE
100
AcDbEntity
  8
Structural_SteelBeam
100
AcDbLine
 10
1180.45785123112
 20
231.999682885225
 30
0.0
 11
1180.45785123112
 21
231.624682885225
 31
0.0
  0
LINE
  5
C72
330
D0BE
100
AcDbEntity
  8
Structural_SteelBeam
100
AcDbLine
 10
1173.95785123112
 20
231.999682885225
 30
0.0
 11
1173.95785123112
 21
231.624682885225
 31
0.0
  0
LINE
  5
C73
330
D0BE
100
AcDbEntity
  8
Structural_SteelBeam
100
AcDbLine
 10
1180.45785123112
 20
231.624682885225
 30
0.0
 11
1177.33285123112
 21
231.624682885225
 31
0.0
  0
LINE
  5
C74
330
D0BE
100
AcDbEntity
  8
Structural_SteelBeam
100
AcDbLine
 10
1177.08285123112
 20
231.624682885225
 30
0.0
 11
1173.95785123112
 21
231.624682885225
 31
0.0
  0
LINE
  5
C75
330
D0BE
100
AcDbEntity
  8
Structural_SteelBeam
100
AcDbLine
 10
1173.95785123112
 20
220.374682885226
 30
0.0
 11
1173.95785123112
 21
219.999682885226
 31
0.0
  0
LINE
  5
C76
330
D0BE
100
AcDbEntity
  8
LAYER131A
100
AcDbLine
 10
1279.95785123113
 20
161.499682885223
 30
0.0
 11
1279.95785123112
 21
95.74968288522439
 31
0.0
  0
LINE
  5
C77
330
D0BE
100
AcDbEntity
  8
LAYER131A
100
AcDbLine
 10
1283.45785123113
 20
165.499682885223
 30
0.0
 11
1283.45785123113
 21
95.74968288522439
 31
0.0
  0
LINE
  5
C78
330
D0BE
100
AcDbEntity
  8
Struc_Section_Steel
 48
4.0
100
AcDbLine
 10
1280.20785123113
 20
161.499682885223
 30
0.0
 11
1280.20785123112
 21
95.74968288522439
 31
0.0
  0
LINE
  5
C79
330
D0BE
100
AcDbEntity
  8
Struc_Section_Steel
 48
4.0
100
AcDbLine
 10
1283.20785123113
 20
161.499682885223
 30
0.0
 11
1283.20785123113
 21
95.74968288522439
 31
0.0
  0
LINE
  5
C7A
330
D0BE
100
AcDbEntity
  8
LAYER131A
100
AcDbLine
 10
1279.70785123113
 20
161.499682885223
 30
0.0
 11
1283.45785123113
 21
161.499682885223
 31
0.0
  0
LINE
  5
C7B
330
D0BE
100
AcDbEntity
  8
Struc_Section_Steel
 48
2.0
100
AcDbLine
 10
1279.45785123113
 20
161.499682885223
 30
0.0
 11
1279.45785123113
 21
159.632182885223
 31
0.0
  0
INSERT
  5
C7C
330
D0BE
100
AcDbEntity
  8
Struc_Section_Dim
100
AcDbBlockReference
  2
OUTSTANDINGCONN1
 10
1279.95785123113
 20
153.492182885223
 30
0.0
 41
-1.0
  0
LINE
  5
C7D
330
D0BE
100
AcDbEntity
  8
Struc_Section_Dim
 48
2.0
100
AcDbLine
 10
1124.29284903006
 20
236.493209738455
 30
0.0
 11
1124.29284903006
 21
234.711501567394
 31
0.0
  0
LINE
  5
C7E
330
D0BE
100
AcDbEntity
  8
C-241-1
100
AcDbLine
 10
1281.33176875689
 20
97.4713323697596
 30
0.0
 11
1281.33176875689
 21
96.430095256358
 31
0.0
  0
LINE
  5
C7F
330
D0BE
100
AcDbEntity
  8
C-241-1
100
AcDbLine
 10
1282.08393370535
 20
97.4713323697596
 30
0.0
 11
1282.08393370535
 21
96.430095256358
 31
0.0
  0
LINE
  5
C80
330
D0BE
100
AcDbEntity
  8
C-241-1
100
AcDbLine
 10
1282.82877906617
 20
95.93524989553309
 30
0.0
 11
1280.58692339607
 21
95.93524989553309
 31
0.0
  0
LINE
  5
C81
330
D0BE
100
AcDbEntity
  8
C-241-1
100
AcDbLine
 10
1282.82877906617
 20
95.74968288522439
 30
0.0
 11
1280.58692339607
 21
95.74968288522439
 31
0.0
  0
LINE
  5
C82
330
D0BE
100
AcDbEntity
  8
C-241-1
100
AcDbLine
 10
1282.82877906617
 20
95.93524989553309
 30
0.0
 11
1282.82877906617
 21
95.74968288522351
 31
0.0
  0
LINE
  5
C83
330
D0BE
100
AcDbEntity
  8
C-241-1
 48
2.0
100
AcDbLine
 10
1281.33176875689
 20
96.4300952563571
 30
0.0
 11
1281.33176875689
 21
76.7496828852244
 31
0.0
  0
LINE
  5
C84
330
D0BE
100
AcDbEntity
  8
C-241-1
 48
2.0
100
AcDbLine
 10
1282.08393370534
 20
96.4300952563571
 30
0.0
 11
1282.08393370535
 21
76.7496828852244
 31
0.0
  0
LINE
  5
C85
330
D0BE
100
AcDbEntity
  8
C-241-1
 48
2.0
100
AcDbLine
 10
1282.08393370535
 20
76.7496828852244
 30
0.0
 11
1281.33176875689
 21
76.7496828852244
 31
0.0
  0
LINE
  5
C86
330
D0BE
100
AcDbEntity
  8
C-241-1
100
AcDbLine
 10
1282.57877906617
 20
96.430095256358
 30
0.0
 11
1280.83692339607
 21
96.430095256358
 31
0.0
  0
LINE
  5
C87
330
D0BE
100
AcDbEntity
  8
C-241-1
100
AcDbLine
 10
1282.57877906617
 20
96.430095256358
 30
0.0
 11
1282.57877906617
 21
95.93524989553309
 31
0.0
  0
LINE
  5
C88
330
D0BE
100
AcDbEntity
  8
C-241-1
100
AcDbLine
 10
1280.83692339607
 20
96.430095256358
 30
0.0
 11
1280.83692339607
 21
95.93524989553309
 31
0.0
  0
LINE
  5
C89
330
D0BE
100
AcDbEntity
  8
C-241-1
100
AcDbLine
 10
1282.08393370535
 20
97.4713323697596
 30
0.0
 11
1281.33176875689
 21
97.4713323697596
 31
0.0
  0
LINE
  5
C8A
330
D0BE
100
AcDbEntity
  8
C-241-1
100
AcDbLine
 10
1280.58692339607
 20
95.93524989553309
 30
0.0
 11
1280.58692339607
 21
95.74968288522351
 31
0.0
  0
LINE
  5
C8B
330
D0BE
100
AcDbEntity
  8
Struc_Section_Conc
 48
2.0
100
AcDbLine
 10
1180.45785123112
 20
231.999682885226
 30
0.0
 11
1180.45785123112
 21
235.999682885225
 31
0.0
  0
LINE
  5
C8C
330
D0BE
100
AcDbEntity
  8
Struc_Section_Conc
 48
2.0
100
AcDbLine
 10
1180.45785123112
 20
235.999682885225
 30
0.0
 11
1124.29284903006
 21
235.999682885225
 31
0.0
  0
LINE
  5
C8D
330
D0BE
100
AcDbEntity
  8
Struc_Section_Conc
 48
2.0
100
AcDbLine
 10
1180.45785123112
 20
231.999682885226
 30
0.0
 11
1129.17498689777
 21
231.999682885225
 31
0.0
  0
LINE
  5
C8E
330
D0BE
100
AcDbEntity
  8
Struc_Section_Conc
 48
20.0
100
AcDbLine
 10
1180.45785123112
 20
233.499682885226
 30
0.0
 11
1124.1249771772
 21
233.499682885225
 31
0.0
  0
LINE
  5
C8F
330
D0BE
100
AcDbEntity
  8
Struc_Section_Conc
 48
2.0
100
AcDbLine
 10
1225.95785123112
 20
231.999682885229
 30
0.0
 11
1180.45785123112
 21
231.999682885226
 31
0.0
  0
LINE
  5
C90
330
D0BE
100
AcDbEntity
  8
Struc_Section_Stair
 48
5.0
100
AcDbLine
 10
1269.45785123112
 20
228.909682885225
 30
0.0
 11
1226.20785123112
 21
228.909682885225
 31
0.0
  0
LINE
  5
C91
330
D0BE
100
AcDbEntity
  8
Struc_Section_Stair
 48
5.0
100
AcDbLine
 10
1269.45785123112
 20
221.819682885225
 30
0.0
 11
1226.20785123112
 21
221.819682885225
 31
0.0
  0
LINE
  5
C92
330
D0BE
100
AcDbEntity
  8
Struc_Section_Stair
 48
5.0
100
AcDbLine
 10
1269.45785123112
 20
214.729682885225
 30
0.0
 11
1226.20785123112
 21
214.729682885225
 31
0.0
  0
LINE
  5
C93
330
D0BE
100
AcDbEntity
  8
Struc_Section_Stair
 48
5.0
100
AcDbLine
 10
1269.45785123112
 20
207.639682885224
 30
0.0
 11
1226.20785123112
 21
207.639682885224
 31
0.0
  0
LINE
  5
C94
330
D0BE
100
AcDbEntity
  8
Struc_Section_Stair
 48
5.0
100
AcDbLine
 10
1269.45785123112
 20
200.549682885224
 30
0.0
 11
1226.20785123112
 21
200.549682885225
 31
0.0
  0
LINE
  5
C95
330
D0BE
100
AcDbEntity
  8
Struc_Section_Stair
 48
5.0
100
AcDbLine
 10
1269.45785123112
 20
193.459682885224
 30
0.0
 11
1226.20785123112
 21
193.459682885225
 31
0.0
  0
LINE
  5
C96
330
D0BE
100
AcDbEntity
  8
Struc_Section_Stair
 48
5.0
100
AcDbLine
 10
1269.45785123112
 20
186.369682885225
 30
0.0
 11
1226.20785123112
 21
186.369682885225
 31
0.0
  0
LINE
  5
C97
330
D0BE
100
AcDbEntity
  8
Struc_Section_Stair
 48
5.0
100
AcDbLine
 10
1269.45785123112
 20
179.279682885225
 30
0.0
 11
1226.20785123112
 21
179.279682885225
 31
0.0
  0
LINE
  5
C98
330
D0BE
100
AcDbEntity
  8
Struc_Section_Stair
 48
5.0
100
AcDbLine
 10
1269.45785123112
 20
172.189682885224
 30
0.0
 11
1226.20785123112
 21
172.189682885224
 31
0.0
  0
LWPOLYLINE
  5
C99
330
D0BE
100
AcDbEntity
  8
Struc_Section_BP
 48
2.0
100
AcDbPolyline
 90
        4
 70
     1
 43
0.0
 10
1279.20785123112
 20
94.9996828852244
 10
1284.20785123112
 20
94.9996828852244
 10
1284.20785123112
 20
95.74968288522439
 10
1279.20785123112
 20
95.74968288522439
  0
LINE
  5
C9A
330
D0BE
100
AcDbEntity
  8
Struc_Section_Stair
 48
5.0
100
AcDbLine
 10
1224.20785123112
 20
102.089682885225
 30
0.0
 11
1180.45785123112
 21
102.089682885225
 31
0.0
  0
LINE
  5
C9B
330
D0BE
100
AcDbEntity
  8
Struc_Section_Stair
 48
5.0
100
AcDbLine
 10
1224.20785123112
 20
109.179682885224
 30
0.0
 11
1180.45785123112
 21
109.179682885224
 31
0.0
  0
LINE
  5
C9C
330
D0BE
100
AcDbEntity
  8
Struc_Section_Stair
 48
5.0
100
AcDbLine
 10
1224.20785123112
 20
116.269682885224
 30
0.0
 11
1180.45785123112
 21
116.269682885224
 31
0.0
  0
LINE
  5
C9D
330
D0BE
100
AcDbEntity
  8
Struc_Section_Stair
 48
5.0
100
AcDbLine
 10
1224.20785123112
 20
123.359682885224
 30
0.0
 11
1180.45785123112
 21
123.359682885224
 31
0.0
  0
LINE
  5
C9E
330
D0BE
100
AcDbEntity
  8
Struc_Section_Stair
 48
5.0
100
AcDbLine
 10
1224.20785123112
 20
130.449682885224
 30
0.0
 11
1180.45785123112
 21
130.449682885224
 31
0.0
  0
LINE
  5
C9F
330
D0BE
100
AcDbEntity
  8
Struc_Section_Stair
 48
5.0
100
AcDbLine
 10
1224.20785123112
 20
137.539682885224
 30
0.0
 11
1180.45785123112
 21
137.539682885224
 31
0.0
  0
LINE
  5
CA0
330
D0BE
100
AcDbEntity
  8
Struc_Section_Stair
 48
5.0
100
AcDbLine
 10
1224.20785123112
 20
144.629682885224
 30
0.0
 11
1180.45785123112
 21
144.629682885224
 31
0.0
  0
LINE
  5
CA1
330
D0BE
100
AcDbEntity
  8
Struc_Section_Stair
 48
5.0
100
AcDbLine
 10
1224.20785123112
 20
151.719682885224
 30
0.0
 11
1180.45785123112
 21
151.719682885224
 31
0.0
  0
LINE
  5
CA2
330
D0BE
100
AcDbEntity
  8
Struc_Section_Conc
 48
20.0
100
AcDbLine
 10
1224.20785123112
 20
158.809682885224
 30
0.0
 11
1180.70785123112
 21
158.809682885224
 31
0.0
  0
LINE
  5
CA3
330
D0BE
100
AcDbEntity
  8
Struc_Section_Conc
 48
20.0
100
AcDbLine
 10
1225.95785123112
 20
231.99968288523
 30
0.0
 11
1269.45785123112
 21
231.999682885233
 31
0.0
  0
LINE
  5
CA4
330
D0BE
100
AcDbEntity
  8
Struc_Section_Conc
 48
20.0
100
AcDbLine
 10
1180.45785123112
 20
233.499682885226
 30
0.0
 11
1285.20785123112
 21
233.499682885226
 31
0.0
  0
LINE
  5
CA5
330
D0BE
100
AcDbEntity
  8
Struc_Section_Conc
 48
2.0
100
AcDbLine
 10
1285.20785123112
 20
231.999682885234
 30
0.0
 11
1285.20785123112
 21
235.999682885225
 31
0.0
  0
HATCH
  5
CA6
330
D0BE
100
AcDbEntity
  8
Arch_Section_Truss
100
AcDbHatch
 10
0.0
 20
0.0
 30
0.0
210
0.0
220
0.0
230
1.0
  2
STEEL
 70
     0
 71
     0
 91
        2
 92
        7
 72
     1
 73
     1
 93
       12
 10
1128.95785123112
 20
229.624682885225
 42
0.4142135679721831
 10
1129.08285123112
 20
229.499682885225
 42
0.0
 10
1129.33285123112
 20
229.499682885225
 42
0.4142135679721831
 10
1129.45785123112
 20
229.624682885225
 42
0.0
 10
1129.45785123112
 20
231.749682885225
 42
0.0
 10
1131.58285123112
 20
231.749682885225
 42
0.4142135679721831
 10
1131.70785123112
 20
231.874682885225
 42
0.0
 10
1131.70785123112
 20
231.999682885225
 42
0.0
 10
1126.70785123112
 20
231.999682885225
 42
0.0
 10
1126.70785123112
 20
231.874682885225
 42
0.4142135679721831
 10
1126.83285123112
 20
231.749682885225
 42
0.0
 10
1128.95785123112
 20
231.749682885225
 42
0.0
 97
        0
 92
        7
 72
     1
 73
     1
 93
       12
 10
1128.95785123112
 20
216.249682885225
 42
0.0
 10
1126.83285123112
 20
216.249682885225
 42
0.4142135679721831
 10
1126.70785123112
 20
216.124682885225
 42
0.0
 10
1126.70785123112
 20
215.999682885225
 42
0.0
 10
1131.70785123112
 20
215.999682885225
 42
0.0
 10
1131.70785123112
 20
216.124682885225
 42
0.4142135679721831
 10
1131.58285123112
 20
216.249682885225
 42
0.0
 10
1129.45785123112
 20
216.249682885225
 42
0.0
 10
1129.45785123112
 20
218.374682885225
 42
0.4142135679721831
 10
1129.33285123112
 20
218.499682885225
 42
0.0
 10
1129.08285123112
 20
218.499682885225
 42
0.4142135679721831
 10
1128.95785123112
 20
218.374682885225
 42
0.0
 97
        0
 75
     0
 76
     1
 52
0.0
 41
1.0
 77
     0
 78
     2
 53
45.0
 43
-2289.09016484307
 44
-3183.0164641284
 45
-0.7071067811865471
 46
0.707106781186548
 79
     0
 53
45.0
 43
-2288.84016484307
 44
-3182.266464128401
 45
-0.7071067811865471
 46
0.707106781186548
 79
     0
 47
0.000001
 98
        0
  0
LINE
  5
CA7
330
D0BE
100
AcDbEntity
  8
Arch_Section_Truss
100
AcDbLine
 10
1129.02035123112
 20
229.516429709752
 30
0.0
 11
1129.02035123112
 21
218.482936060698
 31
0.0
  0
LINE
  5
CA8
330
D0BE
100
AcDbEntity
  8
Arch_Section_Truss
100
AcDbLine
 10
1129.39535123112
 20
229.516429709751
 30
0.0
 11
1129.39535123112
 21
218.482936060699
 31
0.0
  0
ARC
  5
CA9
330
D0BE
100
AcDbEntity
  8
Arch_Section_Truss
100
AcDbCircle
 10
1129.33285123112
 20
218.374682885225
 30
0.0
 40
0.125
100
AcDbArc
 50
0.0
 51
90.0
  0
LINE
  5
CAA
330
D0BE
100
AcDbEntity
  8
Arch_Section_Truss
100
AcDbLine
 10
1129.08285123112
 20
218.499682885225
 30
0.0
 11
1129.33285123112
 21
218.499682885225
 31
0.0
  0
ARC
  5
CAB
330
D0BE
100
AcDbEntity
  8
Arch_Section_Truss
100
AcDbCircle
 10
1129.08285123112
 20
218.374682885225
 30
0.0
 40
0.125
100
AcDbArc
 50
90.0
 51
180.0
  0
LINE
  5
CAC
330
D0BE
100
AcDbEntity
  8
Arch_Section_Truss
100
AcDbLine
 10
1128.95785123112
 20
216.249682885225
 30
0.0
 11
1128.95785123112
 21
218.374682885225
 31
0.0
  0
LINE
  5
CAD
330
D0BE
100
AcDbEntity
  8
Arch_Section_Truss
100
AcDbLine
 10
1126.83285123112
 20
216.249682885225
 30
0.0
 11
1128.95785123112
 21
216.249682885225
 31
0.0
  0
ARC
  5
CAE
330
D0BE
100
AcDbEntity
  8
Arch_Section_Truss
100
AcDbCircle
 10
1126.83285123112
 20
216.124682885225
 30
0.0
 40
0.125
100
AcDbArc
 50
90.0
 51
180.0
  0
LINE
  5
CAF
330
D0BE
100
AcDbEntity
  8
Arch_Section_Truss
100
AcDbLine
 10
1126.70785123112
 20
215.999682885225
 30
0.0
 11
1126.70785123112
 21
216.124682885225
 31
0.0
  0
LINE
  5
CB0
330
D0BE
100
AcDbEntity
  8
Arch_Section_Truss
100
AcDbLine
 10
1126.70785123112
 20
215.999682885225
 30
0.0
 11
1131.70785123112
 21
215.999682885225
 31
0.0
  0
LINE
  5
CB1
330
D0BE
100
AcDbEntity
  8
Arch_Section_Truss
100
AcDbLine
 10
1131.70785123112
 20
215.999682885225
 30
0.0
 11
1131.70785123112
 21
216.124682885225
 31
0.0
  0
ARC
  5
CB2
330
D0BE
100
AcDbEntity
  8
Arch_Section_Truss
100
AcDbCircle
 10
1131.58285123112
 20
216.124682885225
 30
0.0
 40
0.125
100
AcDbArc
 50
0.0
 51
90.0
  0
LINE
  5
CB3
330
D0BE
100
AcDbEntity
  8
Arch_Section_Truss
100
AcDbLine
 10
1129.45785123112
 20
216.249682885225
 30
0.0
 11
1131.58285123112
 21
216.249682885225
 31
0.0
  0
LINE
  5
CB4
330
D0BE
100
AcDbEntity
  8
Arch_Section_Truss
100
AcDbLine
 10
1129.45785123112
 20
216.249682885225
 30
0.0
 11
1129.45785123112
 21
218.374682885225
 31
0.0
  0
LINE
  5
CB5
330
D0BE
100
AcDbEntity
  8
Arch_Section_Truss
100
AcDbLine
 10
1129.45785123112
 20
231.749682885225
 30
0.0
 11
1131.58285123112
 21
231.749682885225
 31
0.0
  0
ARC
  5
CB6
330
D0BE
100
AcDbEntity
  8
Arch_Section_Truss
100
AcDbCircle
 10
1131.58285123112
 20
231.874682885225
 30
0.0
 40
0.125
100
AcDbArc
 50
270.0
 51
0.0
  0
LINE
  5
CB7
330
D0BE
100
AcDbEntity
  8
Arch_Section_Truss
100
AcDbLine
 10
1131.70785123112
 20
231.999682885225
 30
0.0
 11
1131.70785123112
 21
231.874682885225
 31
0.0
  0
LINE
  5
CB8
330
D0BE
100
AcDbEntity
  8
Arch_Section_Truss
100
AcDbLine
 10
1126.70785123112
 20
231.999682885225
 30
0.0
 11
1131.70785123112
 21
231.999682885225
 31
0.0
  0
LINE
  5
CB9
330
D0BE
100
AcDbEntity
  8
Arch_Section_Truss
100
AcDbLine
 10
1126.70785123112
 20
231.999682885225
 30
0.0
 11
1126.70785123112
 21
231.874682885225
 31
0.0
  0
ARC
  5
CBA
330
D0BE
100
AcDbEntity
  8
Arch_Section_Truss
100
AcDbCircle
 10
1126.83285123112
 20
231.874682885225
 30
0.0
 40
0.125
100
AcDbArc
 50
180.0
 51
270.0
  0
LINE
  5
CBB
330
D0BE
100
AcDbEntity
  8
Arch_Section_Truss
100
AcDbLine
 10
1126.83285123112
 20
231.749682885225
 30
0.0
 11
1128.95785123112
 21
231.749682885225
 31
0.0
  0
LINE
  5
CBC
330
D0BE
100
AcDbEntity
  8
Arch_Section_Truss
100
AcDbLine
 10
1128.95785123112
 20
231.749682885225
 30
0.0
 11
1128.95785123112
 21
229.624682885225
 31
0.0
  0
ARC
  5
CBD
330
D0BE
100
AcDbEntity
  8
Arch_Section_Truss
100
AcDbCircle
 10
1129.08285123112
 20
229.624682885225
 30
0.0
 40
0.125
100
AcDbArc
 50
180.0
 51
270.0
  0
LINE
  5
CBE
330
D0BE
100
AcDbEntity
  8
Arch_Section_Truss
100
AcDbLine
 10
1129.08285123112
 20
229.499682885225
 30
0.0
 11
1129.33285123112
 21
229.499682885225
 31
0.0
  0
ARC
  5
CBF
330
D0BE
100
AcDbEntity
  8
Arch_Section_Truss
100
AcDbCircle
 10
1129.33285123112
 20
229.624682885225
 30
0.0
 40
0.125
100
AcDbArc
 50
270.0
 51
0.0
  0
LINE
  5
CC0
330
D0BE
100
AcDbEntity
  8
Arch_Section_Truss
100
AcDbLine
 10
1129.45785123112
 20
231.749682885225
 30
0.0
 11
1129.45785123112
 21
229.624682885225
 31
0.0
  0
LINE
  5
CC1
330
D0BE
100
AcDbEntity
  8
Arch_Section_Truss
100
AcDbLine
 10
1129.39535123112
 20
229.516429709751
 30
0.0
 11
1129.39535123112
 21
228.374682885224
 31
0.0
  0
LINE
  5
CC2
330
D0BE
100
AcDbEntity
  8
Arch_Section_Truss
100
AcDbLine
 10
1129.02035123112
 20
229.516429709752
 30
0.0
 11
1129.02035123112
 21
228.374682885225
 31
0.0
  0
HATCH
  5
CC3
330
D0BE
100
AcDbEntity
  8
Structural_SteelBeam
100
AcDbHatch
 10
0.0
 20
0.0
 30
0.0
210
0.0
220
0.0
230
1.0
  2
STEEL
 70
     0
 71
     0
 91
        6
 92
        7
 72
     0
 73
     1
 93
        4
 10
1274.95785123112
 20
231.999682885233
 10
1272.45785123112
 20
231.999682885233
 10
1272.45785123112
 20
231.624682885225
 10
1274.95785123112
 20
231.624682885225
 97
        0
 92
        7
 72
     0
 73
     1
 93
        6
 10
1272.20785123112
 20
231.999682885233
 10
1269.45785123112
 20
231.999682885233
 10
1269.45785123112
 20
231.624682885225
 10
1272.08285123112
 20
231.624682885225
 10
1272.08285123112
 20
228.909682885225
 10
1272.20785123112
 20
228.909682885225
 97
        0
 92
        7
 72
     0
 73
     1
 93
        4
 10
1272.33285123112
 20
228.909682885225
 10
1272.20785123112
 20
228.909682885225
 10
1272.20785123112
 20
221.819682885225
 10
1272.33285123112
 20
221.819682885225
 97
        0
 92
        7
 72
     0
 73
     1
 93
        6
 10
1272.20785123112
 20
221.819682885225
 10
1272.08285123112
 20
221.819682885225
 10
1272.08285123112
 20
216.749682885225
 10
1269.45785123112
 20
216.749682885225
 10
1269.45785123112
 20
216.374682885225
 10
1272.20785123112
 20
216.374682885225
 97
        0
 92
        7
 72
     0
 73
     1
 93
        6
 10
1272.33285123112
 20
221.819682885225
 10
1272.20785123112
 20
221.819682885225
 10
1272.20785123112
 20
216.374682885225
 10
1272.45785123112
 20
216.374682885225
 10
1272.45785123112
 20
216.749682885225
 10
1272.33285123112
 20
216.749682885225
 97
        0
 92
        7
 72
     0
 73
     1
 93
        4
 10
1274.95785123112
 20
216.749682885225
 10
1272.45785123112
 20
216.749682885225
 10
1272.45785123112
 20
216.374682885225
 10
1274.95785123112
 20
216.374682885225
 97
        0
 75
     0
 76
     1
 52
0.0
 41
1.0
 77
     0
 78
     2
 53
45.0
 43
1030.76171472809
 44
-6.722722729711789
 45
-0.4419417382415921
 46
0.4419417382415921
 79
     0
 53
45.0
 43
1031.489348204569
 44
-6.56647272971176
 45
-0.4419417382415921
 46
0.4419417382415921
 79
     0
 47
0.000001
 98
        0
  0
LINE
  5
CC4
330
D0BE
100
AcDbEntity
  8
Struc_Section_Stair
 48
5.0
100
AcDbLine
 10
1269.45785123112
 20
165.499682885224
 30
0.0
 11
1269.45785123112
 21
235.999682885225
 31
0.0
  0
LINE
  5
CC5
330
D0BE
100
AcDbEntity
  8
Struc_Section_Stair
 48
5.0
100
AcDbLine
 10
1180.45785123112
 20
94.9996828852244
 30
0.0
 11
1180.45785123112
 21
155.624682885223
 31
0.0
  0
LINE
  5
CC6
330
D0BE
100
AcDbEntity
  8
Struc_Section_Dim
 48
2.0
100
AcDbLine
 10
1277.20785123112
 20
70.9996828852244
 30
0.0
 11
1277.20785123112
 21
94.99968288522458
 31
0.0
  0
HATCH
  5
CC7
330
D0BE
100
AcDbEntity
  8
Structural_SteelBeam
100
AcDbHatch
 10
0.0
 20
0.0
 30
0.0
210
0.0
220
0.0
230
1.0
  2
STEEL
 70
     0
 71
     0
 91
        2
 92
        7
 72
     0
 73
     1
 93
        8
 10
1177.20785123112
 20
231.999682885226
 10
1173.95785123112
 20
231.999682885226
 10
1173.95785123112
 20
231.624682885225
 10
1177.08285123112
 20
231.624682885225
 10
1177.08285123112
 20
220.374682885226
 10
1173.95785123112
 20
220.374682885226
 10
1173.95785123112
 20
219.999682885226
 10
1177.20785123112
 20
219.999682885226
 97
        0
 92
        7
 72
     0
 73
     1
 93
        8
 10
1180.45785123112
 20
231.999682885226
 10
1177.20785123112
 20
231.999682885226
 10
1177.20785123112
 20
219.999682885226
 10
1180.45785123112
 20
219.999682885226
 10
1180.45785123112
 20
220.374682885226
 10
1177.33285123112
 20
220.374682885226
 10
1177.33285123112
 20
231.624682885225
 10
1180.45785123112
 20
231.624682885225
 97
        0
 75
     0
 76
     1
 52
0.0
 41
1.0
 77
     0
 78
     2
 53
45.0
 43
983.668415791419
 44
41.52727727028479
 45
-0.4419417382415921
 46
0.4419417382415921
 79
     0
 53
45.0
 43
984.3960492679029
 44
41.68352727028479
 45
-0.4419417382415921
 46
0.4419417382415921
 79
     0
 47
0.000001
 98
        0
  0
LINE
  5
CC8
330
D0BE
100
AcDbEntity
  8
Structural_SteelBeam
100
AcDbLine
 10
1180.45785123112
 20
219.999682885226
 30
0.0
 11
1173.95785123112
 21
219.999682885226
 31
0.0
  0
LINE
  5
CC9
330
D0BE
100
AcDbEntity
  8
Struc_Section_Conc
 48
2.0
100
AcDbLine
 10
1274.95785123112
 20
231.999682885225
 30
0.0
 11
1285.20785123112
 21
231.999682885225
 31
0.0
  0
LINE
  5
CCA
330
D0BE
100
AcDbEntity
  8
Struc_Section_Stair
 48
5.0
100
AcDbLine
 10
1224.20785123112
 20
94.99968288522429
 30
0.0
 11
1224.20785123112
 21
155.624682885223
 31
0.0
  0
LINE
  5
CCB
330
D0BE
100
AcDbEntity
  8
Struc_Section_Stair
 48
5.0
100
AcDbLine
 10
1226.20785123112
 20
165.499682885223
 30
0.0
 11
1226.20785123112
 21
235.999682885225
 31
0.0
  0
LINE
  5
CCC
330
D0BE
100
AcDbEntity
  8
Struc_Section_Steel
 48
2.0
100
AcDbLine
 10
891.6355987724719
 20
232.313517971068
 30
0.0
 11
891.6355987724719
 21
240.313517971068
 31
0.0
  0
LINE
  5
CCD
330
D0BE
100
AcDbEntity
  8
Struc_Section_Steel
 48
2.0
100
AcDbLine
 10
891.6355987724719
 20
240.313517971068
 30
0.0
 11
893.885598772472
 21
240.313517971068
 31
0.0
  0
LINE
  5
CCE
330
D0BE
100
AcDbEntity
  8
Struc_Section_Steel
 48
2.0
100
AcDbLine
 10
891.6355987724719
 20
232.313517971068
 30
0.0
 11
893.885598772472
 21
232.313517971068
 31
0.0
  0
LINE
  5
CCF
330
D0BE
100
AcDbEntity
  8
Struc_Section_Steel
 48
2.0
100
AcDbLine
 10
892.1138098367849
 20
239.87099518856
 30
0.0
 11
893.771493240316
 21
240.016023694085
 31
0.0
  0
LINE
  5
CD0
330
D0BE
100
AcDbEntity
  8
Struc_Section_Steel
 48
2.0
100
AcDbLine
 10
891.8855987724718
 20
233.005089428098
 30
0.0
 11
891.8855987724718
 21
239.621946514038
 31
0.0
  0
ARC
  5
CD1
330
D0BE
100
AcDbEntity
  8
Struc_Section_Steel
 48
2.0
100
AcDbCircle
 10
892.1355987724719
 20
239.621946514038
 30
0.0
 40
0.25
100
AcDbArc
 50
94.99999999999978
 51
180.0
  0
LINE
  5
CD2
330
D0BE
100
AcDbEntity
  8
Struc_Section_Steel
 48
2.0
100
AcDbLine
 10
892.1138098367849
 20
232.756040753575
 30
0.0
 11
893.771493240316
 21
232.611012248051
 31
0.0
  0
ARC
  5
CD3
330
D0BE
100
AcDbEntity
  8
Struc_Section_Steel
 48
2.0
100
AcDbCircle
 10
892.1355987724719
 20
233.005089428098
 30
0.0
 40
0.25
100
AcDbArc
 50
180.0
 51
265.0
  0
LINE
  5
CD4
330
D0BE
100
AcDbEntity
  8
Struc_Section_Steel
 48
2.0
100
AcDbLine
 10
893.885598772472
 20
240.313517971068
 30
0.0
 11
893.885598772472
 21
240.140548031346
 31
0.0
  0
LINE
  5
CD5
330
D0BE
100
AcDbEntity
  8
Struc_Section_Steel
 48
2.0
100
AcDbLine
 10
893.885598772472
 20
232.48648791079
 30
0.0
 11
893.885598772472
 21
232.313517971068
 31
0.0
  0
ARC
  5
CD6
330
D0BE
100
AcDbEntity
  8
Struc_Section_Steel
 48
2.0
100
AcDbCircle
 10
893.7605987724719
 20
240.140548031346
 30
0.0
 40
0.125
100
AcDbArc
 50
275.0
 51
0.0
  0
ARC
  5
CD7
330
D0BE
100
AcDbEntity
  8
Struc_Section_Steel
 48
2.0
100
AcDbCircle
 10
893.7605987724719
 20
232.48648791079
 30
0.0
 40
0.125
100
AcDbArc
 50
0.0
 51
85.00000000000019
  0
LINE
  5
CD8
330
D0BE
100
AcDbEntity
  8
Struc_Section_Steel
 48
2.0
100
AcDbLine
 10
891.6355987724719
 20
244.688517971068
 30
0.0
 11
889.1639131135301
 21
244.688517971068
 31
0.0
  0
LINE
  5
CD9
330
D0BE
100
AcDbEntity
  8
LAYER131A
100
AcDbLine
 10
869.135598772471
 20
229.588517971067
 30
0.0
 11
869.135598772473
 21
230.588517971067
 31
0.0
  0
LINE
  5
CDA
330
D0BE
100
AcDbEntity
  8
Struc_Section_Steel
 48
2.0
100
AcDbLine
 10
787.855598772471
 20
174.188517971066
 30
0.0
 11
787.855598772478
 21
181.201974317338
 31
0.0
  0
LINE
  5
CDB
330
D0BE
100
AcDbEntity
  8
Struc_Section_Steel
 48
2.0
100
AcDbLine
 10
891.6355987724699
 20
235.720803764576
 30
0.0
 11
891.6355987724719
 21
244.688517971068
 31
0.0
  0
LINE
  5
CDC
330
D0BE
100
AcDbEntity
  8
Struc_Section_Steel
 48
2.0
100
AcDbLine
 10
891.6355987724719
 20
239.188517971068
 30
0.0
 11
891.6355987724719
 21
244.688517971068
 31
0.0
  0
LINE
  5
CDD
330
D0BE
100
AcDbEntity
  8
Struc_Section_Conc
 48
2.0
100
AcDbLine
 10
891.6355987724719
 20
244.688517971068
 30
0.0
 11
952.6981755092251
 21
244.688517971068
 31
0.0
  0
LINE
  5
CDE
330
D0BE
100
AcDbEntity
  8
Struc_Section_Steel
 48
2.0
100
AcDbLine
 10
946.070598772472
 20
232.313517971068
 30
0.0
 11
946.070598772472
 21
240.313517971068
 31
0.0
  0
LINE
  5
CDF
330
D0BE
100
AcDbEntity
  8
Struc_Section_Steel
 48
2.0
100
AcDbLine
 10
946.070598772472
 20
240.313517971068
 30
0.0
 11
948.3205987724719
 21
240.313517971068
 31
0.0
  0
LINE
  5
CE0
330
D0BE
100
AcDbEntity
  8
Struc_Section_Steel
 48
2.0
100
AcDbLine
 10
946.070598772472
 20
232.313517971068
 30
0.0
 11
948.3205987724719
 21
232.313517971068
 31
0.0
  0
LINE
  5
CE1
330
D0BE
100
AcDbEntity
  8
Struc_Section_Steel
 48
2.0
100
AcDbLine
 10
946.5488098367849
 20
239.87099518856
 30
0.0
 11
948.2064932403149
 21
240.016023694085
 31
0.0
  0
LINE
  5
CE2
330
D0BE
100
AcDbEntity
  8
Struc_Section_Steel
 48
2.0
100
AcDbLine
 10
946.320598772472
 20
233.005089428098
 30
0.0
 11
946.320598772472
 21
239.621946514038
 31
0.0
  0
ARC
  5
CE3
330
D0BE
100
AcDbEntity
  8
Struc_Section_Steel
 48
2.0
100
AcDbCircle
 10
946.5705987724719
 20
239.621946514038
 30
0.0
 40
0.25
100
AcDbArc
 50
94.99999999999978
 51
180.0
  0
LINE
  5
CE4
330
D0BE
100
AcDbEntity
  8
Struc_Section_Steel
 48
2.0
100
AcDbLine
 10
946.5488098367849
 20
232.756040753575
 30
0.0
 11
948.2064932403149
 21
232.611012248051
 31
0.0
  0
ARC
  5
CE5
330
D0BE
100
AcDbEntity
  8
Struc_Section_Steel
 48
2.0
100
AcDbCircle
 10
946.5705987724719
 20
233.005089428098
 30
0.0
 40
0.25
100
AcDbArc
 50
180.0
 51
265.0
  0
LINE
  5
CE6
330
D0BE
100
AcDbEntity
  8
Struc_Section_Steel
 48
2.0
100
AcDbLine
 10
948.3205987724719
 20
240.313517971068
 30
0.0
 11
948.3205987724719
 21
240.140548031346
 31
0.0
  0
LINE
  5
CE7
330
D0BE
100
AcDbEntity
  8
Struc_Section_Steel
 48
2.0
100
AcDbLine
 10
948.3205987724719
 20
232.48648791079
 30
0.0
 11
948.3205987724719
 21
232.313517971068
 31
0.0
  0
ARC
  5
CE8
330
D0BE
100
AcDbEntity
  8
Struc_Section_Steel
 48
2.0
100
AcDbCircle
 10
948.1955987724719
 20
240.140548031346
 30
0.0
 40
0.125
100
AcDbArc
 50
275.0
 51
0.0
  0
ARC
  5
CE9
330
D0BE
100
AcDbEntity
  8
Struc_Section_Steel
 48
2.0
100
AcDbCircle
 10
948.1955987724719
 20
232.48648791079
 30
0.0
 40
0.125
100
AcDbArc
 50
0.0
 51
85.00000000000019
  0
LINE
  5
CEA
330
D0BE
100
AcDbEntity
  8
Struc_Section_Conc
 48
2.0
100
AcDbLine
 10
703.377875599353
 20
103.688517971068
 30
0.0
 11
951.698175509226
 21
103.688517971068
 31
0.0
  0
LINE
  5
CEB
330
D0BE
100
AcDbEntity
  8
Struc_Section_Steel
 48
2.0
100
AcDbLine
 10
891.6355987724719
 20
244.688517971068
 30
0.0
 11
891.6355987724699
 21
235.720803764576
 31
0.0
  0
LINE
  5
CEC
330
D0BE
100
AcDbEntity
  8
Struc_Section_Steel
 48
2.0
100
AcDbLine
 10
893.635598772474
 20
103.688517971069
 30
0.0
 11
893.6355987724699
 21
110.660774317338
 31
0.0
  0
LINE
  5
CED
330
D0BE
100
AcDbEntity
  8
Struc_Section_Conc
 48
2.0
100
AcDbLine
 10
952.6981755092251
 20
245.136828454123
 30
0.0
 11
952.6981755092251
 21
236.014399266375
 31
0.0
  0
LINE
  5
CEE
330
D0BE
100
AcDbEntity
  8
Struc_Section_Conc
 48
2.0
100
AcDbLine
 10
952.6981755092251
 20
236.014399266375
 30
0.0
 11
953.335099152059
 21
235.139653967445
 31
0.0
  0
LINE
  5
CEF
330
D0BE
100
AcDbEntity
  8
Struc_Section_Conc
 48
2.0
100
AcDbLine
 10
953.335099152059
 20
235.139653967445
 30
0.0
 11
951.6224062554581
 21
233.895516203439
 31
0.0
  0
LINE
  5
CF0
330
D0BE
100
AcDbEntity
  8
Struc_Section_Conc
 48
2.0
100
AcDbLine
 10
951.6224062554581
 20
233.895516203439
 30
0.0
 11
952.7371005985859
 21
232.930578198941
 31
0.0
  0
LINE
  5
CF1
330
D0BE
100
AcDbEntity
  8
Struc_Section_Conc
 48
2.0
100
AcDbLine
 10
952.7371005985859
 20
232.930578198941
 30
0.0
 11
952.7371005985859
 21
222.414995668924
 31
0.0
  0
LINE
  5
CF2
330
D0BE
100
AcDbEntity
  8
Struc_Section_Conc
 48
2.0
100
AcDbLine
 10
951.698175509226
 20
104.070685191629
 30
0.0
 11
951.698175509226
 21
101.893444104619
 31
0.0
  0
LINE
  5
CF3
330
D0BE
100
AcDbEntity
  8
Struc_Section_Conc
 48
2.0
100
AcDbLine
 10
951.698175509226
 20
101.893444104619
 30
0.0
 11
952.0095743848999
 21
101.465771642381
 31
0.0
  0
LINE
  5
CF4
330
D0BE
100
AcDbEntity
  8
Struc_Section_Conc
 48
2.0
100
AcDbLine
 10
952.0095743848999
 20
101.465771642381
 30
0.0
 11
951.1532279366001
 21
100.843702760378
 31
0.0
  0
LINE
  5
CF5
330
D0BE
100
AcDbEntity
  8
Struc_Section_Conc
 48
2.0
100
AcDbLine
 10
951.1532279366001
 20
100.843702760378
 30
0.0
 11
951.737100598587
 21
100.338271899612
 31
0.0
  0
LINE
  5
CF6
330
D0BE
100
AcDbEntity
  8
Struc_Section_Conc
 48
2.0
100
AcDbLine
 10
951.737100598587
 20
100.338271899612
 30
0.0
 11
951.737100598587
 21
98.14115971952292
 31
0.0
  0
LINE
  5
CF7
330
D0BE
100
AcDbEntity
  8
Struc_Section_Conc
 48
2.0
100
AcDbLine
 10
703.377875599353
 20
104.070685191629
 30
0.0
 11
703.377875599353
 21
101.893444104619
 31
0.0
  0
LINE
  5
CF8
330
D0BE
100
AcDbEntity
  8
Struc_Section_Conc
 48
2.0
100
AcDbLine
 10
703.377875599353
 20
101.893444104619
 30
0.0
 11
703.689274475027
 21
101.465771642381
 31
0.0
  0
LINE
  5
CF9
330
D0BE
100
AcDbEntity
  8
Struc_Section_Conc
 48
2.0
100
AcDbLine
 10
703.689274475027
 20
101.465771642381
 30
0.0
 11
702.832928026727
 21
100.843702760378
 31
0.0
  0
LINE
  5
CFA
330
D0BE
100
AcDbEntity
  8
Struc_Section_Conc
 48
2.0
100
AcDbLine
 10
702.832928026727
 20
100.843702760378
 30
0.0
 11
703.416800688714
 21
100.338271899612
 31
0.0
  0
LINE
  5
CFB
330
D0BE
100
AcDbEntity
  8
Struc_Section_Conc
 48
2.0
100
AcDbLine
 10
703.416800688714
 20
100.338271899612
 30
0.0
 11
703.416800688714
 21
98.14115971952292
 31
0.0
  0
LINE
  5
CFC
330
D0BE
100
AcDbEntity
  8
Struc_Section_Steel
 48
2.0
100
AcDbLine
 10
792.261539750561
 20
174.188517971066
 30
0.0
 11
787.855598772471
 21
174.188517971066
 31
0.0
  0
LINE
  5
CFD
330
D0BE
100
AcDbEntity
  8
Center
  6
CENTER
 48
5.0
100
AcDbLine
 10
741.13559877247
 20
79.68851797106779
 30
0.0
 11
741.13559877247
 21
284.143311632989
 31
0.0
  0
LINE
  5
CFE
330
D0BE
100
AcDbEntity
  8
Struc_Section_Conc
 48
2.0
100
AcDbLine
 10
744.0105987724701
 20
244.688517971068
 30
0.0
 11
687.340158692519
 21
244.688517971068
 31
0.0
  0
LINE
  5
CFF
330
D0BE
100
AcDbEntity
  8
Struc_Section_Steel
 48
2.0
100
AcDbLine
 10
885.972423751828
 20
103.688517971068
 30
0.0
 11
895.260598772473
 21
103.688517971068
 31
0.0
  0
LINE
  5
D00
330
D0BE
100
AcDbEntity
  8
Struc_Section_Conc
 48
2.0
100
AcDbLine
 10
744.0105987724701
 20
240.688517971068
 30
0.0
 11
736.717861493028
 21
240.688517971068
 31
0.0
  0
LINE
  5
D01
330
D0BE
100
AcDbEntity
  8
Struc_Section_Conc
 48
2.0
100
AcDbLine
 10
744.0105987724701
 20
240.688517971068
 30
0.0
 11
744.0105987724701
 21
244.688517971068
 31
0.0
  0
LINE
  5
D02
330
D0BE
100
AcDbEntity
  8
Struc_Section_Conc
 48
2.0
100
AcDbLine
 10
736.717861493028
 20
240.688517971068
 30
0.0
 11
735.6725168575669
 21
241.733862606528
 31
0.0
  0
LINE
  5
D03
330
D0BE
100
AcDbEntity
  8
Struc_Section_Conc
 48
2.0
100
AcDbLine
 10
721.9053614930279
 20
240.688517971068
 30
0.0
 11
728.1228078150169
 21
240.688517971068
 31
0.0
  0
LINE
  5
D04
330
D0BE
100
AcDbEntity
  8
Struc_Section_Conc
 48
2.0
100
AcDbLine
 10
721.9053614930279
 20
240.688517971068
 30
0.0
 11
720.8600168575669
 21
241.733862606528
 31
0.0
  0
LINE
  5
D05
330
D0BE
100
AcDbEntity
  8
Struc_Section_Conc
 48
2.0
100
AcDbLine
 10
714.38559877247
 20
241.733862606528
 30
0.0
 11
720.8600168575669
 21
241.733862606528
 31
0.0
  0
LINE
  5
D06
330
D0BE
100
AcDbEntity
  8
Struc_Section_Conc
 48
2.0
100
AcDbLine
 10
728.1527541370098
 20
240.688517971068
 30
0.0
 11
729.19809877247
 21
241.733862606528
 31
0.0
  0
LINE
  5
D07
330
D0BE
100
AcDbEntity
  8
Struc_Section_Conc
 48
2.0
100
AcDbLine
 10
729.19809877247
 20
241.733862606528
 30
0.0
 11
735.6725168575669
 21
241.733862606528
 31
0.0
  0
LINE
  5
D08
330
D0BE
100
AcDbEntity
  8
Struc_Section_Conc
 48
2.0
100
AcDbLine
 10
891.6355987724719
 20
240.688517971068
 30
0.0
 11
952.7371005985859
 21
240.688517971068
 31
0.0
  0
LINE
  5
D09
330
D0BE
100
AcDbEntity
  8
Struc_Section_Conc
 48
2.0
100
AcDbLine
 10
891.6355987724719
 20
240.688517971068
 30
0.0
 11
891.6355987724719
 21
244.688517971068
 31
0.0
  0
LINE
  5
D0A
330
D0BE
100
AcDbEntity
  8
Struc_Section_Conc
 48
2.0
100
AcDbLine
 10
744.0105987724701
 20
244.688517971068
 30
0.0
 11
890.2096875504669
 21
244.688517971068
 31
0.0
  0
LINE
  5
D0B
330
D0BE
100
AcDbEntity
  8
LAYER131A
100
AcDbLine
 10
739.1355987724799
 20
220.813517971068
 30
0.0
 11
739.135598772466
 21
103.688517971068
 31
0.0
  0
LINE
  5
D0C
330
D0BE
100
AcDbEntity
  8
LAYER131A
100
AcDbLine
 10
743.135598772473
 20
220.813517971068
 30
0.0
 11
743.135598772473
 21
103.688517971068
 31
0.0
  0
LINE
  5
D0D
330
D0BE
100
AcDbEntity
  8
Struc_Section_Steel
 48
4.0
100
AcDbLine
 10
739.38559877248
 20
220.813517971068
 30
0.0
 11
739.3855987724659
 21
103.688517971068
 31
0.0
  0
LINE
  5
D0E
330
D0BE
100
AcDbEntity
  8
Struc_Section_Steel
 48
4.0
100
AcDbLine
 10
742.885598772473
 20
220.813517971068
 30
0.0
 11
742.885598772473
 21
103.688517971068
 31
0.0
  0
LWPOLYLINE
  5
D0F
330
D0BE
100
AcDbEntity
  8
Struc_Section_BP
 48
2.0
100
AcDbPolyline
 90
        4
 70
     1
 43
0.0
 10
736.13559877247
 20
102.938517971068
 10
746.1355987724701
 20
102.938517971068
 10
746.1355987724701
 20
103.688517971068
 10
736.13559877247
 20
103.688517971068
  0
LINE
  5
D10
330
D0BE
100
AcDbEntity
  8
C-241-1
100
AcDbLine
 10
744.509516298247
 20
105.410167455603
 30
0.0
 11
744.509516298247
 21
104.368930342201
 31
0.0
  0
LINE
  5
D11
330
D0BE
100
AcDbEntity
  8
C-241-1
100
AcDbLine
 10
745.2616812466999
 20
105.410167455603
 30
0.0
 11
745.2616812466999
 21
104.368930342201
 31
0.0
  0
LINE
  5
D12
330
D0BE
100
AcDbEntity
  8
C-241-1
100
AcDbLine
 10
746.006526607525
 20
103.874084981376
 30
0.0
 11
743.764670937422
 21
103.874084981376
 31
0.0
  0
LINE
  5
D13
330
D0BE
100
AcDbEntity
  8
C-241-1
100
AcDbLine
 10
746.006526607525
 20
103.688517971068
 30
0.0
 11
743.764670937422
 21
103.688517971068
 31
0.0
  0
LINE
  5
D14
330
D0BE
100
AcDbEntity
  8
C-241-1
100
AcDbLine
 10
746.006526607525
 20
103.874084981376
 30
0.0
 11
746.006526607525
 21
103.688517971067
 31
0.0
  0
LINE
  5
D15
330
D0BE
100
AcDbEntity
  8
C-241-1
 48
10.0
100
AcDbLine
 10
744.509516298249
 20
104.3689303422
 30
0.0
 11
744.509516298247
 21
84.6885179710677
 31
0.0
  0
LINE
  5
D16
330
D0BE
100
AcDbEntity
  8
C-241-1
 48
10.0
100
AcDbLine
 10
745.2616812466961
 20
104.3689303422
 30
0.0
 11
745.2616812467019
 21
84.6885179710677
 31
0.0
  0
LINE
  5
D17
330
D0BE
100
AcDbEntity
  8
C-241-1
 48
10.0
100
AcDbLine
 10
745.2616812467019
 20
84.6885179710677
 30
0.0
 11
744.509516298247
 21
84.6885179710677
 31
0.0
  0
LINE
  5
D18
330
D0BE
100
AcDbEntity
  8
C-241-1
100
AcDbLine
 10
745.756526607525
 20
104.368930342201
 30
0.0
 11
744.014670937422
 21
104.368930342201
 31
0.0
  0
LINE
  5
D19
330
D0BE
100
AcDbEntity
  8
C-241-1
100
AcDbLine
 10
745.756526607525
 20
104.368930342201
 30
0.0
 11
745.756526607525
 21
103.874084981376
 31
0.0
  0
LINE
  5
D1A
330
D0BE
100
AcDbEntity
  8
C-241-1
100
AcDbLine
 10
744.014670937422
 20
104.368930342201
 30
0.0
 11
744.014670937422
 21
103.874084981376
 31
0.0
  0
LINE
  5
D1B
330
D0BE
100
AcDbEntity
  8
C-241-1
100
AcDbLine
 10
745.2616812466999
 20
105.410167455603
 30
0.0
 11
744.509516298247
 21
105.410167455603
 31
0.0
  0
LINE
  5
D1C
330
D0BE
100
AcDbEntity
  8
C-241-1
100
AcDbLine
 10
743.764670937422
 20
103.874084981376
 30
0.0
 11
743.764670937422
 21
103.688517971067
 31
0.0
  0
LINE
  5
D1D
330
D0BE
100
AcDbEntity
  8
C-241-1
100
AcDbLine
 10
737.7616812466929
 20
105.410167455603
 30
0.0
 11
737.7616812466929
 21
104.368930342201
 31
0.0
  0
LINE
  5
D1E
330
D0BE
100
AcDbEntity
  8
C-241-1
100
AcDbLine
 10
737.00951629824
 20
105.410167455603
 30
0.0
 11
737.00951629824
 21
104.368930342201
 31
0.0
  0
LINE
  5
D1F
330
D0BE
100
AcDbEntity
  8
C-241-1
100
AcDbLine
 10
736.2646709374149
 20
103.874084981376
 30
0.0
 11
738.506526607518
 21
103.874084981376
 31
0.0
  0
LINE
  5
D20
330
D0BE
100
AcDbEntity
  8
C-241-1
100
AcDbLine
 10
736.2646709374149
 20
103.688517971068
 30
0.0
 11
738.506526607518
 21
103.688517971068
 31
0.0
  0
LINE
  5
D21
330
D0BE
100
AcDbEntity
  8
C-241-1
 48
10.0
100
AcDbLine
 10
737.7616812466909
 20
104.3689303422
 30
0.0
 11
737.7616812466929
 21
84.6885179710677
 31
0.0
  0
LINE
  5
D22
330
D0BE
100
AcDbEntity
  8
C-241-1
 48
10.0
100
AcDbLine
 10
737.009516298244
 20
104.3689303422
 30
0.0
 11
737.009516298238
 21
84.6885179710677
 31
0.0
  0
LINE
  5
D23
330
D0BE
100
AcDbEntity
  8
C-241-1
 48
10.0
100
AcDbLine
 10
737.009516298238
 20
84.6885179710677
 30
0.0
 11
737.7616812466929
 21
84.6885179710677
 31
0.0
  0
LINE
  5
D24
330
D0BE
100
AcDbEntity
  8
C-241-1
100
AcDbLine
 10
736.5146709374149
 20
104.368930342201
 30
0.0
 11
738.256526607518
 21
104.368930342201
 31
0.0
  0
LINE
  5
D25
330
D0BE
100
AcDbEntity
  8
C-241-1
100
AcDbLine
 10
736.5146709374149
 20
104.368930342201
 30
0.0
 11
736.5146709374149
 21
103.874084981376
 31
0.0
  0
LINE
  5
D26
330
D0BE
100
AcDbEntity
  8
C-241-1
100
AcDbLine
 10
738.256526607518
 20
104.368930342201
 30
0.0
 11
738.256526607518
 21
103.874084981376
 31
0.0
  0
LINE
  5
D27
330
D0BE
100
AcDbEntity
  8
C-241-1
100
AcDbLine
 10
737.00951629824
 20
105.410167455603
 30
0.0
 11
737.7616812466929
 21
105.410167455603
 31
0.0
  0
LINE
  5
D28
330
D0BE
100
AcDbEntity
  8
C-241-1
100
AcDbLine
 10
738.506526607518
 20
103.874084981376
 30
0.0
 11
738.506526607518
 21
103.688517971067
 31
0.0
  0
LINE
  5
D29
330
D0BE
100
AcDbEntity
  8
C-241-1
100
AcDbLine
 10
736.2646709374149
 20
103.874084981376
 30
0.0
 11
736.2646709374149
 21
103.688517971067
 31
0.0
  0
LINE
  5
D2A
330
D0BE
100
AcDbEntity
  8
Struc_Section_Conc
 48
2.0
100
AcDbLine
 10
729.13559877247
 20
79.68851797106779
 30
0.0
 11
753.13559877247
 21
79.68851797106779
 31
0.0
  0
LINE
  5
D2B
330
D0BE
100
AcDbEntity
  8
Struc_Section_Conc
 48
2.0
100
AcDbLine
 10
729.13559877247
 20
79.68851797106779
 30
0.0
 11
729.13559877247
 21
98.6885179710676
 31
0.0
  0
LINE
  5
D2C
330
D0BE
100
AcDbEntity
  8
Struc_Section_Conc
 48
2.0
100
AcDbLine
 10
753.13559877247
 20
79.68851797106779
 30
0.0
 11
753.13559877247
 21
98.6885179710676
 31
0.0
  0
LINE
  5
D2D
330
D0BE
100
AcDbEntity
  8
Structural_SteelBeam
100
AcDbLine
 10
741.2605987724701
 20
236.313517971068
 30
0.0
 11
741.2605987724701
 21
221.188517971068
 31
0.0
  0
LINE
  5
D2E
330
D0BE
100
AcDbEntity
  8
Structural_SteelBeam
100
AcDbLine
 10
741.01059877247
 20
236.313517971068
 30
0.0
 11
741.01059877247
 21
221.188517971068
 31
0.0
  0
LINE
  5
D2F
330
D0BE
100
AcDbEntity
  8
Structural_SteelBeam
100
AcDbLine
 10
743.88559877247
 20
220.813517971068
 30
0.0
 11
738.38559877247
 21
220.813517971068
 31
0.0
  0
LINE
  5
D30
330
D0BE
100
AcDbEntity
  8
Structural_SteelBeam
100
AcDbLine
 10
743.88559877247
 20
221.188517971068
 30
0.0
 11
741.2605987724701
 21
221.188517971068
 31
0.0
  0
LINE
  5
D31
330
D0BE
100
AcDbEntity
  8
Structural_SteelBeam
100
AcDbLine
 10
743.88559877247
 20
221.188517971068
 30
0.0
 11
743.88559877247
 21
220.813517971068
 31
0.0
  0
LINE
  5
D32
330
D0BE
100
AcDbEntity
  8
Structural_SteelBeam
100
AcDbLine
 10
741.01059877247
 20
221.188517971068
 30
0.0
 11
738.38559877247
 21
221.188517971068
 31
0.0
  0
LINE
  5
D33
330
D0BE
100
AcDbEntity
  8
Structural_SteelBeam
100
AcDbLine
 10
743.88559877247
 20
236.688517971068
 30
0.0
 11
738.38559877247
 21
236.688517971068
 31
0.0
  0
LINE
  5
D34
330
D0BE
100
AcDbEntity
  8
Structural_SteelBeam
100
AcDbLine
 10
743.88559877247
 20
236.688517971068
 30
0.0
 11
743.88559877247
 21
236.313517971068
 31
0.0
  0
LINE
  5
D35
330
D0BE
100
AcDbEntity
  8
Structural_SteelBeam
100
AcDbLine
 10
738.38559877247
 20
236.688517971068
 30
0.0
 11
738.38559877247
 21
236.313517971068
 31
0.0
  0
LINE
  5
D36
330
D0BE
100
AcDbEntity
  8
Structural_SteelBeam
100
AcDbLine
 10
743.88559877247
 20
236.313517971068
 30
0.0
 11
741.2605987724701
 21
236.313517971068
 31
0.0
  0
LINE
  5
D37
330
D0BE
100
AcDbEntity
  8
Structural_SteelBeam
100
AcDbLine
 10
741.01059877247
 20
236.313517971068
 30
0.0
 11
738.38559877247
 21
236.313517971068
 31
0.0
  0
LINE
  5
D38
330
D0BE
100
AcDbEntity
  8
Structural_SteelBeam
100
AcDbLine
 10
738.38559877247
 20
221.188517971068
 30
0.0
 11
738.38559877247
 21
220.813517971068
 31
0.0
  0
HATCH
  5
D39
330
D0BE
100
AcDbEntity
  8
Structural_SteelBeam
100
AcDbHatch
 10
0.0
 20
0.0
 30
0.0
210
0.0
220
0.0
230
1.0
  2
STEEL
 70
     0
 71
     0
 91
        2
 92
        7
 72
     0
 73
     1
 93
        8
 10
743.88559877247
 20
236.688517971068
 10
743.88559877247
 20
236.313517971068
 10
741.2605987724701
 20
236.313517971068
 10
741.2605987724701
 20
221.188517971068
 10
743.88559877247
 20
221.188517971068
 10
743.88559877247
 20
220.813517971068
 10
741.13559877247
 20
220.813517971068
 10
741.13559877247
 20
236.688517971068
 97
        0
 92
        7
 72
     0
 73
     1
 93
        8
 10
738.38559877247
 20
236.313517971068
 10
738.38559877247
 20
236.688517971068
 10
741.13559877247
 20
236.688517971068
 10
741.13559877247
 20
220.813517971068
 10
738.38559877247
 20
220.813517971068
 10
738.38559877247
 20
221.188517971068
 10
741.01059877247
 20
221.188517971068
 10
741.01059877247
 20
236.313517971068
 97
        0
 75
     0
 76
     1
 52
0.0
 41
1.0
 77
     0
 78
     2
 53
135.0
 43
811.7447777708679
 44
163.41203506201
 45
0.4419417382415921
 46
0.4419417382415921
 79
     0
 53
135.0
 43
811.5885277708681
 44
163.88078506201
 45
0.4419417382415921
 46
0.4419417382415921
 79
     0
 47
0.000001
 98
        0
  0
LINE
  5
D3A
330
D0BE
100
AcDbEntity
  8
Structural_Steel_Joist
100
AcDbLine
 10
687.451409394984
 20
234.520229478792
 30
0.0
 11
691.760598772469
 21
239.188517971068
 31
0.0
  0
LINE
  5
D3B
330
D0BE
100
AcDbEntity
  8
Structural_Steel_Joist
100
AcDbLine
 10
743.1355987724701
 20
240.688517971068
 30
0.0
 11
687.340158692519
 21
240.688517971068
 31
0.0
  0
LINE
  5
D3C
330
D0BE
100
AcDbEntity
  8
Structural_Steel_Joist
100
AcDbLine
 10
743.1355987724701
 20
240.313517971068
 30
0.0
 11
687.340158692519
 21
240.313517971068
 31
0.0
  0
LINE
  5
D3D
330
D0BE
100
AcDbEntity
  8
Structural_Steel_Joist
100
AcDbLine
 10
743.1355987724701
 20
239.188517971068
 30
0.0
 11
687.340158692519
 21
239.188517971068
 31
0.0
  0
LINE
  5
D3E
330
D0BE
100
AcDbEntity
  8
Structural_Steel_Joist
100
AcDbLine
 10
687.1639275972709
 20
228.408517971068
 30
0.0
 11
740.0105987724701
 21
228.408517971068
 31
0.0
  0
LINE
  5
D3F
330
D0BE
100
AcDbEntity
  8
Structural_Steel_Joist
100
AcDbLine
 10
687.1639275972709
 20
227.283517971068
 30
0.0
 11
740.0105987724709
 21
227.283517971068
 31
0.0
  0
LINE
  5
D40
330
D0BE
100
AcDbEntity
  8
Structural_Steel_Joist
100
AcDbLine
 10
687.1639275972709
 20
226.908517971068
 30
0.0
 11
740.0105987724701
 21
226.908517971068
 31
0.0
  0
LINE
  5
D41
330
D0BE
100
AcDbEntity
  8
Structural_Steel_Joist
100
AcDbLine
 10
703.7605987724701
 20
228.408517971067
 30
0.0
 11
715.760598772469
 21
239.188517971068
 31
0.0
  0
LINE
  5
D42
330
D0BE
100
AcDbEntity
  8
Structural_Steel_Joist
100
AcDbLine
 10
715.760598772469
 20
239.188517971068
 30
0.0
 11
727.76059877247
 21
228.408517971067
 31
0.0
  0
LINE
  5
D43
330
D0BE
100
AcDbEntity
  8
Structural_Steel_Joist
100
AcDbLine
 10
727.76059877247
 20
228.408517971067
 30
0.0
 11
739.1355987724701
 21
239.188517971068
 31
0.0
  0
LINE
  5
D44
330
D0BE
100
AcDbEntity
  8
Structural_Steel_Joist
100
AcDbLine
 10
691.760598772469
 20
239.188517971068
 30
0.0
 11
703.7605987724701
 21
228.408517971067
 31
0.0
  0
LINE
  5
D45
330
D0BE
100
AcDbEntity
  8
Structural_Steel_Joist
100
AcDbLine
 10
740.0105987724701
 20
228.408517971068
 30
0.0
 11
740.0105987724701
 21
226.908517971068
 31
0.0
  0
LINE
  5
D46
330
D0BE
100
AcDbEntity
  8
Structural_Steel_Joist
100
AcDbLine
 10
743.1355987724701
 20
236.688517971068
 30
0.0
 11
743.1355987724701
 21
240.688517971068
 31
0.0
  0
LINE
  5
D47
330
D0BE
100
AcDbEntity
  8
Structural_Steel_Joist
100
AcDbLine
 10
739.1355987724701
 20
236.688517971068
 30
0.0
 11
739.1355987724701
 21
239.188517971068
 31
0.0
  0
LINE
  5
D48
330
D0BE
100
AcDbEntity
  8
Structural_Steel_Joist
100
AcDbLine
 10
743.1355987724701
 20
236.688517971068
 30
0.0
 11
739.1355987724701
 21
236.688517971068
 31
0.0
  0
LINE
  5
D49
330
D0BE
100
AcDbEntity
  8
Structural_Steel_Joist
100
AcDbLine
 10
739.1355987724701
 20
237.063517971068
 30
0.0
 11
743.1355987724701
 21
237.063517971068
 31
0.0
  0
LINE
  5
D4A
330
D0BE
100
AcDbEntity
  8
Struc_Section_Conc
 48
2.0
100
AcDbLine
 10
728.1527541370098
 20
240.688517971068
 30
0.0
 11
725.105652450481
 21
240.688517971068
 31
0.0
  0
LINE
  5
D4B
330
D0BE
100
AcDbEntity
  8
L1
100
AcDbLine
 10
686.282774418905
 20
235.064581039438
 30
0.0
 11
688.926238549759
 21
233.833252305834
 31
0.0
  0
LINE
  5
D4C
330
D0BE
100
AcDbEntity
  8
L1
100
AcDbLine
 10
688.926238549759
 20
233.833252305834
 30
0.0
 11
687.1639275972709
 21
232.040034085667
 31
0.0
  0
LINE
  5
D4D
330
D0BE
100
AcDbEntity
  8
L1
100
AcDbLine
 10
687.1639275972709
 20
232.040034085667
 30
0.0
 11
687.1639275972709
 21
225.677465040244
 31
0.0
  0
LINE
  5
D4E
330
D0BE
100
AcDbEntity
  8
L1
100
AcDbLine
 10
687.340158692519
 20
236.648961343924
 30
0.0
 11
686.282774418905
 21
235.064581039438
 31
0.0
  0
LINE
  5
D4F
330
D0BE
100
AcDbEntity
  8
Structural_Steel_Deck
100
AcDbLine
 10
698.5277541370098
 20
240.688517971068
 30
0.0
 11
695.4806524504809
 21
240.688517971068
 31
0.0
  0
LINE
  5
D50
330
D0BE
100
AcDbEntity
  8
L1
100
AcDbLine
 10
687.340158692519
 20
245.088441493498
 30
0.0
 11
687.340158692519
 21
236.648961343924
 31
0.0
  0
LINE
  5
D51
330
D0BE
100
AcDbEntity
  8
Struc_Section_Conc
 48
2.0
100
AcDbLine
 10
707.0928614930279
 20
240.688517971068
 30
0.0
 11
713.3103078150169
 21
240.688517971068
 31
0.0
  0
LINE
  5
D52
330
D0BE
100
AcDbEntity
  8
Struc_Section_Conc
 48
2.0
100
AcDbLine
 10
707.0928614930279
 20
240.688517971068
 30
0.0
 11
706.047516857567
 21
241.733862606528
 31
0.0
  0
LINE
  5
D53
330
D0BE
100
AcDbEntity
  8
Struc_Section_Conc
 48
2.0
100
AcDbLine
 10
699.5730987724701
 20
241.733862606528
 30
0.0
 11
706.047516857567
 21
241.733862606528
 31
0.0
  0
LINE
  5
D54
330
D0BE
100
AcDbEntity
  8
Struc_Section_Conc
 48
2.0
100
AcDbLine
 10
713.3402541370099
 20
240.688517971068
 30
0.0
 11
714.38559877247
 21
241.733862606528
 31
0.0
  0
LINE
  5
D55
330
D0BE
100
AcDbEntity
  8
Struc_Section_Conc
 48
2.0
100
AcDbLine
 10
713.3402541370099
 20
240.688517971068
 30
0.0
 11
710.293152450481
 21
240.688517971068
 31
0.0
  0
LINE
  5
D56
330
D0BE
100
AcDbEntity
  8
Struc_Section_Conc
 48
2.0
100
AcDbLine
 10
692.280361493028
 20
240.688517971068
 30
0.0
 11
698.4978078150169
 21
240.688517971068
 31
0.0
  0
LINE
  5
D57
330
D0BE
100
AcDbEntity
  8
Struc_Section_Conc
 48
2.0
100
AcDbLine
 10
692.280361493028
 20
240.688517971068
 30
0.0
 11
691.2350168575669
 21
241.733862606528
 31
0.0
  0
LINE
  5
D58
330
D0BE
100
AcDbEntity
  8
Struc_Section_Conc
 48
2.0
100
AcDbLine
 10
687.340158692519
 20
241.733862606528
 30
0.0
 11
691.2350168575669
 21
241.733862606528
 31
0.0
  0
LINE
  5
D59
330
D0BE
100
AcDbEntity
  8
Struc_Section_Conc
 48
2.0
100
AcDbLine
 10
698.5277541370098
 20
240.688517971068
 30
0.0
 11
699.5730987724701
 21
241.733862606528
 31
0.0
  0
LINE
  5
D5A
330
D0BE
100
AcDbEntity
  8
Struc_Section_Conc
 48
2.0
100
AcDbLine
 10
698.5277541370098
 20
240.688517971068
 30
0.0
 11
695.4806524504809
 21
240.688517971068
 31
0.0
  0
LINE
  5
D5B
330
D0BE
100
AcDbEntity
  8
Struc_Section_Conc
 48
2.0
100
AcDbLine
 10
744.3855987724701
 20
240.688517971068
 30
0.0
 11
877.443730103659
 21
240.688517971068
 31
0.0
  0
LINE
  5
D5C
330
D0BE
100
AcDbEntity
  8
Struc_Section_Conc
 48
2.0
100
AcDbLine
 10
741.7605987724701
 20
225.063517971068
 30
0.0
 11
857.8474237518291
 21
225.063517971068
 31
0.0
  0
LINE
  5
D5D
330
D0BE
100
AcDbEntity
  8
Center
  6
CENTER
 48
5.0
100
AcDbLine
 10
789.1355987724709
 20
103.688517971068
 30
0.0
 11
789.1355987724709
 21
262.256269757085
 31
0.0
  0
LINE
  5
D5E
330
D0BE
100
AcDbEntity
  8
LAYER131A
100
AcDbLine
 10
893.135598772482
 20
240.688517971068
 30
0.0
 11
893.1355987724669
 21
112.74217985264
 31
0.0
  0
LINE
  5
D5F
330
D0BE
100
AcDbEntity
  8
LAYER131A
100
AcDbLine
 10
897.1355987724731
 20
240.688517971068
 30
0.0
 11
897.1355987724731
 21
103.688517971068
 31
0.0
  0
LINE
  5
D60
330
D0BE
100
AcDbEntity
  8
Struc_Section_Steel
 48
4.0
100
AcDbLine
 10
893.3855987724831
 20
240.688517971068
 30
0.0
 11
893.385598772466
 21
103.688517971068
 31
0.0
  0
LINE
  5
D61
330
D0BE
100
AcDbEntity
  8
Struc_Section_Steel
 48
4.0
100
AcDbLine
 10
896.885598772473
 20
240.688517971068
 30
0.0
 11
896.885598772473
 21
103.688517971068
 31
0.0
  0
LINE
  5
D62
330
D0BE
100
AcDbEntity
  8
Center
  6
CENTER
 48
5.0
100
AcDbLine
 10
895.1355987724699
 20
79.68851797106771
 30
0.0
 11
895.1355987724699
 21
240.688517971068
 31
0.0
  0
LWPOLYLINE
  5
D63
330
D0BE
100
AcDbEntity
  8
Struc_Section_BP
 48
2.0
100
AcDbPolyline
 90
        4
 70
     1
 43
0.0
 10
890.1355987724699
 20
102.938517971068
 10
900.13559877247
 20
102.938517971068
 10
900.13559877247
 20
103.688517971068
 10
890.1355987724699
 20
103.688517971068
  0
LINE
  5
D64
330
D0BE
100
AcDbEntity
  8
C-241-1
100
AcDbLine
 10
898.5095162982471
 20
105.410167455603
 30
0.0
 11
898.5095162982471
 21
104.368930342201
 31
0.0
  0
LINE
  5
D65
330
D0BE
100
AcDbEntity
  8
C-241-1
100
AcDbLine
 10
899.2616812467
 20
105.410167455603
 30
0.0
 11
899.2616812467
 21
104.368930342201
 31
0.0
  0
LINE
  5
D66
330
D0BE
100
AcDbEntity
  8
C-241-1
100
AcDbLine
 10
900.0065266075251
 20
103.874084981376
 30
0.0
 11
897.7646709374219
 21
103.874084981376
 31
0.0
  0
LINE
  5
D67
330
D0BE
100
AcDbEntity
  8
C-241-1
100
AcDbLine
 10
900.0065266075251
 20
103.688517971068
 30
0.0
 11
897.7646709374219
 21
103.688517971068
 31
0.0
  0
LINE
  5
D68
330
D0BE
100
AcDbEntity
  8
C-241-1
100
AcDbLine
 10
900.0065266075251
 20
103.874084981376
 30
0.0
 11
900.0065266075251
 21
103.688517971067
 31
0.0
  0
LINE
  5
D69
330
D0BE
100
AcDbEntity
  8
C-241-1
 48
10.0
100
AcDbLine
 10
898.509516298249
 20
104.3689303422
 30
0.0
 11
898.5095162982471
 21
84.6885179710676
 31
0.0
  0
LINE
  5
D6A
330
D0BE
100
AcDbEntity
  8
C-241-1
 48
10.0
100
AcDbLine
 10
899.2616812466961
 20
104.3689303422
 30
0.0
 11
899.2616812467019
 21
84.6885179710676
 31
0.0
  0
LINE
  5
D6B
330
D0BE
100
AcDbEntity
  8
C-241-1
 48
10.0
100
AcDbLine
 10
899.2616812467019
 20
84.6885179710676
 30
0.0
 11
898.5095162982471
 21
84.6885179710676
 31
0.0
  0
LINE
  5
D6C
330
D0BE
100
AcDbEntity
  8
C-241-1
100
AcDbLine
 10
899.756526607525
 20
104.368930342201
 30
0.0
 11
898.0146709374221
 21
104.368930342201
 31
0.0
  0
LINE
  5
D6D
330
D0BE
100
AcDbEntity
  8
C-241-1
100
AcDbLine
 10
899.756526607525
 20
104.368930342201
 30
0.0
 11
899.756526607525
 21
103.874084981376
 31
0.0
  0
LINE
  5
D6E
330
D0BE
100
AcDbEntity
  8
C-241-1
100
AcDbLine
 10
898.0146709374221
 20
104.368930342201
 30
0.0
 11
898.0146709374221
 21
103.874084981376
 31
0.0
  0
LINE
  5
D6F
330
D0BE
100
AcDbEntity
  8
C-241-1
100
AcDbLine
 10
899.2616812467
 20
105.410167455603
 30
0.0
 11
898.5095162982471
 21
105.410167455603
 31
0.0
  0
LINE
  5
D70
330
D0BE
100
AcDbEntity
  8
C-241-1
100
AcDbLine
 10
897.7646709374219
 20
103.874084981376
 30
0.0
 11
897.7646709374219
 21
103.688517971067
 31
0.0
  0
LINE
  5
D71
330
D0BE
100
AcDbEntity
  8
C-241-1
100
AcDbLine
 10
891.7616812466929
 20
105.410167455603
 30
0.0
 11
891.7616812466929
 21
104.368930342201
 31
0.0
  0
LINE
  5
D72
330
D0BE
100
AcDbEntity
  8
C-241-1
100
AcDbLine
 10
891.0095162982401
 20
105.410167455603
 30
0.0
 11
891.0095162982401
 21
104.368930342201
 31
0.0
  0
LINE
  5
D73
330
D0BE
100
AcDbEntity
  8
C-241-1
100
AcDbLine
 10
890.2646709374149
 20
103.874084981376
 30
0.0
 11
892.5065266075179
 21
103.874084981376
 31
0.0
  0
LINE
  5
D74
330
D0BE
100
AcDbEntity
  8
C-241-1
100
AcDbLine
 10
890.2646709374149
 20
103.688517971068
 30
0.0
 11
892.5065266075179
 21
103.688517971068
 31
0.0
  0
LINE
  5
D75
330
D0BE
100
AcDbEntity
  8
C-241-1
 48
10.0
100
AcDbLine
 10
891.761681246691
 20
104.3689303422
 30
0.0
 11
891.7616812466929
 21
84.6885179710676
 31
0.0
  0
LINE
  5
D76
330
D0BE
100
AcDbEntity
  8
C-241-1
 48
10.0
100
AcDbLine
 10
891.009516298244
 20
104.3689303422
 30
0.0
 11
891.0095162982381
 21
84.6885179710676
 31
0.0
  0
LINE
  5
D77
330
D0BE
100
AcDbEntity
  8
C-241-1
 48
10.0
100
AcDbLine
 10
891.0095162982381
 20
84.6885179710676
 30
0.0
 11
891.7616812466929
 21
84.6885179710676
 31
0.0
  0
LINE
  5
D78
330
D0BE
100
AcDbEntity
  8
C-241-1
100
AcDbLine
 10
890.5146709374148
 20
104.368930342201
 30
0.0
 11
892.256526607518
 21
104.368930342201
 31
0.0
  0
LINE
  5
D79
330
D0BE
100
AcDbEntity
  8
C-241-1
100
AcDbLine
 10
890.5146709374148
 20
104.368930342201
 30
0.0
 11
890.5146709374148
 21
103.874084981376
 31
0.0
  0
LINE
  5
D7A
330
D0BE
100
AcDbEntity
  8
C-241-1
100
AcDbLine
 10
892.256526607518
 20
104.368930342201
 30
0.0
 11
892.256526607518
 21
103.874084981376
 31
0.0
  0
LINE
  5
D7B
330
D0BE
100
AcDbEntity
  8
C-241-1
100
AcDbLine
 10
891.0095162982401
 20
105.410167455603
 30
0.0
 11
891.7616812466929
 21
105.410167455603
 31
0.0
  0
LINE
  5
D7C
330
D0BE
100
AcDbEntity
  8
C-241-1
100
AcDbLine
 10
892.5065266075179
 20
103.874084981376
 30
0.0
 11
892.5065266075179
 21
103.688517971067
 31
0.0
  0
LINE
  5
D7D
330
D0BE
100
AcDbEntity
  8
C-241-1
100
AcDbLine
 10
890.2646709374149
 20
103.874084981376
 30
0.0
 11
890.2646709374149
 21
103.688517971067
 31
0.0
  0
LINE
  5
D7E
330
D0BE
100
AcDbEntity
  8
Struc_Section_Conc
 48
2.0
100
AcDbLine
 10
883.13559877247
 20
79.68851797106771
 30
0.0
 11
907.1355987724698
 21
79.68851797106779
 31
0.0
  0
LINE
  5
D7F
330
D0BE
100
AcDbEntity
  8
Struc_Section_Conc
 48
2.0
100
AcDbLine
 10
883.13559877247
 20
79.68851797106771
 30
0.0
 11
883.13559877247
 21
98.6885179710676
 31
0.0
  0
LINE
  5
D80
330
D0BE
100
AcDbEntity
  8
Struc_Section_Conc
 48
2.0
100
AcDbLine
 10
907.1355987724698
 20
79.68851797106779
 30
0.0
 11
907.1355987724698
 21
98.68851797106751
 31
0.0
  0
LINE
  5
D81
330
D0BE
100
AcDbEntity
  8
Struc_Section_Steel
 48
4.0
100
AcDbLine
 10
893.1355987724669
 20
112.74217985264
 30
0.0
 11
893.1355987724659
 21
103.688517971068
 31
0.0
  0
LINE
  5
D82
330
D0BE
100
AcDbEntity
  8
Struc_Section_Conc
 48
2.0
100
AcDbLine
 10
741.7605987724701
 20
235.813517971068
 30
0.0
 11
741.7605987724701
 21
225.063517971068
 31
0.0
  0
LINE
  5
D83
330
D0BE
100
AcDbEntity
  8
Struc_Section_Conc
 48
2.0
100
AcDbLine
 10
744.3855987724701
 20
240.688517971068
 30
0.0
 11
744.3855987724701
 21
235.813517971068
 31
0.0
  0
LINE
  5
D84
330
D0BE
100
AcDbEntity
  8
Struc_Section_Conc
 48
2.0
100
AcDbLine
 10
744.3855987724701
 20
240.313517971068
 30
0.0
 11
882.1825301348068
 21
240.313517971068
 31
0.0
  0
LINE
  5
D85
330
D0BE
100
AcDbEntity
  8
Struc_Section_Conc
 48
2.0
100
AcDbLine
 10
741.7605987724701
 20
225.438517971068
 30
0.0
 11
858.4458280071491
 21
225.438517971068
 31
0.0
  0
LINE
  5
D86
330
D0BE
100
AcDbEntity
  8
Struc_Section_Conc
 48
2.0
100
AcDbLine
 10
744.0105987724701
 20
240.688517971068
 30
0.0
 11
882.7809343901261
 21
240.688517971068
 31
0.0
  0
LINE
  5
D87
330
D0BE
100
AcDbEntity
  8
Struc_Section_Conc
 48
2.0
100
AcDbLine
 10
744.3855987724701
 20
235.813517971068
 30
0.0
 11
741.7605987724701
 21
235.813517971068
 31
0.0
  0
LINE
  5
D88
330
D0BE
100
AcDbEntity
  8
Struc_Section_Conc
 48
2.0
100
AcDbLine
 10
877.234944005881
 20
225.438517971068
 30
0.0
 11
892.6355987724809
 21
225.438517971068
 31
0.0
  0
LINE
  5
D89
330
D0BE
100
AcDbEntity
  8
Struc_Section_Conc
 48
2.0
100
AcDbLine
 10
876.6365397505619
 20
225.063517971068
 30
0.0
 11
892.6355987724809
 21
225.063517971068
 31
0.0
  0
LINE
  5
D8A
330
D0BE
100
AcDbEntity
  8
Struc_Section_Conc
 48
2.0
100
AcDbLine
 10
891.6355987724719
 20
240.313517971068
 30
0.0
 11
892.635598772482
 21
240.313517971068
 31
0.0
  0
INSERT
  5
D8B
330
D0BE
100
AcDbEntity
  8
Struc_Section_Steel
 48
2.0
100
AcDbBlockReference
  2
C250X23
 10
787.855598772471
 20
160.188517971066
 30
0.0
  0
INSERT
  5
D8C
330
D0BE
100
AcDbEntity
  8
Struc_Section_Steel
 48
2.0
100
AcDbBlockReference
  2
C250X23
 10
742.41559877247
 20
160.188517971066
 30
0.0
 41
-1.0
  0
LINE
  5
D8D
330
D0BE
100
AcDbEntity
  8
Struc_Section_Steel
 48
2.0
100
AcDbLine
 10
787.2605987724718
 20
169.938517971066
 30
0.0
 11
743.135598772473
 21
169.938517971066
 31
0.0
  0
LINE
  5
D8E
330
D0BE
100
AcDbEntity
  8
Struc_Section_Steel
 48
10.0
100
AcDbLine
 10
787.855598772471
 20
174.188517971066
 30
0.0
 11
787.855598772471
 21
170.188517971066
 31
0.0
  0
LWPOLYLINE
  5
D8F
330
D0BE
100
AcDbEntity
  8
LAYER131A
100
AcDbPolyline
 90
        4
 70
     0
 43
0.0
 10
881.3855987724769
 20
229.588517971067
 10
881.385598772475
 20
230.588517971067
 10
869.135598772473
 20
230.588517971067
 10
869.135598772473
 20
229.588517971067
  0
LINE
  5
D90
330
D0BE
100
AcDbEntity
  8
Struc_Section_Steel
 48
2.0
100
AcDbLine
 10
787.855598772478
 20
181.201974317337
 30
0.0
 11
889.1639131135301
 21
244.688517971068
 31
0.0
  0
LINE
  5
D91
330
D0BE
100
AcDbEntity
  8
Struc_Section_Steel
 48
2.0
100
AcDbLine
 10
793.8572844314141
 20
173.188517971065
 30
0.0
 11
891.6355987724719
 21
234.462928291465
 31
0.0
  0
LINE
  5
D92
330
D0BE
100
AcDbEntity
  8
Struc_Section_Steel
 48
2.0
100
AcDbLine
 10
891.6355987724719
 20
244.688517971068
 30
0.0
 11
891.6355987724719
 21
235.089594958132
 31
0.0
  0
LINE
  5
D93
330
D0BE
100
AcDbEntity
  8
Struc_Section_Steel
 48
2.0
100
AcDbLine
 10
792.261539750561
 20
174.188517971066
 30
0.0
 11
893.6355987724699
 21
110.660774317338
 31
0.0
  0
LINE
  5
D94
330
D0BE
100
AcDbEntity
  8
Struc_Section_Steel
 48
2.0
100
AcDbLine
 10
885.972423751828
 20
103.688517971068
 30
0.0
 11
788.595598772471
 21
164.71132829146
 31
0.0
  0
LINE
  5
D95
330
D0BE
100
AcDbEntity
  8
Struc_Section_Steel
 48
2.0
100
AcDbLine
 10
787.855598772471
 20
170.188517971066
 30
0.0
 11
742.41559877247
 21
170.188517971066
 31
0.0
  0
LINE
  5
D96
330
D0BE
100
AcDbEntity
  8
Struc_Section_Steel
 48
2.0
100
AcDbLine
 10
791.555343848006
 20
174.188517971066
 30
0.0
 11
893.2605987724699
 21
110.453224885071
 31
0.0
  0
LINE
  5
D97
330
D0BE
100
AcDbEntity
  8
Struc_Section_Steel
 48
2.0
100
AcDbLine
 10
886.678619654382
 20
103.688517971068
 30
0.0
 11
788.595598772471
 21
165.153877723727
 31
0.0
  0
LINE
  5
D98
330
D0BE
100
AcDbEntity
  8
Struc_Section_Steel
 48
2.0
100
AcDbLine
 10
893.2605987724739
 20
103.688517971068
 30
0.0
 11
893.2605987724699
 21
110.453224885071
 31
0.0
  0
LINE
  5
D99
330
D0BE
100
AcDbEntity
  8
Struc_Section_Steel
 48
2.0
100
AcDbLine
 10
893.2605987724699
 20
110.453224885071
 30
0.0
 11
893.6355987724699
 21
110.660774317338
 31
0.0
  0
LINE
  5
D9A
330
D0BE
100
AcDbEntity
  8
Struc_Section_Steel
 48
10.0
100
AcDbLine
 10
787.8555987724769
 20
180.75942488507
 30
0.0
 11
889.271704760765
 21
244.313517971068
 31
0.0
  0
LINE
  5
D9B
330
D0BE
100
AcDbEntity
  8
Struc_Section_Steel
 48
10.0
100
AcDbLine
 10
793.504186480137
 20
173.409792687198
 30
0.0
 11
891.6355987724719
 21
234.905477723732
 31
0.0
  0
LINE
  5
D9C
330
D0BE
100
AcDbEntity
  8
Struc_Section_Steel
 48
10.0
100
AcDbLine
 10
891.6355987724719
 20
244.313517971068
 30
0.0
 11
889.271704760765
 21
244.313517971068
 31
0.0
  0
LINE
  5
D9D
330
D0BE
100
AcDbEntity
  8
Struc_Section_Steel
 48
2.0
100
AcDbLine
 10
889.1639131135301
 20
244.688517971068
 30
0.0
 11
889.271704760765
 21
244.313517971068
 31
0.0
  0
LINE
  5
D9E
330
D0BE
100
AcDbEntity
  8
LAYER131A
100
AcDbLine
 10
1178.83285123111
 20
219.999682885226
 30
0.0
 11
1178.83285123113
 21
95.74968288521249
 31
0.0
  0
LINE
  5
D9F
330
D0BE
100
AcDbEntity
  8
LAYER131A
100
AcDbLine
 10
1175.33285123112
 20
219.999682885226
 30
0.0
 11
1175.33285123112
 21
95.74968288521249
 31
0.0
  0
LINE
  5
DA0
330
D0BE
100
AcDbEntity
  8
Struc_Section_Steel
 48
4.0
100
AcDbLine
 10
1178.58285123111
 20
219.999682885226
 30
0.0
 11
1178.58285123113
 21
95.74968288521249
 31
0.0
  0
LINE
  5
DA1
330
D0BE
100
AcDbEntity
  8
Struc_Section_Steel
 48
4.0
100
AcDbLine
 10
1175.58285123112
 20
219.999682885226
 30
0.0
 11
1175.58285123112
 21
95.74968288521249
 31
0.0
  0
INSERT
  5
DA2
330
D0BE
100
AcDbEntity
  8
Struc_Section_Dim
100
AcDbBlockReference
  2
OUTSTANDINGCONN1
 10
1178.83285123112
 20
153.492182885223
 30
0.0
  0
LINE
  5
DA3
330
D0BE
100
AcDbEntity
  8
Struc_Section_Dim
 48
2.0
100
AcDbLine
 10
1189.08285123112
 20
86.99968288522439
 30
0.0
 11
1165.08285123112
 21
86.99968288522459
 31
0.0
  0
LINE
  5
DA4
330
D0BE
100
AcDbEntity
  8
Struc_Section_Steel
 48
2.0
100
AcDbLine
 10
1165.08285123112
 20
89.9996828852244
 30
0.0
 11
1165.08285123112
 21
86.99968288522459
 31
0.0
  0
LINE
  5
DA5
330
D0BE
100
AcDbEntity
  8
Struc_Section_Dim
 48
2.0
100
AcDbLine
 10
1189.08285123112
 20
89.99968288522429
 30
0.0
 11
1189.08285123112
 21
86.99968288522439
 31
0.0
  0
LINE
  5
DA6
330
D0BE
100
AcDbEntity
  8
Struc_Section_Dim
 48
2.0
100
AcDbLine
 10
1165.08285123112
 20
89.9996828852244
 30
0.0
 11
1165.08285123112
 21
86.99968288522459
 31
0.0
  0
LINE
  5
DA7
330
D0BE
100
AcDbEntity
  8
Struc_Section_Dim
 48
2.0
100
AcDbLine
 10
1165.08285123112
 20
89.99968288522429
 30
0.0
 11
1157.79530962614
 21
89.9996828852244
 31
0.0
  0
LINE
  5
DA8
330
D0BE
100
AcDbEntity
  8
C-241-1
100
AcDbLine
 10
1176.83176875689
 20
97.47133236974779
 30
0.0
 11
1176.83176875689
 21
96.43009525634621
 31
0.0
  0
LINE
  5
DA9
330
D0BE
100
AcDbEntity
  8
C-241-1
100
AcDbLine
 10
1177.58393370535
 20
97.47133236974779
 30
0.0
 11
1177.58393370535
 21
96.43009525634621
 31
0.0
  0
LINE
  5
DAA
330
D0BE
100
AcDbEntity
  8
C-241-1
100
AcDbLine
 10
1178.32877906617
 20
95.93524989552129
 30
0.0
 11
1176.08692339607
 21
95.93524989552129
 31
0.0
  0
LINE
  5
DAB
330
D0BE
100
AcDbEntity
  8
C-241-1
100
AcDbLine
 10
1178.32877906617
 20
95.7496828852126
 30
0.0
 11
1176.08692339607
 21
95.7496828852126
 31
0.0
  0
LINE
  5
DAC
330
D0BE
100
AcDbEntity
  8
C-241-1
100
AcDbLine
 10
1178.32877906617
 20
95.93524989552129
 30
0.0
 11
1178.32877906617
 21
95.74968288521169
 31
0.0
  0
LINE
  5
DAD
330
D0BE
100
AcDbEntity
  8
C-241-1
 48
2.0
100
AcDbLine
 10
1176.83176875689
 20
96.4300952563453
 30
0.0
 11
1176.83176875689
 21
90.49968288522441
 31
0.0
  0
LINE
  5
DAE
330
D0BE
100
AcDbEntity
  8
C-241-1
 48
2.0
100
AcDbLine
 10
1177.583933705339
 20
96.4300952563453
 30
0.0
 11
1177.583933705339
 21
90.49968288522508
 31
0.0
  0
LINE
  5
DAF
330
D0BE
100
AcDbEntity
  8
C-241-1
100
AcDbLine
 10
1178.07877906617
 20
96.43009525634621
 30
0.0
 11
1176.33692339607
 21
96.43009525634621
 31
0.0
  0
LINE
  5
DB0
330
D0BE
100
AcDbEntity
  8
C-241-1
100
AcDbLine
 10
1178.07877906617
 20
96.43009525634621
 30
0.0
 11
1178.07877906617
 21
95.93524989552129
 31
0.0
  0
LINE
  5
DB1
330
D0BE
100
AcDbEntity
  8
C-241-1
100
AcDbLine
 10
1176.33692339607
 20
96.43009525634621
 30
0.0
 11
1176.33692339607
 21
95.93524989552129
 31
0.0
  0
LINE
  5
DB2
330
D0BE
100
AcDbEntity
  8
C-241-1
100
AcDbLine
 10
1177.58393370535
 20
97.47133236974779
 30
0.0
 11
1176.83176875689
 21
97.47133236974779
 31
0.0
  0
LINE
  5
DB3
330
D0BE
100
AcDbEntity
  8
C-241-1
100
AcDbLine
 10
1176.08692339607
 20
95.93524989552129
 30
0.0
 11
1176.08692339607
 21
95.74968288521169
 31
0.0
  0
LWPOLYLINE
  5
DB4
330
D0BE
100
AcDbEntity
  8
Struc_Section_BP
 48
2.0
100
AcDbPolyline
 90
        4
 70
     1
 43
0.0
 10
1174.70785123112
 20
94.99968288521259
 10
1179.70785123112
 20
94.99968288521259
 10
1179.70785123112
 20
95.7496828852126
 10
1174.70785123112
 20
95.7496828852126
  0
LINE
  5
DB5
330
D0BE
100
AcDbEntity
  8
C-241-1
 48
2.0
100
AcDbLine
 10
1176.08393370534
 20
88.99968288522471
 30
0.0
 11
1174.58393370534
 21
88.99968288522471
 31
0.0
  0
LINE
  5
DB6
330
D0BE
100
AcDbEntity
  8
C-241-1
 48
2.0
100
AcDbLine
 10
1176.08176875689
 20
89.74968288522459
 30
0.0
 11
1174.58393370534
 21
89.7496828852247
 31
0.0
  0
LINE
  5
DB7
330
D0BE
100
AcDbEntity
  8
C-241-1
 48
2.0
100
AcDbLine
 10
1174.58393370534
 20
89.7496828852247
 30
0.0
 11
1174.58393370534
 21
88.99968288522458
 31
0.0
  0
ARC
  5
DB8
330
D0BE
100
AcDbEntity
  8
C-241-1
 48
2.0
100
AcDbCircle
 10
1176.08176875689
 20
90.49968288522459
 30
0.0
 40
0.75
100
AcDbArc
 50
270.0
 51
359.999999999994
  0
ARC
  5
DB9
330
D0BE
100
AcDbEntity
  8
C-241-1
 48
2.0
100
AcDbCircle
 10
1176.08393370534
 20
90.49968288522469
 30
0.0
 40
1.5
100
AcDbArc
 50
270.0
 51
0.0000000000162844
  0
LINE
  5
DBA
330
D0BE
100
AcDbEntity
  8
Struc_Section_Conc
 48
20.0
100
AcDbLine
 10
1180.45785123112
 20
151.624682885223
 30
0.0
 11
1180.45785123112
 21
165.499682885223
 31
0.0
  0
LINE
  5
DBB
330
D0BE
100
AcDbEntity
  8
Struc_Section_Conc
 48
20.0
100
AcDbLine
 10
1224.20785123112
 20
151.624682885223
 30
0.0
 11
1224.20785123112
 21
165.499682885223
 31
0.0
  0
LINE
  5
DBC
330
D0BE
100
AcDbEntity
  8
Struc_Section_Conc
 48
2.0
100
AcDbLine
 10
897.635598772473
 20
225.438517971068
 30
0.0
 11
952.7371005985859
 21
225.438517971068
 31
0.0
  0
LINE
  5
DBD
330
D0BE
100
AcDbEntity
  8
Struc_Section_Conc
 48
2.0
100
AcDbLine
 10
897.635598772473
 20
225.063517971068
 30
0.0
 11
952.7371005985859
 21
225.063517971068
 31
0.0
  0
LINE
  5
DBE
330
D0BE
100
AcDbEntity
  8
Struc_Section_Conc
 48
2.0
100
AcDbLine
 10
897.635598772473
 20
240.313517971068
 30
0.0
 11
952.6981755092251
 21
240.313517971068
 31
0.0
  0
LINE
  5
DBF
330
D0BE
100
AcDbEntity
  8
LAYER131A
100
AcDbLine
 10
892.635598772482
 20
240.688517971068
 30
0.0
 11
892.6355987724809
 21
225.063517971068
 31
0.0
  0
LINE
  5
DC0
330
D0BE
100
AcDbEntity
  8
LAYER131A
100
AcDbLine
 10
897.635598772473
 20
240.688517971068
 30
0.0
 11
897.635598772473
 21
225.063517971068
 31
0.0
  0
LINE
  5
DC1
330
D0BE
100
AcDbEntity
  8
LAYER131A
100
AcDbLine
 10
790.7605987724639
 20
225.063517971068
 30
0.0
 11
790.760598772469
 21
183.022440983999
 31
0.0
  0
LINE
  5
DC2
330
D0BE
100
AcDbEntity
  8
LAYER131A
100
AcDbLine
 10
787.2605987724718
 20
225.063517971068
 30
0.0
 11
787.2605987724718
 21
104.438517971068
 31
0.0
  0
LINE
  5
DC3
330
D0BE
100
AcDbEntity
  8
Struc_Section_Steel
 48
4.0
100
AcDbLine
 10
790.510598772463
 20
225.063517971068
 30
0.0
 11
790.5105987724679
 21
182.865774317332
 31
0.0
  0
LINE
  5
DC4
330
D0BE
100
AcDbEntity
  8
Struc_Section_Steel
 48
4.0
100
AcDbLine
 10
787.5105987724719
 20
225.063517971068
 30
0.0
 11
787.5105987724719
 21
104.438517971068
 31
0.0
  0
LINE
  5
DC5
330
D0BE
100
AcDbEntity
  8
Struc_Section_Conc
 48
2.0
100
AcDbLine
 10
801.0105987724749
 20
93.6885179710676
 30
0.0
 11
777.010598772475
 21
93.68851797106769
 31
0.0
  0
LINE
  5
DC6
330
D0BE
100
AcDbEntity
  8
Struc_Section_Steel
 48
2.0
100
AcDbLine
 10
777.010598772475
 20
96.68851797106761
 30
0.0
 11
777.010598772475
 21
93.68851797106769
 31
0.0
  0
LINE
  5
DC7
330
D0BE
100
AcDbEntity
  8
Struc_Section_Conc
 48
2.0
100
AcDbLine
 10
801.0105987724749
 20
98.6885179710676
 30
0.0
 11
801.0105987724749
 21
93.6885179710676
 31
0.0
  0
LINE
  5
DC8
330
D0BE
100
AcDbEntity
  8
Struc_Section_Conc
 48
2.0
100
AcDbLine
 10
777.010598772475
 20
98.6885179710676
 30
0.0
 11
777.010598772475
 21
93.68851797106769
 31
0.0
  0
LINE
  5
DC9
330
D0BE
100
AcDbEntity
  8
C-241-1
100
AcDbLine
 10
788.759516298244
 20
106.160167455603
 30
0.0
 11
788.759516298244
 21
105.118930342201
 31
0.0
  0
LINE
  5
DCA
330
D0BE
100
AcDbEntity
  8
C-241-1
100
AcDbLine
 10
789.511681246698
 20
106.160167455603
 30
0.0
 11
789.511681246698
 21
105.118930342201
 31
0.0
  0
LINE
  5
DCB
330
D0BE
100
AcDbEntity
  8
C-241-1
100
AcDbLine
 10
790.256526607523
 20
104.624084981376
 30
0.0
 11
788.0146709374189
 21
104.624084981376
 31
0.0
  0
LINE
  5
DCC
330
D0BE
100
AcDbEntity
  8
C-241-1
100
AcDbLine
 10
790.256526607523
 20
104.438517971068
 30
0.0
 11
788.0146709374189
 21
104.438517971068
 31
0.0
  0
LINE
  5
DCD
330
D0BE
100
AcDbEntity
  8
C-241-1
100
AcDbLine
 10
790.256526607523
 20
104.624084981376
 30
0.0
 11
790.256526607523
 21
104.438517971067
 31
0.0
  0
LINE
  5
DCE
330
D0BE
100
AcDbEntity
  8
C-241-1
 48
2.0
100
AcDbLine
 10
788.759516298246
 20
105.1189303422
 30
0.0
 11
788.759516298246
 21
99.18851797107951
 31
0.0
  0
LINE
  5
DCF
330
D0BE
100
AcDbEntity
  8
C-241-1
 48
2.0
100
AcDbLine
 10
789.511681246694
 20
105.1189303422
 30
0.0
 11
789.5116812466961
 21
99.1885179710802
 31
0.0
  0
LINE
  5
DD0
330
D0BE
100
AcDbEntity
  8
C-241-1
100
AcDbLine
 10
790.006526607523
 20
105.118930342201
 30
0.0
 11
788.2646709374189
 21
105.118930342201
 31
0.0
  0
LINE
  5
DD1
330
D0BE
100
AcDbEntity
  8
C-241-1
100
AcDbLine
 10
790.006526607523
 20
105.118930342201
 30
0.0
 11
790.006526607523
 21
104.624084981376
 31
0.0
  0
LINE
  5
DD2
330
D0BE
100
AcDbEntity
  8
C-241-1
100
AcDbLine
 10
788.2646709374189
 20
105.118930342201
 30
0.0
 11
788.2646709374189
 21
104.624084981376
 31
0.0
  0
LINE
  5
DD3
330
D0BE
100
AcDbEntity
  8
C-241-1
100
AcDbLine
 10
789.511681246698
 20
106.160167455603
 30
0.0
 11
788.759516298244
 21
106.160167455603
 31
0.0
  0
LINE
  5
DD4
330
D0BE
100
AcDbEntity
  8
C-241-1
100
AcDbLine
 10
788.0146709374189
 20
104.624084981376
 30
0.0
 11
788.0146709374189
 21
104.438517971067
 31
0.0
  0
LWPOLYLINE
  5
DD5
330
D0BE
100
AcDbEntity
  8
Struc_Section_BP
 48
2.0
100
AcDbPolyline
 90
        4
 70
     1
 43
0.0
 10
786.635598772471
 20
103.688517971068
 10
791.635598772471
 20
103.688517971068
 10
791.635598772471
 20
104.438517971068
 10
786.635598772471
 20
104.438517971068
  0
LINE
  5
DD6
330
D0BE
100
AcDbEntity
  8
C-241-1
 48
2.0
100
AcDbLine
 10
788.011681246696
 20
97.68851797107979
 30
0.0
 11
786.511681246696
 21
97.68851797107979
 31
0.0
  0
LINE
  5
DD7
330
D0BE
100
AcDbEntity
  8
C-241-1
 48
2.0
100
AcDbLine
 10
788.009516298246
 20
98.43851797107959
 30
0.0
 11
786.511681246696
 21
98.4385179710798
 31
0.0
  0
LINE
  5
DD8
330
D0BE
100
AcDbEntity
  8
C-241-1
 48
2.0
100
AcDbLine
 10
786.511681246696
 20
98.4385179710798
 30
0.0
 11
786.511681246696
 21
97.68851797107959
 31
0.0
  0
ARC
  5
DD9
330
D0BE
100
AcDbEntity
  8
C-241-1
 48
2.0
100
AcDbCircle
 10
788.009516298246
 20
99.1885179710796
 30
0.0
 40
0.75
100
AcDbArc
 50
270.0
 51
359.999999999994
  0
ARC
  5
DDA
330
D0BE
100
AcDbEntity
  8
C-241-1
 48
2.0
100
AcDbCircle
 10
788.011681246696
 20
99.18851797107979
 30
0.0
 40
1.5
100
AcDbArc
 50
270.0
 51
0.0000000000162844
  0
LINE
  5
DDB
330
D0BE
100
AcDbEntity
  8
Struc_Section_Conc
 48
2.0
100
AcDbLine
 10
703.416800688714
 20
98.6885179710676
 30
0.0
 11
951.737100598587
 21
98.68851797106771
 31
0.0
  0
LINE
  5
DDC
330
D0BE
100
AcDbEntity
  8
Struc_Section_Steel
 48
4.0
100
AcDbLine
 10
790.5105987724709
 20
164.941153225277
 30
0.0
 11
790.510598772478
 21
104.438517971068
 31
0.0
  0
LINE
  5
DDD
330
D0BE
100
AcDbEntity
  8
LAYER131A
100
AcDbLine
 10
790.760598772471
 20
164.906776948081
 30
0.0
 11
790.760598772478
 21
104.438517971068
 31
0.0
  0
LINE
  5
DDE
330
D0BE
100
AcDbEntity
  8
Struc_Section_Steel
 48
2.0
100
AcDbLine
 10
788.595598772471
 20
169.677265212322
 30
0.0
 11
788.595598772471
 21
164.71132829146
 31
0.0
  0
LINE
  5
DDF
330
D0BE
100
AcDbEntity
  8
Struc_Section_Conc
 48
2.0
100
AcDbLine
 10
787.855598772471
 20
174.188517971066
 30
0.0
 11
739.855598772467
 21
174.188517971066
 31
0.0
  0
LINE
  5
DE0
330
D0BE
100
AcDbEntity
  8
Structural_Section_StAngle
 48
5.0
100
AcDbLine
 10
790.4155987724709
 20
170.188517971066
 30
0.0
 11
786.4155987724709
 21
170.188517971066
 31
0.0
  0
LINE
  5
DE1
330
D0BE
100
AcDbEntity
  8
Structural_Section_StAngle
 48
5.0
100
AcDbLine
 10
790.4155987724709
 20
170.188517971066
 30
0.0
 11
790.415598772474
 21
174.188517971065
 31
0.0
  0
LINE
  5
DE2
330
D0BE
100
AcDbEntity
  8
Structural_Section_StAngle
 48
5.0
100
AcDbLine
 10
790.040598772471
 20
170.563517971066
 30
0.0
 11
790.040598772471
 21
173.813517971065
 31
0.0
  0
LINE
  5
DE3
330
D0BE
100
AcDbEntity
  8
Structural_Section_StAngle
 48
5.0
100
AcDbLine
 10
790.040598772471
 20
170.563517971066
 30
0.0
 11
786.7905987724709
 21
170.563517971066
 31
0.0
  0
ARC
  5
DE4
330
D0BE
100
AcDbEntity
  8
Structural_Section_StAngle
 48
5.0
100
AcDbCircle
 10
786.7905987724709
 20
170.188517971066
 30
0.0
 40
0.375
100
AcDbArc
 50
90.0
 51
180.0
  0
LINE
  5
DE5
330
D0BE
100
AcDbEntity
  8
Structural_Section_StAngle
100
AcDbLine
 10
790.4155987724709
 20
174.188517971066
 30
0.0
 11
790.415598772474
 21
174.188517971065
 31
0.0
  0
ARC
  5
DE6
330
D0BE
100
AcDbEntity
  8
Structural_Section_StAngle
 48
5.0
100
AcDbCircle
 10
790.4155987724709
 20
173.813517971066
 30
0.0
 40
0.375
100
AcDbArc
 50
89.99999999989581
 51
180.000000000052
  0
HATCH
  5
DE7
330
D0BE
100
AcDbEntity
  8
Structural_Section_StAngle
100
AcDbHatch
 10
0.0
 20
0.0
 30
0.0
210
0.0
220
0.0
230
1.0
  2
STEEL
 70
     0
 71
     0
 91
        1
 92
        7
 72
     1
 73
     1
 93
        6
 10
786.7905987724709
 20
170.563517971066
 42
0.4142135679721831
 10
786.4155987724709
 20
170.188517971066
 42
0.0
 10
790.4155987724709
 20
170.188517971066
 42
0.0
 10
790.415598772474
 20
174.188517971066
 42
0.4142135679721831
 10
790.040598772471
 20
173.813517971066
 42
0.0
 10
790.040598772471
 20
170.563517971066
 42
0.0
 97
        0
 75
     0
 76
     1
 52
0.0
 41
1.0
 77
     0
 78
     2
 53
135.0
 43
6946.76633226055
 44
-5985.63516356139
 45
0.265165042944955
 46
0.265165042944955
 79
     0
 53
135.0
 43
6946.672582260551
 44
-5985.88424364728
 45
0.265165042944955
 46
0.265165042944955
 79
     0
 47
0.000001
 98
        0
  0
LINE
  5
DE8
330
D0BE
100
AcDbEntity
  8
Structural_Section_StAngle
 48
5.0
100
AcDbLine
 10
739.8555987724701
 20
170.188517971066
 30
0.0
 11
743.8555987724701
 21
170.188517971066
 31
0.0
  0
LINE
  5
DE9
330
D0BE
100
AcDbEntity
  8
Structural_Section_StAngle
 48
5.0
100
AcDbLine
 10
739.8555987724701
 20
170.188517971066
 30
0.0
 11
739.855598772467
 21
174.188517971065
 31
0.0
  0
LINE
  5
DEA
330
D0BE
100
AcDbEntity
  8
Structural_Section_StAngle
 48
5.0
100
AcDbLine
 10
740.2305987724701
 20
170.563517971066
 30
0.0
 11
740.2305987724701
 21
173.813517971065
 31
0.0
  0
LINE
  5
DEB
330
D0BE
100
AcDbEntity
  8
Structural_Section_StAngle
 48
5.0
100
AcDbLine
 10
740.2305987724701
 20
170.563517971066
 30
0.0
 11
743.4805987724701
 21
170.563517971066
 31
0.0
  0
ARC
  5
DEC
330
D0BE
100
AcDbEntity
  8
Structural_Section_StAngle
 48
5.0
100
AcDbCircle
 10
743.4805987724701
 20
170.188517971066
 30
0.0
 40
0.375
100
AcDbArc
 50
0.0
 51
90.0
  0
LINE
  5
DED
330
D0BE
100
AcDbEntity
  8
Structural_Section_StAngle
100
AcDbLine
 10
739.8555987724701
 20
174.188517971066
 30
0.0
 11
739.855598772467
 21
174.188517971065
 31
0.0
  0
ARC
  5
DEE
330
D0BE
100
AcDbEntity
  8
Structural_Section_StAngle
 48
5.0
100
AcDbCircle
 10
739.8555987724701
 20
173.813517971066
 30
0.0
 40
0.375
100
AcDbArc
 50
359.999999999948
 51
90.0000000001042
  0
HATCH
  5
DEF
330
D0BE
100
AcDbEntity
  8
Structural_Section_StAngle
100
AcDbHatch
 10
0.0
 20
0.0
 30
0.0
210
0.0
220
0.0
230
1.0
  2
STEEL
 70
     0
 71
     0
 91
        1
 92
        7
 72
     1
 73
     1
 93
        6
 10
740.2305987724701
 20
170.563517971066
 42
0.0
 10
740.2305987724701
 20
173.813517971066
 42
0.4142135679721831
 10
739.855598772467
 20
174.188517971066
 42
0.0
 10
739.8555987724701
 20
170.188517971066
 42
0.0
 10
743.8555987724701
 20
170.188517971066
 42
0.4142135679721831
 10
743.4805987724701
 20
170.563517971066
 42
0.0
 97
        0
 75
     0
 76
     1
 52
0.0
 41
1.0
 77
     0
 78
     2
 53
45.0
 43
-5418.49513471561
 44
-5983.92285296016
 45
-0.265165042944955
 46
0.265165042944955
 79
     0
 53
45.0
 43
-5418.40138471561
 44
-5983.641602960159
 45
-0.265165042944955
 46
0.265165042944955
 79
     0
 47
0.000001
 98
        0
  0
LINE
  5
DF0
330
D0BE
100
AcDbEntity
  8
Struc_Section_Conc
 48
20.0
100
AcDbLine
 10
790.040598772471
 20
171.688517971066
 30
0.0
 11
740.2305987724701
 21
171.688517971066
 31
0.0
  0
LINE
  5
DF1
330
D0BE
100
AcDbEntity
  8
Struc_Section_Steel
 48
2.0
100
AcDbLine
 10
787.2605987724718
 20
160.188517971066
 30
0.0
 11
742.41559877247
 21
160.188517971066
 31
0.0
  0
LINE
  5
DF2
330
D0BE
100
AcDbEntity
  8
Struc_Section_Steel
 48
2.0
100
AcDbLine
 10
787.2605987724718
 20
160.438517971066
 30
0.0
 11
743.135598772473
 21
160.438517971066
 31
0.0
  0
LINE
  5
DF3
330
D0BE
100
AcDbEntity
  8
Struc_Section_Steel
 48
2.0
100
AcDbLine
 10
1283.45785123113
 20
165.499682885223
 30
0.0
 11
1175.92785123112
 21
165.499682885223
 31
0.0
  0
INSERT
  5
DF4
330
D0BE
100
AcDbEntity
  8
Struc_Section_Steel
 48
2.0
100
AcDbBlockReference
  2
C250X23
 10
1178.48785123112
 20
151.499682885223
 30
0.0
 41
-1.0
  0
LINE
  5
DF5
330
D0BE
100
AcDbEntity
  8
Structural_Section_StAngle
 48
5.0
100
AcDbLine
 10
1175.92785123112
 20
161.499682885223
 30
0.0
 11
1179.92785123112
 21
161.499682885223
 31
0.0
  0
LINE
  5
DF6
330
D0BE
100
AcDbEntity
  8
Structural_Section_StAngle
 48
5.0
100
AcDbLine
 10
1175.92785123112
 20
161.499682885223
 30
0.0
 11
1175.92785123112
 21
165.499682885222
 31
0.0
  0
LINE
  5
DF7
330
D0BE
100
AcDbEntity
  8
Structural_Section_StAngle
 48
5.0
100
AcDbLine
 10
1176.30285123112
 20
161.874682885223
 30
0.0
 11
1176.30285123112
 21
165.124682885222
 31
0.0
  0
LINE
  5
DF8
330
D0BE
100
AcDbEntity
  8
Structural_Section_StAngle
 48
5.0
100
AcDbLine
 10
1176.30285123112
 20
161.874682885223
 30
0.0
 11
1179.55285123112
 21
161.874682885223
 31
0.0
  0
ARC
  5
DF9
330
D0BE
100
AcDbEntity
  8
Structural_Section_StAngle
 48
5.0
100
AcDbCircle
 10
1179.55285123112
 20
161.499682885223
 30
0.0
 40
0.375
100
AcDbArc
 50
0.0
 51
90.0
  0
LINE
  5
DFA
330
D0BE
100
AcDbEntity
  8
Structural_Section_StAngle
100
AcDbLine
 10
1175.92785123112
 20
165.499682885223
 30
0.0
 11
1175.92785123112
 21
165.499682885222
 31
0.0
  0
ARC
  5
DFB
330
D0BE
100
AcDbEntity
  8
Structural_Section_StAngle
 48
5.0
100
AcDbCircle
 10
1175.92785123112
 20
165.124682885223
 30
0.0
 40
0.375
100
AcDbArc
 50
359.999999999948
 51
90.0000000001042
  0
HATCH
  5
DFC
330
D0BE
100
AcDbEntity
  8
Structural_Section_StAngle
100
AcDbHatch
 10
0.0
 20
0.0
 30
0.0
210
0.0
220
0.0
230
1.0
  2
STEEL
 70
     0
 71
     0
 91
        1
 92
        7
 72
     1
 73
     1
 93
        6
 10
1176.30285123112
 20
161.874682885223
 42
0.0
 10
1176.30285123112
 20
165.124682885223
 42
0.4142135679721831
 10
1175.92785123112
 20
165.499682885223
 42
0.0
 10
1175.92785123112
 20
161.499682885223
 42
0.0
 10
1179.92785123112
 20
161.499682885223
 42
0.4142135679721831
 10
1179.55285123112
 20
161.874682885223
 42
0.0
 97
        0
 75
     0
 76
     1
 52
0.0
 41
1.0
 77
     0
 78
     2
 53
45.0
 43
-4982.42288225696
 44
-5992.611688045999
 45
-0.265165042944955
 46
0.265165042944955
 79
     0
 53
45.0
 43
-4982.32913225696
 44
-5992.330438046
 45
-0.265165042944955
 46
0.265165042944955
 79
     0
 47
0.000001
 98
        0
  0
LINE
  5
DFD
330
D0BE
100
AcDbEntity
  8
Structural_Section_StAngle
 48
5.0
100
AcDbLine
 10
1283.45785123112
 20
161.499682885223
 30
0.0
 11
1279.45785123112
 21
161.499682885223
 31
0.0
  0
LINE
  5
DFE
330
D0BE
100
AcDbEntity
  8
Structural_Section_StAngle
 48
5.0
100
AcDbLine
 10
1283.45785123112
 20
161.499682885223
 30
0.0
 11
1283.45785123113
 21
165.499682885222
 31
0.0
  0
LINE
  5
DFF
330
D0BE
100
AcDbEntity
  8
Structural_Section_StAngle
 48
5.0
100
AcDbLine
 10
1283.08285123112
 20
161.874682885223
 30
0.0
 11
1283.08285123112
 21
165.124682885222
 31
0.0
  0
LINE
  5
E00
330
D0BE
100
AcDbEntity
  8
Structural_Section_StAngle
 48
5.0
100
AcDbLine
 10
1283.08285123112
 20
161.874682885223
 30
0.0
 11
1279.83285123112
 21
161.874682885223
 31
0.0
  0
ARC
  5
E01
330
D0BE
100
AcDbEntity
  8
Structural_Section_StAngle
 48
5.0
100
AcDbCircle
 10
1279.83285123112
 20
161.499682885223
 30
0.0
 40
0.375
100
AcDbArc
 50
90.0
 51
180.0
  0
LINE
  5
E02
330
D0BE
100
AcDbEntity
  8
Structural_Section_StAngle
100
AcDbLine
 10
1283.45785123112
 20
165.499682885223
 30
0.0
 11
1283.45785123113
 21
165.499682885222
 31
0.0
  0
ARC
  5
E03
330
D0BE
100
AcDbEntity
  8
Structural_Section_StAngle
 48
5.0
100
AcDbCircle
 10
1283.45785123112
 20
165.124682885223
 30
0.0
 40
0.375
100
AcDbArc
 50
89.99999999989581
 51
180.000000000052
  0
HATCH
  5
E04
330
D0BE
100
AcDbEntity
  8
Structural_Section_StAngle
100
AcDbHatch
 10
0.0
 20
0.0
 30
0.0
210
0.0
220
0.0
230
1.0
  2
STEEL
 70
     0
 71
     0
 91
        1
 92
        7
 72
     1
 73
     1
 93
        6
 10
1279.83285123112
 20
161.874682885223
 42
0.4142135679721831
 10
1279.45785123112
 20
161.499682885223
 42
0.0
 10
1283.45785123112
 20
161.499682885223
 42
0.0
 10
1283.45785123113
 20
165.499682885223
 42
0.4142135679721831
 10
1283.08285123112
 20
165.124682885223
 42
0.0
 10
1283.08285123112
 20
161.874682885223
 42
0.0
 97
        0
 75
     0
 76
     1
 52
0.0
 41
1.0
 77
     0
 78
     2
 53
135.0
 43
7439.808584719201
 44
-5994.32399864723
 45
0.265165042944955
 46
0.265165042944955
 79
     0
 53
135.0
 43
7439.7148347192
 44
-5994.573078733121
 45
0.265165042944955
 46
0.265165042944955
 79
     0
 47
0.000001
 98
        0
  0
INSERT
  5
E05
330
D0BE
100
AcDbEntity
  8
Struc_Section_Steel
 48
2.0
100
AcDbBlockReference
  2
C250X23
 10
1280.89785123112
 20
151.499682885223
 30
0.0
  0
LINE
  5
E06
330
D0BE
100
AcDbEntity
  8
Struc_Section_Steel
 48
2.0
100
AcDbLine
 10
1279.45785123113
 20
153.492182885222
 30
0.0
 11
1279.45785123113
 21
151.624682885223
 31
0.0
  0
LINE
  5
E07
330
D0BE
100
AcDbEntity
  8
Struc_Section_Steel
 48
2.0
100
AcDbLine
 10
1179.33285123112
 20
161.499682885223
 30
0.0
 11
1179.33285123112
 21
159.632182885223
 31
0.0
  0
LINE
  5
E08
330
D0BE
100
AcDbEntity
  8
Struc_Section_Steel
 48
2.0
100
AcDbLine
 10
1179.33285123112
 20
153.492182885222
 30
0.0
 11
1179.33285123112
 21
151.624682885223
 31
0.0
  0
LINE
  5
E09
330
D0BE
100
AcDbEntity
  8
Struc_Section_Conc
 48
2.0
100
AcDbLine
 10
1205.55612936139
 20
161.499682885224
 30
0.0
 11
1211.77357568338
 21
161.499682885224
 31
0.0
  0
LINE
  5
E0A
330
D0BE
100
AcDbEntity
  8
Struc_Section_Conc
 48
2.0
100
AcDbLine
 10
1205.55612936139
 20
161.499682885224
 30
0.0
 11
1204.51078472593
 21
162.545027520685
 31
0.0
  0
LINE
  5
E0B
330
D0BE
100
AcDbEntity
  8
Struc_Section_Conc
 48
2.0
100
AcDbLine
 10
1198.03636664083
 20
162.545027520685
 30
0.0
 11
1204.51078472593
 21
162.545027520685
 31
0.0
  0
LINE
  5
E0C
330
D0BE
100
AcDbEntity
  8
Struc_Section_Conc
 48
2.0
100
AcDbLine
 10
1211.80352200537
 20
161.499682885224
 30
0.0
 11
1212.84886664083
 21
162.545027520685
 31
0.0
  0
LINE
  5
E0D
330
D0BE
100
AcDbEntity
  8
Struc_Section_Conc
 48
2.0
100
AcDbLine
 10
1211.80352200537
 20
161.499682885225
 30
0.0
 11
1208.75642031884
 21
161.499682885225
 31
0.0
  0
LINE
  5
E0E
330
D0BE
100
AcDbEntity
  8
Structural_Steel_Deck
100
AcDbLine
 10
1182.178522005369
 20
161.499682885225
 30
0.0
 11
1179.92785123112
 21
161.499682885225
 31
0.0
  0
LINE
  5
E0F
330
D0BE
100
AcDbEntity
  8
Struc_Section_Conc
 48
2.0
100
AcDbLine
 10
1190.74362936139
 20
161.499682885224
 30
0.0
 11
1196.96107568338
 21
161.499682885224
 31
0.0
  0
LINE
  5
E10
330
D0BE
100
AcDbEntity
  8
Struc_Section_Conc
 48
2.0
100
AcDbLine
 10
1190.74362936139
 20
161.499682885224
 30
0.0
 11
1189.69828472593
 21
162.545027520685
 31
0.0
  0
LINE
  5
E11
330
D0BE
100
AcDbEntity
  8
Struc_Section_Conc
 48
2.0
100
AcDbLine
 10
1183.22386664083
 20
162.545027520685
 30
0.0
 11
1189.69828472593
 21
162.545027520685
 31
0.0
  0
LINE
  5
E12
330
D0BE
100
AcDbEntity
  8
Struc_Section_Conc
 48
2.0
100
AcDbLine
 10
1196.99102200537
 20
161.499682885224
 30
0.0
 11
1198.03636664083
 21
162.545027520685
 31
0.0
  0
LINE
  5
E13
330
D0BE
100
AcDbEntity
  8
Struc_Section_Conc
 48
2.0
100
AcDbLine
 10
1196.99102200537
 20
161.499682885225
 30
0.0
 11
1193.94392031884
 21
161.499682885225
 31
0.0
  0
LINE
  5
E14
330
D0BE
100
AcDbEntity
  8
Struc_Section_Conc
 48
2.0
100
AcDbLine
 10
1179.92785123112
 20
161.499682885224
 30
0.0
 11
1182.14857568338
 21
161.499682885224
 31
0.0
  0
LINE
  5
E15
330
D0BE
100
AcDbEntity
  8
Struc_Section_Conc
 48
2.0
100
AcDbLine
 10
1182.178522005369
 20
161.499682885224
 30
0.0
 11
1183.22386664083
 21
162.545027520685
 31
0.0
  0
LINE
  5
E16
330
D0BE
100
AcDbEntity
  8
Struc_Section_Conc
 48
2.0
100
AcDbLine
 10
1182.178522005369
 20
161.499682885225
 30
0.0
 11
1179.92785123112
 21
161.499682885225
 31
0.0
  0
LINE
  5
E17
330
D0BE
100
AcDbEntity
  8
Struc_Section_Conc
 48
2.0
100
AcDbLine
 10
1220.36862936139
 20
161.499682885224
 30
0.0
 11
1226.58607568338
 21
161.499682885224
 31
0.0
  0
LINE
  5
E18
330
D0BE
100
AcDbEntity
  8
Struc_Section_Conc
 48
2.0
100
AcDbLine
 10
1220.36862936139
 20
161.499682885224
 30
0.0
 11
1219.32328472593
 21
162.545027520685
 31
0.0
  0
LINE
  5
E19
330
D0BE
100
AcDbEntity
  8
Struc_Section_Conc
 48
2.0
100
AcDbLine
 10
1212.84886664083
 20
162.545027520685
 30
0.0
 11
1219.32328472593
 21
162.545027520685
 31
0.0
  0
LINE
  5
E1A
330
D0BE
100
AcDbEntity
  8
Struc_Section_Conc
 48
2.0
100
AcDbLine
 10
1226.61602200537
 20
161.499682885224
 30
0.0
 11
1227.66136664083
 21
162.545027520685
 31
0.0
  0
LINE
  5
E1B
330
D0BE
100
AcDbEntity
  8
Struc_Section_Conc
 48
2.0
100
AcDbLine
 10
1226.61602200537
 20
161.499682885225
 30
0.0
 11
1223.56892031884
 21
161.499682885225
 31
0.0
  0
LINE
  5
E1C
330
D0BE
100
AcDbEntity
  8
Struc_Section_Conc
 48
2.0
100
AcDbLine
 10
1227.66136664083
 20
162.545027520685
 30
0.0
 11
1234.13578472593
 21
162.545027520685
 31
0.0
  0
LINE
  5
E1D
330
D0BE
100
AcDbEntity
  8
Struc_Section_Conc
 48
2.0
100
AcDbLine
 10
1256.24102200537
 20
161.499682885224
 30
0.0
 11
1250.02357568338
 21
161.499682885224
 31
0.0
  0
LINE
  5
E1E
330
D0BE
100
AcDbEntity
  8
Struc_Section_Conc
 48
2.0
100
AcDbLine
 10
1256.24102200537
 20
161.499682885224
 30
0.0
 11
1257.28636664083
 21
162.545027520685
 31
0.0
  0
LINE
  5
E1F
330
D0BE
100
AcDbEntity
  8
Struc_Section_Conc
 48
2.0
100
AcDbLine
 10
1263.76078472593
 20
162.545027520685
 30
0.0
 11
1257.28636664083
 21
162.545027520685
 31
0.0
  0
LINE
  5
E20
330
D0BE
100
AcDbEntity
  8
Struc_Section_Conc
 48
2.0
100
AcDbLine
 10
1249.99362936139
 20
161.499682885224
 30
0.0
 11
1248.94828472593
 21
162.545027520685
 31
0.0
  0
LINE
  5
E21
330
D0BE
100
AcDbEntity
  8
Struc_Section_Conc
 48
2.0
100
AcDbLine
 10
1249.99362936139
 20
161.499682885225
 30
0.0
 11
1253.04073104791
 21
161.499682885225
 31
0.0
  0
LINE
  5
E22
330
D0BE
100
AcDbEntity
  8
Struc_Section_Conc
 48
2.0
100
AcDbLine
 10
1271.05352200537
 20
161.499682885224
 30
0.0
 11
1264.83607568338
 21
161.499682885224
 31
0.0
  0
LINE
  5
E23
330
D0BE
100
AcDbEntity
  8
Struc_Section_Conc
 48
2.0
100
AcDbLine
 10
1271.05352200537
 20
161.499682885224
 30
0.0
 11
1272.09886664083
 21
162.545027520685
 31
0.0
  0
LINE
  5
E24
330
D0BE
100
AcDbEntity
  8
Struc_Section_Conc
 48
2.0
100
AcDbLine
 10
1278.57328472593
 20
162.545027520685
 30
0.0
 11
1272.09886664083
 21
162.545027520685
 31
0.0
  0
LINE
  5
E25
330
D0BE
100
AcDbEntity
  8
Struc_Section_Conc
 48
2.0
100
AcDbLine
 10
1264.80612936139
 20
161.499682885224
 30
0.0
 11
1263.76078472593
 21
162.545027520685
 31
0.0
  0
LINE
  5
E26
330
D0BE
100
AcDbEntity
  8
Struc_Section_Conc
 48
2.0
100
AcDbLine
 10
1264.80612936139
 20
161.499682885225
 30
0.0
 11
1267.85323104791
 21
161.499682885225
 31
0.0
  0
LINE
  5
E27
330
D0BE
100
AcDbEntity
  8
Struc_Section_Conc
 48
2.0
100
AcDbLine
 10
1241.42852200537
 20
161.499682885224
 30
0.0
 11
1235.21107568338
 21
161.499682885224
 31
0.0
  0
LINE
  5
E28
330
D0BE
100
AcDbEntity
  8
Struc_Section_Conc
 48
2.0
100
AcDbLine
 10
1241.42852200537
 20
161.499682885224
 30
0.0
 11
1242.47386664083
 21
162.545027520685
 31
0.0
  0
LINE
  5
E29
330
D0BE
100
AcDbEntity
  8
Struc_Section_Conc
 48
2.0
100
AcDbLine
 10
1248.94828472593
 20
162.545027520685
 30
0.0
 11
1242.47386664083
 21
162.545027520685
 31
0.0
  0
LINE
  5
E2A
330
D0BE
100
AcDbEntity
  8
Struc_Section_Conc
 48
2.0
100
AcDbLine
 10
1235.18112936139
 20
161.499682885224
 30
0.0
 11
1234.13578472593
 21
162.545027520685
 31
0.0
  0
LINE
  5
E2B
330
D0BE
100
AcDbEntity
  8
Struc_Section_Conc
 48
2.0
100
AcDbLine
 10
1235.18112936139
 20
161.499682885225
 30
0.0
 11
1238.22823104791
 21
161.499682885225
 31
0.0
  0
LINE
  5
E2C
330
D0BE
100
AcDbEntity
  8
Struc_Section_Conc
 48
2.0
100
AcDbLine
 10
1279.61862936139
 20
161.499682885224
 30
0.0
 11
1282.49440749166
 21
161.499682885224
 31
0.0
  0
LINE
  5
E2D
330
D0BE
100
AcDbEntity
  8
Struc_Section_Conc
 48
2.0
100
AcDbLine
 10
1279.48317123881
 20
161.635141007805
 30
0.0
 11
1278.57328472593
 21
162.545027520685
 31
0.0
  0
INSERT
  5
E2E
330
D0BE
100
AcDbEntity
  8
0
100
AcDbBlockReference
  2
STAIR
 10
893.635598772474
 20
103.688517971069
 30
0.0
 41
-1.0
  0
DIMENSION
  5
E2F
102
{ACAD_XDICTIONARY
360
528F
102
}
330
D0BE
100
AcDbEntity
  8
Dim @ 48
100
AcDbDimension
280
     0
  2
*D32
 10
1285.20785123112
 20
253.857321444274
 30
0.0
 11
1305.62749408826
 21
253.857321444274
 31
0.0
 71
     5
 42
0.0
 73
     0
 74
     0
 75
     0
  3
ROMANS-beside
100
AcDbAlignedDimension
 13
1272.20785019562
 23
256.836756350449
 33
0.0
 14
1285.20785123112
 24
256.836756350449
 34
0.0
100
AcDbRotatedDimension
1001
AcadAnnotative
1000
AnnotativeData
1002
{
1070
     1
1070
     1
1002
}
1001
ACAD
1000
DSTYLE
1002
{
1070
    40
1040
48.0
1070
   147
1040
0.0625
1070
   141
1040
0.0625
1070
    42
1040
0.09375
1070
    44
1040
0.09375
1070
    41
1040
0.09375
1070
   140
1040
0.078125
1070
   279
1070
     0
1070
   289
1070
     0
1070
   174
1070
     0
1070
   175
1070
     0
1070
   172
1070
     0
1002
}
  0
DIMENSION
  5
E30
102
{ACAD_XDICTIONARY
360
527E
102
}
330
D0BE
100
AcDbEntity
  8
Dim @ 48
100
AcDbDimension
280
     0
  2
*D33
 10
1177.20784262859
 20
267.47833804538
 30
0.0
 11
1231.20784692985
 21
267.47833804538
 31
0.0
 71
     5
 42
0.0
 73
     0
 74
     0
 75
     0
  3
ROMANS
100
AcDbAlignedDimension
 13
1285.20785123112
 23
264.094593355674
 33
0.0
 14
1177.20784262859
 24
264.094593355674
 34
0.0
100
AcDbRotatedDimension
1001
AcadAnnotative
1000
AnnotativeData
1002
{
1070
     1
1070
     1
1002
}
1001
ACAD
1000
DSTYLE
1002
{
1070
    40
1040
48.0
1070
   147
1040
0.0625
1070
   141
1040
0.0625
1070
    42
1040
0.09375
1070
    44
1040
0.09375
1070
    41
1040
0.09375
1070
   140
1040
0.078125
1070
   279
1070
     2
1070
   289
1070
     0
1070
   174
1070
     0
1070
   175
1070
     0
1070
   172
1070
     0
1002
}
  0
DIMENSION
  5
E31
102
{ACAD_XDICTIONARY
360
52A0
102
}
330
D0BE
100
AcDbEntity
  8
Dim @ 48
100
AcDbDimension
280
     0
  2
*D34
 10
1327.80802515259
 20
235.999694116309
 30
0.0
 11
1327.80802515259
 21
165.499688500767
 31
0.0
 71
     5
 42
0.0
 73
     0
 74
     0
 75
     0
  3
ROMANS
100
AcDbAlignedDimension
 13
1285.20785123112
 23
94.9996828852244
 33
0.0
 14
1285.20785123112
 24
235.999694116309
 34
0.0
 50
90.0
100
AcDbRotatedDimension
1001
AcadAnnotative
1000
AnnotativeData
1002
{
1070
     1
1070
     1
1002
}
1001
ACAD
1000
DSTYLE
1002
{
1070
    40
1040
48.0
1070
   147
1040
0.0625
1070
   141
1040
0.0625
1070
    42
1040
0.09375
1070
    44
1040
0.09375
1070
    41
1040
0.09375
1070
   140
1040
0.078125
1070
   279
1070
     2
1070
   289
1070
     0
1070
   174
1070
     0
1070
   175
1070
     0
1070
   172
1070
     0
1002
}
  0
DIMENSION
  5
E32
102
{ACAD_XDICTIONARY
360
1781
102
}
330
D0BE
100
AcDbEntity
  8
Dim @ 48
100
AcDbDimension
280
     0
  2
*D35
 10
789.1355953335589
 20
199.89274280968
 30
0.0
 11
765.1355957474029
 21
199.89274280968
 31
0.0
 71
     5
 42
0.0
 73
     0
 74
     0
 75
     0
  3
ROMANS-beside
100
AcDbAlignedDimension
 13
741.135596161246
 23
201.531794288783
 33
0.0
 14
789.1355953335589
 24
201.531794288783
 34
0.0
100
AcDbRotatedDimension
1001
AcadAnnotative
1000
AnnotativeData
1002
{
1070
     1
1070
     1
1002
}
1001
ACAD
1000
DSTYLE
1002
{
1070
    40
1040
48.0
1070
   147
1040
0.0625
1070
   141
1040
0.0625
1070
    42
1040
0.09375
1070
    44
1040
0.09375
1070
    41
1040
0.09375
1070
   140
1040
0.078125
1070
   279
1070
     2
1070
   289
1070
     0
1070
   174
1070
     0
1070
   175
1070
     0
1070
   172
1070
     0
1002
}
  0
LINE
  5
E39
330
D0BE
100
AcDbEntity
  8
Arch_Section_Wall
 48
0.100000001490116
100
AcDbLine
 10
740.51059877247
 20
249.220242605538
 30
0.0
 11
740.51059877247
 21
379.6885179710679
 31
0.0
  0
LINE
  5
E3A
330
D0BE
100
AcDbEntity
  8
Arch_Section_Wall
 48
0.100000001490116
100
AcDbLine
 10
737.51059877247
 20
244.688517971068
 30
0.0
 11
737.51059877247
 21
379.6885179710679
 31
0.0
  0
LINE
  5
E3B
330
D0BE
100
AcDbEntity
  8
Arch_Section_Wall
 48
0.100000001490116
100
AcDbLine
 10
743.5105987724701
 20
244.688517971068
 30
0.0
 11
743.5105987724701
 21
379.6885179710679
 31
0.0
  0
LINE
  5
E3C
330
D0BE
100
AcDbEntity
  8
Arch_Section_Wall
 48
0.100000001490116
100
AcDbLine
 10
737.01059877247
 20
244.688517971068
 30
0.0
 11
737.01059877247
 21
379.6885179710679
 31
0.0
  0
LINE
  5
E3D
330
D0BE
100
AcDbEntity
  8
Arch_Section_Wall
 48
0.100000001490116
100
AcDbLine
 10
744.0105987724701
 20
244.688517971068
 30
0.0
 11
744.0105987724701
 21
379.6885179710679
 31
0.0
  0
LINE
  5
E3E
330
D0BE
100
AcDbEntity
  8
Arch_Section_Wall
 48
0.100000001490116
100
AcDbLine
 10
930.7005987724719
 20
244.688517971068
 30
0.0
 11
930.7005987724698
 21
379.6885179710679
 31
0.0
  0
LINE
  5
E3F
330
D0BE
100
AcDbEntity
  8
Arch_Section_Wall
 48
0.100000001490116
100
AcDbLine
 10
934.320598772469
 20
244.688517971068
 30
0.0
 11
934.320598772469
 21
379.6885179710679
 31
0.0
  0
LINE
  5
E40
330
D0BE
100
AcDbEntity
  8
Arch_Section_Wall
 48
0.100000001490116
100
AcDbLine
 10
930.2005987724719
 20
244.688517971068
 30
0.0
 11
930.2005987724719
 21
379.6885179710679
 31
0.0
  0
LINE
  5
E41
330
D0BE
100
AcDbEntity
  8
Arch_Section_Wall
 48
0.100000001490116
100
AcDbLine
 10
934.8205987724689
 20
244.688517971068
 30
0.0
 11
934.8205987724689
 21
379.6885179710679
 31
0.0
  0
LINE
  5
E42
330
D0BE
100
AcDbEntity
  8
Arch_Section_Wall
 48
0.100000001490116
100
AcDbLine
 10
723.5157616509829
 20
379.688517971069
 30
0.0
 11
945.177432337935
 21
379.688517971067
 31
0.0
  0
LINE
  5
E43
330
D0BE
100
AcDbEntity
  8
Arch_Section_Wall
 48
0.100000001490116
100
AcDbLine
 10
880.7605987724699
 20
244.688517971068
 30
0.0
 11
880.7605987724699
 21
246.101760814786
 31
0.0
  0
LINE
  5
E44
330
D0BE
100
AcDbEntity
  8
Arch_Section_Wall
 48
0.100000001490116
100
AcDbLine
 10
723.8721310007268
 20
391.471303355819
 30
0.0
 11
723.8721310007268
 21
386.3679623496691
 31
0.0
  0
LINE
  5
E45
330
D0BE
100
AcDbEntity
  8
Arch_Section_Wall
 48
0.100000001490116
100
AcDbLine
 10
723.8721310007268
 20
386.3679623496691
 30
0.0
 11
724.2285003504699
 21
384.943774948152
 31
0.0
  0
LINE
  5
E46
330
D0BE
100
AcDbEntity
  8
Arch_Section_Wall
 48
0.100000001490116
100
AcDbLine
 10
724.2285003504699
 20
384.943774948152
 30
0.0
 11
722.446642792857
 21
383.875631579631
 31
0.0
  0
LINE
  5
E47
330
D0BE
100
AcDbEntity
  8
Arch_Section_Wall
 48
0.100000001490116
100
AcDbLine
 10
722.446642792857
 20
383.875631579631
 30
0.0
 11
723.5157616509829
 21
382.451444178115
 31
0.0
  0
LINE
  5
E48
330
D0BE
100
AcDbEntity
  8
Arch_Section_Wall
 48
0.100000001490116
100
AcDbLine
 10
723.5157616509829
 20
382.451444178115
 30
0.0
 11
723.5157616509829
 21
378.77229057348
 31
0.0
  0
LINE
  5
E49
330
D0BE
100
AcDbEntity
  8
Arch_Section_Wall
 48
0.100000001490116
100
AcDbLine
 10
945.533801687679
 20
391.471303355819
 30
0.0
 11
945.533801687679
 21
386.3679623496691
 31
0.0
  0
LINE
  5
E4A
330
D0BE
100
AcDbEntity
  8
Arch_Section_Wall
 48
0.100000001490116
100
AcDbLine
 10
945.533801687679
 20
386.3679623496691
 30
0.0
 11
945.890171037422
 21
384.943774948152
 31
0.0
  0
LINE
  5
E4B
330
D0BE
100
AcDbEntity
  8
Arch_Section_Wall
 48
0.100000001490116
100
AcDbLine
 10
945.890171037422
 20
384.943774948152
 30
0.0
 11
944.1083134798089
 21
383.875631579631
 31
0.0
  0
LINE
  5
E4C
330
D0BE
100
AcDbEntity
  8
Arch_Section_Wall
 48
0.100000001490116
100
AcDbLine
 10
944.1083134798089
 20
383.875631579631
 30
0.0
 11
945.177432337935
 21
382.451444178115
 31
0.0
  0
LINE
  5
E4D
330
D0BE
100
AcDbEntity
  8
Arch_Section_Wall
 48
0.100000001490116
100
AcDbLine
 10
945.177432337935
 20
382.451444178115
 30
0.0
 11
945.177432337935
 21
378.77229057348
 31
0.0
  0
LINE
  5
E4E
330
D0BE
100
AcDbEntity
  8
Arch_Section_Handrail
100
AcDbLine
 10
891.3855987724719
 20
281.493576468337
 30
0.0
 11
779.5146727169079
 21
210.486114078079
 31
0.0
  0
LINE
  5
E4F
330
D0BE
100
AcDbEntity
  8
Arch_Section_Handrail
100
AcDbLine
 10
891.38559877247
 20
283.270223712261
 30
0.0
 11
779.355598772462
 21
212.161792844076
 31
0.0
  0
LINE
  5
E50
330
D0BE
100
AcDbEntity
  8
Arch_Section_Handrail
100
AcDbLine
 10
892.8855987724718
 20
240.313517971068
 30
0.0
 11
892.8855987724741
 21
286.688517971068
 31
0.0
  0
LINE
  5
E51
330
D0BE
100
AcDbEntity
  8
Arch_Section_Handrail
100
AcDbLine
 10
891.3855987724719
 20
240.313517971068
 30
0.0
 11
891.38559877247
 21
286.688517971069
 31
0.0
  0
LINE
  5
E52
330
D0BE
100
AcDbEntity
  8
Arch_Section_Handrail
100
AcDbLine
 10
904.705885343824
 20
139.7929039175499
 30
0.0
 11
820.775515663397
 21
192.389268917288
 31
0.0
  0
LINE
  5
E53
330
D0BE
100
AcDbEntity
  8
Arch_Section_Handrail
100
AcDbLine
 10
781.877894601405
 20
211.986114078078
 30
0.0
 11
787.730598772466
 21
211.986114078079
 31
0.0
  0
LINE
  5
E54
330
D0BE
100
AcDbEntity
  8
Arch_Section_Handrail
100
AcDbLine
 10
779.3555987724659
 20
210.486114078079
 30
0.0
 11
787.730598772466
 21
210.486114078079
 31
0.0
  0
LINE
  5
E55
330
D0BE
100
AcDbEntity
  8
Arch_Section_Handrail
100
AcDbLine
 10
809.9717457113341
 20
197.389433691511
 30
0.0
 11
808.1493440681139
 21
198.531472054593
 31
0.0
  0
LINE
  5
E56
330
D0BE
100
AcDbEntity
  8
Arch_Section_Handrail
100
AcDbLine
 10
811.3841375164438
 20
198.274532556046
 30
0.0
 11
809.552711005462
 21
199.422226502928
 31
0.0
  0
LINE
  5
E57
330
D0BE
100
AcDbEntity
  8
Arch_Section_Handrail
 48
6.0
100
AcDbLine
 10
820.775515663397
 20
192.389268917288
 30
0.0
 11
811.3841375164438
 21
198.274532556046
 31
0.0
  0
LINE
  5
E58
330
D0BE
100
AcDbEntity
  8
Arch_Section_Handrail
 48
6.0
100
AcDbLine
 10
819.36312385829
 20
191.504170052752
 30
0.0
 11
809.9717457113341
 21
197.389433691511
 31
0.0
  0
LINE
  5
E59
330
D0BE
100
AcDbEntity
  8
Arch_Section_Handrail
100
AcDbLine
 10
903.9093641547779
 20
138.521859466947
 30
0.0
 11
819.363123858286
 21
191.504170052752
 31
0.0
  0
LINE
  5
E5A
330
D0BE
100
AcDbEntity
  8
Arch_Section_Handrail
 48
0.100000001490116
100
AcDbLine
 10
892.8855987724718
 20
240.313517971068
 30
0.0
 11
891.3855987724719
 21
240.313517971068
 31
0.0
  0
LINE
  5
E5B
330
D0BE
100
AcDbEntity
  8
Arch_Section_Handrail
 48
0.100000001490116
100
AcDbLine
 10
892.8855987724741
 20
286.688517971068
 30
0.0
 11
891.38559877247
 21
286.688517971068
 31
0.0
  0
LINE
  5
E5C
330
D0BE
100
AcDbEntity
  8
Arch_Section_Handrail
 48
0.100000001490116
100
AcDbLine
 10
888.2997524772319
 20
113.612904662353
 30
0.0
 11
904.705885343824
 21
139.7929039175499
 31
0.0
  0
LINE
  5
E5D
330
D0BE
100
AcDbEntity
  8
Arch_Section_Handrail
 48
0.100000001490116
100
AcDbLine
 10
887.0287080266319
 20
114.409425851395
 30
0.0
 11
902.638319704179
 21
139.318380655993
 31
0.0
  0
LINE
  5
E5E
330
D0BE
100
AcDbEntity
  8
Arch_Section_Handrail
 48
0.100000001490116
100
AcDbLine
 10
779.3555987724659
 20
210.486114078079
 30
0.0
 11
779.355598772462
 21
212.161792844076
 31
0.0
  0
LINE
  5
E5F
330
D0BE
100
AcDbEntity
  8
Arch_Section_Handrail
 48
0.100000001490116
100
AcDbLine
 10
888.369220625519
 20
245.813517971068
 30
0.0
 11
873.0921590843159
 21
269.882242081063
 31
0.0
  0
LINE
  5
E60
330
D0BE
100
AcDbEntity
  8
Arch_Section_Handrail
 48
0.100000001490116
100
AcDbLine
 10
887.102790270422
 20
245.009680826064
 30
0.0
 11
871.8257287292189
 21
269.078404936059
 31
0.0
  0
LINE
  5
E61
330
D0BE
100
AcDbEntity
  8
Arch_Section_Handrail
 48
0.100000001490116
100
AcDbLine
 10
888.369220625519
 20
245.813517971068
 30
0.0
 11
887.0981550432849
 21
245.016983539535
 31
0.0
  0
LINE
  5
E62
330
D0BE
100
AcDbEntity
  8
Arch_Section_Handrail
100
AcDbLine
 10
890.3855987724719
 20
250.617510401296
 30
0.0
 11
890.38559877247
 21
274.617667094454
 31
0.0
  0
LINE
  5
E63
330
D0BE
100
AcDbEntity
  8
Arch_Section_Handrail
 48
0.100000001490116
100
AcDbLine
 10
887.6088966620951
 20
248.877443745458
 30
0.0
 11
876.7602448531098
 21
265.969291326986
 31
0.0
  0
LINE
  5
E64
330
D0BE
100
AcDbEntity
  8
Arch_Section_Handrail
100
AcDbLine
 10
890.38559877247
 20
274.617667094454
 30
0.0
 11
876.7602448531098
 21
265.969291326986
 31
0.0
  0
LINE
  5
E65
330
D0BE
100
AcDbEntity
  8
Arch_Section_Handrail
 48
0.100000001490116
100
AcDbLine
 10
887.6088966620951
 20
248.877443745458
 30
0.0
 11
890.3855987724719
 21
250.617510401296
 31
0.0
  0
LINE
  5
E66
330
D0BE
100
AcDbEntity
  8
Arch_Section_Handrail
 48
6.0
100
AcDbLine
 10
787.730598772467
 20
174.188517971065
 30
0.0
 11
787.730598772467
 21
184.783314943159
 31
0.0
  0
LINE
  5
E67
330
D0BE
100
AcDbEntity
  8
Arch_Section_Handrail
 48
6.0
100
AcDbLine
 10
789.230598772467
 20
174.188517971066
 30
0.0
 11
789.230598772467
 21
185.723314943159
 31
0.0
  0
LINE
  5
E68
330
D0BE
100
AcDbEntity
  8
Arch_Section_Handrail
 48
0.100000001490116
100
AcDbLine
 10
790.2305987724639
 20
187.559177067956
 30
0.0
 11
790.230598772466
 21
210.748294104097
 31
0.0
  0
LINE
  5
E69
330
D0BE
100
AcDbEntity
  8
Arch_Section_Handrail
100
AcDbLine
 10
795.67130054083
 20
214.201652718482
 30
0.0
 11
790.230598772466
 21
210.748294104097
 31
0.0
  0
LINE
  5
E6A
330
D0BE
100
AcDbEntity
  8
Arch_Section_Handrail
 48
0.100000001490116
100
AcDbLine
 10
790.230598772466
 20
187.559177067958
 30
0.0
 11
806.125246987319
 21
197.519823282601
 31
0.0
  0
LINE
  5
E6B
330
D0BE
100
AcDbEntity
  8
Arch_Section_Handrail
 48
0.100000001490116
100
AcDbLine
 10
795.67130054083
 20
214.201652718482
 30
0.0
 11
806.125246987319
 21
197.519823282601
 31
0.0
  0
LINE
  5
E6C
330
D0BE
100
AcDbEntity
  8
Arch_Section_Handrail
 48
0.100000001490116
100
AcDbLine
 10
793.583708106101
 20
219.416106315464
 30
0.0
 11
808.565652332475
 21
195.508748507427
 31
0.0
  0
LINE
  5
E6D
330
D0BE
100
AcDbEntity
  8
Arch_Section_Handrail
 48
0.100000001490116
100
AcDbLine
 10
794.8501595161169
 20
220.219956824588
 30
0.0
 11
809.8366967830759
 21
196.305269696471
 31
0.0
  0
LINE
  5
E6E
330
D0BE
100
AcDbEntity
  8
Arch_Section_Handrail
100
AcDbLine
 10
874.943403147868
 20
264.172175808457
 30
0.0
 11
797.9360855448379
 21
215.293576146592
 31
0.0
  0
LINE
  5
E6F
330
D0BE
100
AcDbEntity
  8
Arch_Section_Handrail
100
AcDbLine
 10
875.1438265426891
 20
263.856412506586
 30
0.0
 11
798.1365089396589
 21
214.977812844721
 31
0.0
  0
LINE
  5
E70
330
D0BE
100
AcDbEntity
  8
Arch_Section_Handrail
100
AcDbLine
 10
878.3591751227071
 20
258.790691086196
 30
0.0
 11
801.3226466657901
 21
209.893550515789
 31
0.0
  0
LINE
  5
E71
330
D0BE
100
AcDbEntity
  8
Arch_Section_Handrail
100
AcDbLine
 10
878.158751727885
 20
259.106454388067
 30
0.0
 11
801.1222232709689
 21
210.20931381766
 31
0.0
  0
LINE
  5
E72
330
D0BE
100
AcDbEntity
  8
Arch_Section_Handrail
100
AcDbLine
 10
881.574523702721
 20
253.724969665807
 30
0.0
 11
804.5087843919219
 21
204.809288186859
 31
0.0
  0
LINE
  5
E73
330
D0BE
100
AcDbEntity
  8
Arch_Section_Handrail
100
AcDbLine
 10
881.3741003079019
 20
254.040732967679
 30
0.0
 11
804.3083609971009
 21
205.125051488729
 31
0.0
  0
LINE
  5
E74
330
D0BE
100
AcDbEntity
  8
Arch_Section_Handrail
100
AcDbLine
 10
884.789872282738
 20
248.659248245419
 30
0.0
 11
807.6949221180539
 21
199.725025857926
 31
0.0
  0
LINE
  5
E75
330
D0BE
100
AcDbEntity
  8
Arch_Section_Handrail
100
AcDbLine
 10
884.5894488879169
 20
248.975011547289
 30
0.0
 11
807.494498723233
 21
200.040789159797
 31
0.0
  0
LWPOLYLINE
  5
E76
330
D0BE
100
AcDbEntity
  8
Arch_Section_Handrail
 48
0.100000001490116
100
AcDbPolyline
 90
        2
 70
     1
 43
0.125
 10
892.1980987724719
 20
274.544007302691
 42
-1.0
 10
892.0730987724718
 20
274.544007302691
 42
-1.0
  0
LWPOLYLINE
  5
E77
330
D0BE
100
AcDbEntity
  8
Arch_Section_Handrail
 48
0.100000001490116
100
AcDbPolyline
 90
        2
 70
     1
 43
0.125
 10
892.1980987724719
 20
267.437418327011
 42
-1.0
 10
892.0730987724718
 20
267.437418327011
 42
-1.0
  0
LWPOLYLINE
  5
E78
330
D0BE
100
AcDbEntity
  8
Arch_Section_Handrail
 48
0.100000001490116
100
AcDbPolyline
 90
        2
 70
     1
 43
0.125
 10
892.1980987724719
 20
260.33082935133
 42
-1.0
 10
892.0730987724718
 20
260.33082935133
 42
-1.0
  0
LWPOLYLINE
  5
E79
330
D0BE
100
AcDbEntity
  8
Arch_Section_Handrail
 48
0.100000001490116
100
AcDbPolyline
 90
        2
 70
     1
 43
0.125
 10
892.1980987724719
 20
253.224240375652
 42
-1.0
 10
892.0730987724718
 20
253.224240375652
 42
-1.0
  0
LWPOLYLINE
  5
E7A
330
D0BE
100
AcDbEntity
  8
Arch_Section_Handrail
 48
0.100000001490116
100
AcDbPolyline
 90
        2
 70
     1
 43
0.125
 10
892.1980987724719
 20
282.476419900332
 42
-1.0
 10
892.0730987724718
 20
282.476419900332
 42
-1.0
  0
LINE
  5
E7B
330
D0BE
100
AcDbEntity
  8
Arch_Section_Handrail
100
AcDbLine
 10
809.2015300056509
 20
199.642299929476
 30
0.0
 11
803.9187912223848
 21
202.952816233657
 31
0.0
  0
LINE
  5
E7C
330
D0BE
100
AcDbEntity
  8
Arch_Section_Handrail
100
AcDbLine
 10
807.798163068305
 20
198.751545481141
 30
0.0
 11
805.6675582475699
 21
200.086724502133
 31
0.0
  0
LINE
  5
E7D
330
D0BE
100
AcDbEntity
  8
Arch_Section_Handrail
 48
0.100000001490116
100
AcDbLine
 10
809.8366967830759
 20
196.305269696471
 30
0.0
 11
808.565652332475
 21
195.508748507428
 31
0.0
  0
LINE
  5
E7E
330
D0BE
100
AcDbEntity
  8
Arch_Section_Handrail
100
AcDbLine
 10
899.5186117137569
 20
134.340123224468
 30
0.0
 11
813.8312559549479
 21
188.037532833326
 31
0.0
  0
LINE
  5
E7F
330
D0BE
100
AcDbEntity
  8
Arch_Section_Handrail
100
AcDbLine
 10
899.38585818225
 20
134.128282482702
 30
0.0
 11
813.595857320762
 21
187.890016355903
 31
0.0
  0
LINE
  5
E80
330
D0BE
100
AcDbEntity
  8
Arch_Section_Handrail
100
AcDbLine
 10
896.332526957582
 20
129.255945422062
 30
0.0
 11
808.1816887345151
 21
184.497137375189
 31
0.0
  0
LINE
  5
E81
330
D0BE
100
AcDbEntity
  8
Arch_Section_Handrail
100
AcDbLine
 10
896.199773426076
 20
129.044104680295
 30
0.0
 11
807.946290100331
 21
184.349620897766
 31
0.0
  0
LINE
  5
E82
330
D0BE
100
AcDbEntity
  8
Arch_Section_Handrail
100
AcDbLine
 10
893.1464422014078
 20
124.171767619657
 30
0.0
 11
802.532121514082
 21
180.95674191705
 31
0.0
  0
LINE
  5
E83
330
D0BE
100
AcDbEntity
  8
Arch_Section_Handrail
100
AcDbLine
 10
893.013688669901
 20
123.959926877891
 30
0.0
 11
802.2967228799
 21
180.809225439629
 31
0.0
  0
LINE
  5
E84
330
D0BE
100
AcDbEntity
  8
Arch_Section_Handrail
100
AcDbLine
 10
889.9603574452349
 20
119.087589817251
 30
0.0
 11
798.599633077128
 21
176.340310421267
 31
0.0
  0
LINE
  5
E85
330
D0BE
100
AcDbEntity
  8
Arch_Section_Handrail
100
AcDbLine
 10
889.8276039137281
 20
118.875749075484
 30
0.0
 11
798.466879545621
 21
176.128469679501
 31
0.0
  0
LINE
  5
E86
330
D0BE
100
AcDbEntity
  8
Arch_Section_Handrail
 48
0.100000001490116
100
AcDbLine
 10
794.396939207922
 20
172.458667644451
 30
0.0
 11
797.9054562151201
 21
178.057364996368
 31
0.0
  0
LINE
  5
E87
330
D0BE
100
AcDbEntity
  8
Arch_Section_Handrail
 48
0.100000001490116
100
AcDbLine
 10
795.6679836585229
 20
171.662146455409
 30
0.0
 11
800.820374899559
 21
179.88404737195
 31
0.0
  0
LINE
  5
E88
330
D0BE
100
AcDbEntity
  8
Arch_Section_Handrail
 48
6.0
100
AcDbLine
 10
800.8203748995539
 20
179.884047371946
 30
0.0
 11
811.2775953360658
 21
196.571101260011
 31
0.0
  0
LINE
  5
E89
330
D0BE
100
AcDbEntity
  8
Arch_Section_Handrail
 48
6.0
100
AcDbLine
 10
797.9054562151201
 20
178.05736499637
 30
0.0
 11
810.0065508854699
 21
197.367622449053
 31
0.0
  0
LINE
  5
E8A
330
D0BE
100
AcDbEntity
  8
Arch_Section_Handrail
 48
0.100000001490116
100
AcDbLine
 10
809.588753305131
 20
196.700924182555
 30
0.0
 11
810.006550885469
 21
197.367622449052
 31
0.0
  0
LINE
  5
E8B
330
D0BE
100
AcDbEntity
  8
Arch_Section_Handrail
 48
6.0
100
AcDbLine
 10
813.595857320762
 20
187.890016355903
 30
0.0
 11
808.0251338141399
 21
191.381003086721
 31
0.0
  0
LINE
  5
E8C
330
D0BE
100
AcDbEntity
  8
Arch_Section_Handrail
 48
6.0
100
AcDbLine
 10
813.831255954946
 20
188.037532833325
 30
0.0
 11
808.157887345648
 21
191.592843828486
 31
0.0
  0
LINE
  5
E8D
330
D0BE
100
AcDbEntity
  8
Arch_Section_Handrail
 48
6.0
100
AcDbLine
 10
808.1816887345169
 20
184.497137375187
 30
0.0
 11
804.971802589473
 21
186.508666026081
 31
0.0
  0
LINE
  5
E8E
330
D0BE
100
AcDbEntity
  8
Arch_Section_Handrail
 48
6.0
100
AcDbLine
 10
807.946290100331
 20
184.349620897766
 30
0.0
 11
804.8390490579679
 21
186.296825284315
 31
0.0
  0
LINE
  5
E8F
330
D0BE
100
AcDbEntity
  8
Arch_Section_Handrail
 48
6.0
100
AcDbLine
 10
802.2967228798981
 20
180.809225439629
 30
0.0
 11
801.6529643017939
 21
181.212647481909
 31
0.0
  0
LINE
  5
E90
330
D0BE
100
AcDbEntity
  8
Arch_Section_Handrail
 48
6.0
100
AcDbLine
 10
802.532121514084
 20
180.95674191705
 30
0.0
 11
801.7857178333009
 21
181.424488223674
 31
0.0
  0
LINE
  5
E91
330
D0BE
100
AcDbEntity
  8
Arch_Section_Handrail
 48
6.0
100
AcDbLine
 10
795.532791449842
 20
176.1543868912049
 30
0.0
 11
806.5041172882569
 21
193.661821739742
 31
0.0
  0
LINE
  5
E92
330
D0BE
100
AcDbEntity
  8
Arch_Section_Handrail
 48
6.0
100
AcDbLine
 10
795.532791449842
 20
176.1543868912049
 30
0.0
 11
790.230598772467
 21
179.477094302358
 31
0.0
  0
LINE
  5
E93
330
D0BE
100
AcDbEntity
  8
Arch_Section_Handrail
100
AcDbLine
 10
806.5041172882569
 20
193.661821739742
 30
0.0
 11
803.932148329205
 21
195.273588954082
 31
0.0
  0
LINE
  5
E94
330
D0BE
100
AcDbEntity
  8
Arch_Section_Handrail
 48
0.100000001490116
100
AcDbLine
 10
790.230598772467
 20
179.477094302358
 30
0.0
 11
790.230598772466
 21
187.559177067958
 31
0.0
  0
LINE
  5
E95
330
D0BE
100
AcDbEntity
  8
Arch_Section_Handrail
 48
6.0
100
AcDbLine
 10
798.982678064604
 20
206.04611381253
 30
0.0
 11
789.503954236604
 21
211.986114078079
 31
0.0
  0
LINE
  5
E96
330
D0BE
100
AcDbEntity
  8
Arch_Section_Handrail
 48
6.0
100
AcDbLine
 10
800.8093604401828
 20
203.131195128097
 30
0.0
 11
789.230598772466
 21
210.387219106533
 31
0.0
  0
LINE
  5
E97
330
D0BE
100
AcDbEntity
  8
Arch_Section_Handrail
 48
6.0
100
AcDbLine
 10
803.840875871991
 20
203.001643186569
 30
0.0
 11
800.9259571875618
 21
204.828325562145
 31
0.0
  0
LINE
  5
E98
330
D0BE
100
AcDbEntity
  8
Arch_Section_Handrail
 48
0.100000001490116
100
AcDbLine
 10
805.6675582475699
 20
200.086724502137
 30
0.0
 11
802.752639563136
 21
201.913406877714
 31
0.0
  0
LINE
  5
E99
330
D0BE
100
AcDbEntity
  8
Arch_Section_Handrail
100
AcDbLine
 10
800.9259571875579
 20
204.82832556215
 30
0.0
 11
798.982678064606
 21
206.046113812531
 31
0.0
  0
LINE
  5
E9A
330
D0BE
100
AcDbEntity
  8
Arch_Section_Handrail
100
AcDbLine
 10
802.752639563136
 20
201.913406877714
 30
0.0
 11
800.809360440185
 21
203.131195128098
 31
0.0
  0
LINE
  5
E9B
330
D0BE
100
AcDbEntity
  8
Arch_Section_Handrail
 48
6.0
100
AcDbLine
 10
803.932148329207
 20
195.273588954082
 30
0.0
 11
790.2305987724639
 21
203.859893342973
 31
0.0
  0
LINE
  5
E9C
330
D0BE
100
AcDbEntity
  8
Arch_Section_Handrail
100
AcDbLine
 10
890.3855987724719
 20
253.617510401296
 30
0.0
 11
891.385598772474
 21
253.617510401296
 31
0.0
  0
LINE
  5
E9D
330
D0BE
100
AcDbEntity
  8
Arch_Section_Handrail
100
AcDbLine
 10
890.3855987724719
 20
255.617510401296
 30
0.0
 11
891.385598772474
 21
255.617510401296
 31
0.0
  0
LINE
  5
E9E
330
D0BE
100
AcDbEntity
  8
Arch_Section_Handrail
100
AcDbLine
 10
890.3855987724719
 20
271.617667094455
 30
0.0
 11
891.385598772474
 21
271.617667094455
 31
0.0
  0
LINE
  5
E9F
330
D0BE
100
AcDbEntity
  8
Arch_Section_Handrail
100
AcDbLine
 10
890.3855987724719
 20
269.617667094455
 30
0.0
 11
891.385598772474
 21
269.617667094455
 31
0.0
  0
LINE
  5
EA0
330
D0BE
100
AcDbEntity
  8
Arch_Section_Handrail
 48
0.100000001490116
100
AcDbLine
 10
886.001222372087
 20
251.410304455652
 30
0.0
 11
885.156935468688
 21
250.874413025649
 31
0.0
  0
LINE
  5
EA1
330
D0BE
100
AcDbEntity
  8
Arch_Section_Handrail
 48
0.100000001490116
100
AcDbLine
 10
884.92943951208
 20
253.098878262449
 30
0.0
 11
884.085152608681
 21
252.562986832445
 31
0.0
  0
LINE
  5
EA2
330
D0BE
100
AcDbEntity
  8
Arch_Section_Handrail
 48
0.100000001490116
100
AcDbLine
 10
878.367919143128
 20
263.436430616799
 30
0.0
 11
877.5236322397288
 21
262.900539186797
 31
0.0
  0
LINE
  5
EA3
330
D0BE
100
AcDbEntity
  8
Arch_Section_Handrail
 48
0.100000001490116
100
AcDbLine
 10
879.4397020031309
 20
261.747856809999
 30
0.0
 11
878.59541509973
 21
261.211965379998
 31
0.0
  0
LINE
  5
EA4
330
D0BE
100
AcDbEntity
  8
Arch_Section_Handrail
 48
0.100000001490116
100
AcDbLine
 10
790.230598772466
 20
191.890843734629
 30
0.0
 11
789.230598772467
 21
191.890843734629
 31
0.0
  0
LINE
  5
EA5
330
D0BE
100
AcDbEntity
  8
Arch_Section_Handrail
 48
0.100000001490116
100
AcDbLine
 10
790.230598772466
 20
193.890843734629
 30
0.0
 11
789.230598772467
 21
193.890843734629
 31
0.0
  0
LINE
  5
EA6
330
D0BE
100
AcDbEntity
  8
Arch_Section_Handrail
 48
0.100000001490116
100
AcDbLine
 10
804.53220460923
 20
200.061912183803
 30
0.0
 11
805.3795675762989
 21
200.592926309833
 31
0.0
  0
LINE
  5
EA7
330
D0BE
100
AcDbEntity
  8
Arch_Section_Handrail
 48
0.100000001490116
100
AcDbLine
 10
803.470176357171
 20
201.756638117938
 30
0.0
 11
804.3175393242391
 21
202.287652243967
 31
0.0
  0
LINE
  5
EA8
330
D0BE
100
AcDbEntity
  8
Arch_Section_Handrail
 48
0.100000001490116
100
AcDbLine
 10
797.264342918916
 20
211.65956381728
 30
0.0
 11
798.111705885984
 21
212.190577943309
 31
0.0
  0
LINE
  5
EA9
330
D0BE
100
AcDbEntity
  8
Arch_Section_Handrail
 48
0.100000001490116
100
AcDbLine
 10
798.326371170974
 20
209.964837883144
 30
0.0
 11
799.1737341380419
 21
210.495852009174
 31
0.0
  0
LINE
  5
EAA
330
D0BE
100
AcDbEntity
  8
Arch_Section_Handrail
 48
6.0
100
AcDbLine
 10
797.973196794996
 20
178.165461666379
 30
0.0
 11
797.1258338279279
 21
178.696475792408
 31
0.0
  0
LINE
  5
EAB
330
D0BE
100
AcDbEntity
  8
Arch_Section_Handrail
 48
6.0
100
AcDbLine
 10
799.035225047054
 20
179.860187600514
 30
0.0
 11
798.187862079984
 21
180.391201726543
 31
0.0
  0
LINE
  5
EAC
330
D0BE
100
AcDbEntity
  8
Arch_Section_Handrail
100
AcDbLine
 10
805.7584378772359
 20
190.58871871251
 30
0.0
 11
804.911074910168
 21
191.119732838539
 31
0.0
  0
LINE
  5
EAD
330
D0BE
100
AcDbEntity
  8
Arch_Section_Handrail
100
AcDbLine
 10
804.696409625178
 20
188.893992778375
 30
0.0
 11
803.8490466581119
 21
189.425006904403
 31
0.0
  0
LINE
  5
EAE
330
D0BE
100
AcDbEntity
  8
Arch_Section_Handrail
 48
0.100000001490116
100
AcDbLine
 10
789.230598772467
 20
185.723314943157
 30
0.0
 11
789.230598772466
 21
216.653071645177
 31
0.0
  0
LINE
  5
EAF
330
D0BE
100
AcDbEntity
  8
Arch_Section_Handrail
 48
0.100000001490116
100
AcDbLine
 10
787.730598772466
 20
184.783314943155
 30
0.0
 11
787.730598772467
 21
215.700981613023
 31
0.0
  0
LINE
  5
EB0
330
D0BE
100
AcDbEntity
  8
Arch_Section_Handrail
 48
6.0
100
AcDbLine
 10
790.230598772466
 20
200.859893342973
 30
0.0
 11
789.230598772467
 21
200.859893342973
 31
0.0
  0
LINE
  5
EB1
330
D0BE
100
AcDbEntity
  8
Arch_Section_Handrail
 48
6.0
100
AcDbLine
 10
790.230598772466
 20
198.8598933429729
 30
0.0
 11
789.230598772467
 21
198.8598933429729
 31
0.0
  0
LINE
  5
EB2
330
D0BE
100
AcDbEntity
  8
Arch_Section_Handrail
 48
6.0
100
AcDbLine
 10
790.230598772467
 20
181.145427635689
 30
0.0
 11
789.230598772469
 21
181.145427635689
 31
0.0
  0
LINE
  5
EB3
330
D0BE
100
AcDbEntity
  8
Arch_Section_Handrail
 48
6.0
100
AcDbLine
 10
790.230598772467
 20
183.145427635689
 30
0.0
 11
789.230598772469
 21
183.145427635689
 31
0.0
  0
LINE
  5
EB4
330
D0BE
100
AcDbEntity
  8
Arch_Section_Handrail
 48
0.100000001490116
100
AcDbLine
 10
898.8106636571981
 20
120.969689901296
 30
0.0
 11
903.058776665431
 21
127.748593637836
 31
0.0
  0
LINE
  5
EB5
330
D0BE
100
AcDbEntity
  8
Arch_Section_Handrail
 48
0.100000001490116
100
AcDbLine
 10
893.2971552848128
 20
119.704294537141
 30
0.0
 11
901.793381301276
 21
133.262102010223
 31
0.0
  0
LINE
  5
EB6
330
D0BE
100
AcDbEntity
  8
Arch_Section_Handrail
 48
0.100000001490116
100
AcDbLine
 10
901.7933813012779
 20
133.262102010223
 30
0.0
 11
901.7933813012779
 21
133.262102010223
 31
0.0
  0
LINE
  5
EB7
330
D0BE
100
AcDbEntity
  8
Arch_Section_Handrail
 48
0.100000001490116
100
AcDbLine
 10
893.2971552848128
 20
119.704294537141
 30
0.0
 11
893.297155284811
 21
119.704294537141
 31
0.0
  0
ARC
  5
EB8
330
D0BE
100
AcDbEntity
  8
Arch_Section_Handrail
 48
0.100000001490116
100
AcDbCircle
 10
899.6693247971609
 20
129.872650141953
 30
0.0
 40
4.0
100
AcDbArc
 50
327.925999124707
 51
57.92599912470489
  0
ARC
  5
EB9
330
D0BE
100
AcDbEntity
  8
Arch_Section_Handrail
 48
0.100000001490116
100
AcDbCircle
 10
895.421211788928
 20
123.093746405411
 30
0.0
 40
4.0
100
AcDbArc
 50
237.925999124705
 51
327.925999124709
  0
LINE
  5
EBA
330
D0BE
100
AcDbEntity
  8
Arch_Section_Handrail
 48
0.100000001490116
100
AcDbLine
 10
900.200338923191
 20
130.720013109019
 30
0.0
 11
899.352975956123
 21
131.251027235048
 31
0.0
  0
LINE
  5
EBB
330
D0BE
100
AcDbEntity
  8
Arch_Section_Handrail
 48
0.100000001490116
100
AcDbLine
 10
899.138310671133
 20
129.025287174883
 30
0.0
 11
898.290947704066
 21
129.556301300912
 31
0.0
  0
LINE
  5
EBC
330
D0BE
100
AcDbEntity
  8
Arch_Section_Handrail
 48
0.100000001490116
100
AcDbLine
 10
894.890197662899
 20
122.246383438345
 30
0.0
 11
894.0428346958279
 21
122.777397564376
 31
0.0
  0
LINE
  5
EBD
330
D0BE
100
AcDbEntity
  8
Arch_Section_Handrail
 48
0.100000001490116
100
AcDbLine
 10
895.9522259149549
 20
123.941109372481
 30
0.0
 11
895.104862947884
 21
124.472123498511
 31
0.0
  0
LINE
  5
EBE
330
D0BE
100
AcDbEntity
  8
Arch_Section_Handrail
100
AcDbLine
 10
789.230598772467
 20
211.986114078079
 30
0.0
 11
789.503954236604
 21
211.986114078079
 31
0.0
  0
LINE
  5
EBF
330
D0BE
100
AcDbEntity
  8
Arch_Section_Handrail
 48
0.100000001490116
100
AcDbLine
 10
892.8855987724741
 20
285.188517971068
 30
0.0
 11
891.38559877247
 21
285.188517971068
 31
0.0
  0
LINE
  5
EC0
330
D0BE
100
AcDbEntity
  8
Struc_Plan_Deck
100
AcDbLine
 10
840.522870797459
 20
389.6885179710679
 30
0.0
 11
849.30044207556
 21
389.688517971067
 31
0.0
  0
LINE
  5
EC1
330
D0BE
100
AcDbEntity
  8
Struc_Plan_Deck
100
AcDbLine
 10
756.875811973929
 20
389.6885179710679
 30
0.0
 11
765.6533832520319
 21
389.688517971067
 31
0.0
  0
LINE
  5
EC2
330
D0BE
100
AcDbEntity
  8
Struc_Plan_Deck
100
AcDbLine
 10
735.964047268047
 20
389.6885179710679
 30
0.0
 11
744.741618546149
 21
389.688517971067
 31
0.0
  0
LINE
  5
EC3
330
D0BE
100
AcDbEntity
  8
Struc_Plan_Deck
100
AcDbLine
 10
723.8721310007268
 20
389.6885179710679
 30
0.0
 11
725.347911662552
 21
391.164298632894
 31
0.0
  0
LINE
  5
EC4
330
D0BE
100
AcDbEntity
  8
Struc_Plan_Deck
100
AcDbLine
 10
735.964047268047
 20
389.6885179710679
 30
0.0
 11
734.488266606219
 21
391.164298632893
 31
0.0
  0
LINE
  5
EC5
330
D0BE
100
AcDbEntity
  8
Struc_Plan_Deck
100
AcDbLine
 10
725.347911662552
 20
391.164298632894
 30
0.0
 11
734.488266606219
 21
391.164298632893
 31
0.0
  0
LINE
  5
EC6
330
D0BE
100
AcDbEntity
  8
Struc_Plan_Deck
100
AcDbLine
 10
744.7838957066079
 20
389.6885179710679
 30
0.0
 11
746.259676368435
 21
391.164298632894
 31
0.0
  0
LINE
  5
EC7
330
D0BE
100
AcDbEntity
  8
Struc_Plan_Deck
100
AcDbLine
 10
756.875811973929
 20
389.6885179710679
 30
0.0
 11
755.400031312102
 21
391.164298632893
 31
0.0
  0
LINE
  5
EC8
330
D0BE
100
AcDbEntity
  8
Struc_Plan_Deck
100
AcDbLine
 10
746.259676368435
 20
391.164298632894
 30
0.0
 11
755.400031312102
 21
391.164298632893
 31
0.0
  0
LINE
  5
EC9
330
D0BE
100
AcDbEntity
  8
Struc_Plan_Deck
100
AcDbLine
 10
840.522870797459
 20
389.6885179710679
 30
0.0
 11
839.04709013563
 21
391.164298632893
 31
0.0
  0
LINE
  5
ECA
330
D0BE
100
AcDbEntity
  8
Struc_Plan_Deck
100
AcDbLine
 10
777.7875766798119
 20
389.6885179710679
 30
0.0
 11
786.565147957913
 21
389.688517971067
 31
0.0
  0
LINE
  5
ECB
330
D0BE
100
AcDbEntity
  8
Struc_Plan_Deck
100
AcDbLine
 10
765.69566041249
 20
389.6885179710679
 30
0.0
 11
767.1714410743179
 21
391.164298632894
 31
0.0
  0
LINE
  5
ECC
330
D0BE
100
AcDbEntity
  8
Struc_Plan_Deck
100
AcDbLine
 10
777.7875766798119
 20
389.6885179710679
 30
0.0
 11
776.3117960179829
 21
391.164298632893
 31
0.0
  0
LINE
  5
ECD
330
D0BE
100
AcDbEntity
  8
Struc_Plan_Deck
100
AcDbLine
 10
767.1714410743179
 20
391.164298632894
 30
0.0
 11
776.3117960179829
 21
391.164298632893
 31
0.0
  0
LINE
  5
ECE
330
D0BE
100
AcDbEntity
  8
Struc_Plan_Deck
100
AcDbLine
 10
798.699341385693
 20
389.6885179710679
 30
0.0
 11
807.4769126637958
 21
389.688517971067
 31
0.0
  0
LINE
  5
ECF
330
D0BE
100
AcDbEntity
  8
Struc_Plan_Deck
100
AcDbLine
 10
786.6074251183729
 20
389.6885179710679
 30
0.0
 11
788.083205780199
 21
391.164298632894
 31
0.0
  0
LINE
  5
ED0
330
D0BE
100
AcDbEntity
  8
Struc_Plan_Deck
100
AcDbLine
 10
798.699341385693
 20
389.6885179710679
 30
0.0
 11
797.2235607238659
 21
391.164298632893
 31
0.0
  0
LINE
  5
ED1
330
D0BE
100
AcDbEntity
  8
Struc_Plan_Deck
100
AcDbLine
 10
788.083205780199
 20
391.164298632894
 30
0.0
 11
797.2235607238659
 21
391.164298632893
 31
0.0
  0
LINE
  5
ED2
330
D0BE
100
AcDbEntity
  8
Struc_Plan_Deck
100
AcDbLine
 10
819.6111060915759
 20
389.6885179710679
 30
0.0
 11
828.388677369678
 21
389.688517971067
 31
0.0
  0
LINE
  5
ED3
330
D0BE
100
AcDbEntity
  8
Struc_Plan_Deck
100
AcDbLine
 10
807.5191898242559
 20
389.6885179710679
 30
0.0
 11
808.9949704860821
 21
391.164298632894
 31
0.0
  0
LINE
  5
ED4
330
D0BE
100
AcDbEntity
  8
Struc_Plan_Deck
100
AcDbLine
 10
819.6111060915759
 20
389.6885179710679
 30
0.0
 11
818.1353254297489
 21
391.164298632893
 31
0.0
  0
LINE
  5
ED5
330
D0BE
100
AcDbEntity
  8
Struc_Plan_Deck
100
AcDbLine
 10
808.9949704860821
 20
391.164298632894
 30
0.0
 11
818.1353254297489
 21
391.164298632893
 31
0.0
  0
LINE
  5
ED6
330
D0BE
100
AcDbEntity
  8
Struc_Plan_Deck
100
AcDbLine
 10
828.430954530139
 20
389.6885179710679
 30
0.0
 11
829.9067351919649
 21
391.164298632894
 31
0.0
  0
LINE
  5
ED7
330
D0BE
100
AcDbEntity
  8
Struc_Plan_Deck
100
AcDbLine
 10
829.9067351919649
 20
391.164298632894
 30
0.0
 11
839.04709013563
 21
391.164298632893
 31
0.0
  0
LINE
  5
ED8
330
D0BE
100
AcDbEntity
  8
Struc_Plan_Deck
100
AcDbLine
 10
861.4346355033401
 20
389.6885179710679
 30
0.0
 11
870.2122067814419
 21
389.688517971067
 31
0.0
  0
LINE
  5
ED9
330
D0BE
100
AcDbEntity
  8
Struc_Plan_Deck
100
AcDbLine
 10
849.3427192360199
 20
389.6885179710679
 30
0.0
 11
850.818499897848
 21
391.164298632894
 31
0.0
  0
LINE
  5
EDA
330
D0BE
100
AcDbEntity
  8
Struc_Plan_Deck
100
AcDbLine
 10
861.4346355033401
 20
389.6885179710679
 30
0.0
 11
859.958854841513
 21
391.164298632893
 31
0.0
  0
LINE
  5
EDB
330
D0BE
100
AcDbEntity
  8
Struc_Plan_Deck
100
AcDbLine
 10
850.818499897848
 20
391.164298632894
 30
0.0
 11
859.958854841513
 21
391.164298632893
 31
0.0
  0
LINE
  5
EDC
330
D0BE
100
AcDbEntity
  8
Struc_Plan_Deck
100
AcDbLine
 10
870.2544839419031
 20
389.6885179710679
 30
0.0
 11
871.7544839419032
 21
391.188517971067
 31
0.0
  0
LINE
  5
EDD
330
D0BE
100
AcDbEntity
  8
Struc_Plan_Deck
100
AcDbLine
 10
945.1059136650449
 20
389.71273730924
 30
0.0
 11
945.533801687679
 21
389.71273730924
 31
0.0
  0
LINE
  5
EDE
330
D0BE
100
AcDbEntity
  8
Struc_Plan_Deck
100
AcDbLine
 10
924.1941489591621
 20
389.71273730924
 30
0.0
 11
932.971720237264
 21
389.71273730924
 31
0.0
  0
LINE
  5
EDF
330
D0BE
100
AcDbEntity
  8
Struc_Plan_Deck
100
AcDbLine
 10
912.1022326918419
 20
389.71273730924
 30
0.0
 11
913.5780133536689
 21
391.188517971067
 31
0.0
  0
LINE
  5
EE0
330
D0BE
100
AcDbEntity
  8
Struc_Plan_Deck
100
AcDbLine
 10
924.1941489591621
 20
389.71273730924
 30
0.0
 11
922.718368297334
 21
391.188517971067
 31
0.0
  0
LINE
  5
EE1
330
D0BE
100
AcDbEntity
  8
Struc_Plan_Deck
100
AcDbLine
 10
913.5780133536689
 20
391.188517971067
 30
0.0
 11
922.718368297334
 21
391.188517971067
 31
0.0
  0
LINE
  5
EE2
330
D0BE
100
AcDbEntity
  8
Struc_Plan_Deck
100
AcDbLine
 10
933.0139973977251
 20
389.71273730924
 30
0.0
 11
934.489778059552
 21
391.188517971067
 31
0.0
  0
LINE
  5
EE3
330
D0BE
100
AcDbEntity
  8
Struc_Plan_Deck
100
AcDbLine
 10
945.1059136650449
 20
389.71273730924
 30
0.0
 11
943.630133003217
 21
391.188517971067
 31
0.0
  0
LINE
  5
EE4
330
D0BE
100
AcDbEntity
  8
Struc_Plan_Deck
100
AcDbLine
 10
934.489778059552
 20
391.188517971067
 30
0.0
 11
943.630133003217
 21
391.188517971067
 31
0.0
  0
LINE
  5
EE5
330
D0BE
100
AcDbEntity
  8
Struc_Plan_Deck
100
AcDbLine
 10
882.3706195473981
 20
389.71273730924
 30
0.0
 11
891.1481908255
 21
389.71273730924
 31
0.0
  0
LINE
  5
EE6
330
D0BE
100
AcDbEntity
  8
Struc_Plan_Deck
100
AcDbLine
 10
882.3706195473981
 20
389.71273730924
 30
0.0
 11
880.8948388855698
 21
391.188517971067
 31
0.0
  0
LINE
  5
EE7
330
D0BE
100
AcDbEntity
  8
Struc_Plan_Deck
100
AcDbLine
 10
871.7544839419032
 20
391.188517971067
 30
0.0
 11
880.8948388855698
 21
391.188517971067
 31
0.0
  0
LINE
  5
EE8
330
D0BE
100
AcDbEntity
  8
Struc_Plan_Deck
100
AcDbLine
 10
891.190467985961
 20
389.71273730924
 30
0.0
 11
892.666248647786
 21
391.188517971067
 31
0.0
  0
LINE
  5
EE9
330
D0BE
100
AcDbEntity
  8
Struc_Plan_Deck
100
AcDbLine
 10
903.282384253281
 20
389.71273730924
 30
0.0
 11
901.806603591452
 21
391.188517971067
 31
0.0
  0
LINE
  5
EEA
330
D0BE
100
AcDbEntity
  8
Struc_Plan_Deck
100
AcDbLine
 10
892.666248647786
 20
391.188517971067
 30
0.0
 11
901.806603591452
 21
391.188517971067
 31
0.0
  0
LINE
  5
EEB
330
D0BE
100
AcDbEntity
  8
Struc_Plan_Deck
100
AcDbLine
 10
903.282384253281
 20
389.71273730924
 30
0.0
 11
912.0599555313811
 21
389.71273730924
 31
0.0
  0
LINE
  5
EEC
330
D0BE
100
AcDbEntity
  8
Arch_Section_Wall
 48
0.100000001490116
100
AcDbLine
 10
880.7605987724699
 20
276.526252651167
 30
0.0
 11
880.7605987724699
 21
379.6885179710679
 31
0.0
  0
LINE
  5
EED
330
D0BE
100
AcDbEntity
  8
Arch_Section_Wall
 48
0.100000001490116
100
AcDbLine
 10
880.7605987724699
 20
268.508422721462
 30
0.0
 11
880.7605987724699
 21
274.749605407241
 31
0.0
  0
LINE
  5
EEE
330
D0BE
100
AcDbEntity
  8
Arch_Section_Wall
 48
0.100000001490116
100
AcDbLine
 10
880.7605987724699
 20
257.800759087064
 30
0.0
 11
880.7605987724699
 21
259.66680870834
 31
0.0
  0
LINE
  5
EEF
330
D0BE
100
AcDbEntity
  8
Arch_Section_Wall
 48
0.100000001490116
100
AcDbLine
 10
880.7605987724699
 20
253.651327169948
 30
0.0
 11
880.7605987724699
 21
255.001684655154
 31
0.0
  0
LINE
  5
EF0
330
D0BE
100
AcDbEntity
  8
Arch_Section_Wall
 48
0.100000001490116
100
AcDbLine
 10
880.7605987724699
 20
246.544738194268
 30
0.0
 11
880.7605987724699
 21
253.208349790465
 31
0.0
  0
DIMENSION
  5
EF1
102
{ACAD_XDICTIONARY
360
1712
102
}
330
D0BE
100
AcDbEntity
  8
Dim @ 48
100
AcDbDimension
280
     0
  2
*D36
 10
905.582587133917
 20
244.688517971068
 30
0.0
 11
905.582587133917
 21
265.688517971068
 31
0.0
 71
     5
 42
0.0
 73
     0
 74
     0
 75
     0
  3
ROMANS-beside
100
AcDbAlignedDimension
 13
893.5105987724808
 23
286.688517971068
 33
0.0
 14
893.5105987724808
 24
244.688517971068
 34
0.0
 50
90.0
100
AcDbRotatedDimension
1001
AcadAnnotative
1000
AnnotativeData
1002
{
1070
     1
1070
     1
1002
}
1001
ACAD
1000
DSTYLE
1002
{
1070
    40
1040
48.0
1070
   147
1040
0.0625
1070
   141
1040
0.0625
1070
    42
1040
0.09375
1070
    44
1040
0.09375
1070
    41
1040
0.09375
1070
   140
1040
0.078125
1070
   279
1070
     2
1070
   289
1070
     0
1070
   174
1070
     0
1070
   175
1070
     0
1070
   172
1070
     0
1002
}
  0
DIMENSION
  5
EF3
102
{ACAD_XDICTIONARY
360
1701
102
}
330
D0BE
100
AcDbEntity
  8
Dim @ 48
100
AcDbDimension
280
     0
  2
*D37
 10
715.267599645572
 20
103.688517971068
 30
0.0
 11
715.267599645572
 21
138.938517971066
 31
0.0
 71
     5
 42
0.0
 73
     0
 74
     0
 75
     0
  3
ROMANS-beside
100
AcDbAlignedDimension
 13
739.855598772467
 23
174.188517971065
 33
0.0
 14
739.855598772467
 24
103.688517971068
 34
0.0
 50
90.0
100
AcDbRotatedDimension
1001
AcadAnnotative
1000
AnnotativeData
1002
{
1070
     1
1070
     1
1002
}
1001
ACAD
1000
DSTYLE
1002
{
1070
    40
1040
48.0
1070
   147
1040
0.0625
1070
   141
1040
0.0625
1070
    42
1040
0.09375
1070
    44
1040
0.09375
1070
    41
1040
0.09375
1070
   140
1040
0.078125
1070
   279
1070
     2
1070
   289
1070
     0
1070
   174
1070
     0
1070
   175
1070
     0
1070
   172
1070
     0
1002
}
  0
TEXT
  5
CF5E
330
D0BE
100
AcDbEntity
  8
Mleader @ 48
100
AcDbText
 10
322.849684943374
 20
552.621828257926
 30
0.0
 40
3.0
  1
EPDM ROOF CONSTRUCTION:
 41
1.149999976158139
100
AcDbText
  0
TEXT
  5
CF5F
330
D0BE
100
AcDbEntity
  8
Mleader @ 48
100
AcDbText
 10
322.849684943374
 20
547.621828257926
 30
0.0
 40
3.0
  1
EPDM ROOFING MEMBRANE
 41
1.149999976158139
100
AcDbText
  0
TEXT
  5
CF60
330
D0BE
100
AcDbEntity
  8
Mleader @ 48
100
AcDbText
 10
323.01397065766
 20
542.0503996864969
 30
0.0
 40
3.0
  1
3/4"[19] T & G PLYWOOD SHEATHING
 41
1.149999976158139
100
AcDbText
  0
TEXT
  5
CF61
330
D0BE
100
AcDbEntity
  8
Mleader @ 48
100
AcDbText
 10
323.342542086232
 20
537.0503996864969
 30
0.0
 40
3.0
  1
TJI ROOF JOISTS
 41
1.149999976158139
100
AcDbText
  0
TEXT
  5
CF62
330
D0BE
100
AcDbEntity
  8
Mleader @ 48
100
AcDbText
 10
323.342542086232
 20
532.0503996864969
 30
0.0
 40
3.0
  1
VAPOR BARRIER
 41
1.149999976158139
100
AcDbText
  0
TEXT
  5
CF63
330
D0BE
100
AcDbEntity
  8
Mleader @ 48
100
AcDbText
 10
322.521113514803
 20
526.4789711150689
 30
0.0
 40
3.0
  1
1/2"[12.5] GYPSUM BOARD
 41
1.149999976158139
100
AcDbText
  0
TEXT
  5
CF64
330
D0BE
100
AcDbEntity
  8
Mleader @ 48
100
AcDbText
 10
323.01397065766
 20
521.4789711150689
 30
0.0
 40
3.0
  1
SUSPENDED ACOUSTIC TILE
 41
1.149999976158139
100
AcDbText
  0
HATCH
  5
CF65
330
D0BE
100
AcDbEntity
  8
Mleader @ 48
100
AcDbHatch
 10
0.0
 20
0.0
 30
0.0
210
0.0
220
0.0
230
1.0
  2
SOLID
 70
     1
 71
     0
 91
        1
 92
        1
 93
        3
 72
     1
 10
455.170103686767
 20
502.685862553636
 11
453.654074697526
 21
493.688548726511
 72
     1
 10
453.654074697526
 20
493.688548726511
 11
452.170108446119
 21
502.6912063432749
 72
     1
 10
452.170108446119
 20
502.6912063432749
 11
455.170103686767
 21
502.685862553636
 97
        0
 75
     0
 76
     1
 98
        0
450
        0
451
        0
460
0.0
461
0.0
452
        0
462
0.0
453
        0
470

  0
LINE
  5
CF66
330
D0BE
100
AcDbEntity
  8
Mleader @ 48
100
AcDbLine
 10
453.6701060664429
 20
502.688534448456
 30
0.0
 11
453.761188066164
 21
553.821828257926
 31
0.0
  0
LINE
  5
CF67
330
D0BE
100
AcDbEntity
  8
Mleader @ 48
100
AcDbLine
 10
453.761188066164
 20
553.821828257926
 30
0.0
 11
429.3553992290889
 21
553.821828257926
 31
0.0
  0
TEXT
  5
CF68
330
D0BE
100
AcDbEntity
  8
Mleader @ 48
100
AcDbText
 10
368.01071441308
 20
385.287105183028
 30
0.0
 40
3.0
  1
2"x6" [38x140] WALL
 41
1.149999976158139
100
AcDbText
  0
TEXT
  5
CF69
330
D0BE
100
AcDbEntity
  8
Mleader @ 48
100
AcDbText
 10
367.846428698794
 20
380.001390897314
 30
0.0
 40
3.0
  1
FRAMING
 41
1.149999976158139
100
AcDbText
  0
HATCH
  5
CF6A
330
D0BE
100
AcDbEntity
  8
Mleader @ 48
100
AcDbHatch
 10
0.0
 20
0.0
 30
0.0
210
0.0
220
0.0
230
1.0
  2
SOLID
 70
     1
 71
     0
 91
        1
 92
        1
 93
        3
 72
     1
 10
332.487900685804
 20
369.216215465162
 11
325.050488515085
 21
363.930867775289
 72
     1
 10
325.050488515085
 20
363.930867775289
 11
330.371711587968
 21
371.342654672429
 72
     1
 10
330.371711587968
 20
371.342654672429
 11
332.487900685804
 21
369.216215465162
 97
        0
 75
     0
 76
     1
 98
        0
450
        0
451
        0
460
0.0
461
0.0
452
        0
462
0.0
453
        0
470

  0
LINE
  5
CF6B
330
D0BE
100
AcDbEntity
  8
Mleader @ 48
100
AcDbLine
 10
331.429806136886
 20
370.279435068795
 30
0.0
 11
348.00307895284
 21
386.772819468742
 31
0.0
  0
LINE
  5
CF6C
330
D0BE
100
AcDbEntity
  8
Mleader @ 48
100
AcDbLine
 10
348.00307895284
 20
386.772819468742
 30
0.0
 11
364.183571555937
 21
386.772819468742
 31
0.0
  0
TEXT
  5
CF6D
330
D0BE
100
AcDbEntity
  8
Mleader @ 48
100
AcDbText
 10
362.503276169903
 20
402.555597646511
 30
0.0
 40
3.0
  1
3/4"[30] O.S.B SHEATHING
 41
1.149999976158139
100
AcDbText
  0
HATCH
  5
CF6E
330
D0BE
100
AcDbEntity
  8
Mleader @ 48
100
AcDbHatch
 10
0.0
 20
0.0
 30
0.0
210
0.0
220
0.0
230
1.0
  2
SOLID
 70
     1
 71
     0
 91
        1
 92
        1
 93
        3
 72
     1
 10
330.240592026682
 20
393.075093384268
 11
322.754244544354
 21
387.859290342181
 72
     1
 10
322.754244544354
 20
387.859290342181
 11
328.144312797771
 21
395.221162673559
 72
     1
 10
328.144312797771
 20
395.221162673559
 11
330.240592026682
 21
393.075093384268
 97
        0
 75
     0
 76
     1
 98
        0
450
        0
451
        0
460
0.0
461
0.0
452
        0
462
0.0
453
        0
470

  0
LINE
  5
CF6F
330
D0BE
100
AcDbEntity
  8
Mleader @ 48
100
AcDbLine
 10
329.192452412226
 20
394.1481280289129
 30
0.0
 11
339.115865287501
 21
403.841311932225
 31
0.0
  0
LINE
  5
CF70
330
D0BE
100
AcDbEntity
  8
Mleader @ 48
100
AcDbLine
 10
339.115865287501
 20
403.841311932225
 30
0.0
 11
358.67613331276
 21
403.841311932225
 31
0.0
  0
TEXT
  5
CF71
330
D0BE
100
AcDbEntity
  8
Mleader @ 48
100
AcDbText
 10
370.118289540248
 20
427.8244852043839
 30
0.0
 40
3.0
  1
1/2"[12.5] GYPSUM BOARD
 41
1.149999976158139
100
AcDbText
  0
HATCH
  5
CF72
330
D0BE
100
AcDbEntity
  8
Mleader @ 48
100
AcDbHatch
 10
0.0
 20
0.0
 30
0.0
210
0.0
220
0.0
230
1.0
  2
SOLID
 70
     1
 71
     0
 91
        1
 92
        1
 93
        3
 72
     1
 10
337.291141890119
 20
418.8074347213079
 11
329.853708701822
 21
413.522116606983
 72
     1
 10
329.853708701822
 20
413.522116606983
 11
335.174961248268
 21
420.933882343765
 72
     1
 10
335.174961248268
 20
420.933882343765
 11
337.291141890119
 21
418.8074347213079
 97
        0
 75
     0
 76
     1
 98
        0
450
        0
451
        0
460
0.0
461
0.0
452
        0
462
0.0
453
        0
470

  0
LINE
  5
CF73
330
D0BE
100
AcDbEntity
  8
Mleader @ 48
100
AcDbLine
 10
336.233051569194
 20
419.8706585325369
 30
0.0
 11
345.804520074663
 21
429.395913775812
 31
0.0
  0
LINE
  5
CF74
330
D0BE
100
AcDbEntity
  8
Mleader @ 48
100
AcDbLine
 10
345.804520074663
 20
429.395913775812
 30
0.0
 11
366.784003825962
 21
429.395913775812
 31
0.0
  0
POLYLINE
  5
CF75
330
D0BE
100
AcDbEntity
  8
Mleader @ 24
100
AcDb2dPolyline
 66
     1
 10
0.0
 20
0.0
 30
0.0
  0
VERTEX
  5
D11F
330
CF75
100
AcDbEntity
  8
Mleader @ 24
100
AcDbVertex
100
AcDb2dVertex
 10
473.082005146423
 20
275.046161655042
 30
0.0
  0
VERTEX
  5
D120
330
CF75
100
AcDbEntity
  8
Mleader @ 24
100
AcDbVertex
100
AcDb2dVertex
 10
473.0842357743839
 20
275.012839916198
 30
0.0
  0
VERTEX
  5
D121
330
CF75
100
AcDbEntity
  8
Mleader @ 24
100
AcDbVertex
100
AcDb2dVertex
 10
473.090887852659
 20
274.980112804574
 30
0.0
  0
VERTEX
  5
D122
330
CF75
100
AcDbEntity
  8
Mleader @ 24
100
AcDbVertex
100
AcDb2dVertex
 10
473.101842674754
 20
274.948564336251
 30
0.0
  0
VERTEX
  5
D123
330
CF75
100
AcDbEntity
  8
Mleader @ 24
100
AcDbVertex
100
AcDb2dVertex
 10
473.116904751608
 20
274.918757494394
 30
0.0
  0
VERTEX
  5
D124
330
CF75
100
AcDbEntity
  8
Mleader @ 24
100
AcDbVertex
100
AcDb2dVertex
 10
473.135805300103
 20
274.891224182802
 30
0.0
  0
VERTEX
  5
D125
330
CF75
100
AcDbEntity
  8
Mleader @ 24
100
AcDbVertex
100
AcDb2dVertex
 10
473.158207039504
 20
274.866455734072
 30
0.0
  0
VERTEX
  5
D126
330
CF75
100
AcDbEntity
  8
Mleader @ 24
100
AcDbVertex
100
AcDb2dVertex
 10
473.183710210241
 20
274.84489414176
 30
0.0
  0
VERTEX
  5
D127
330
CF75
100
AcDbEntity
  8
Mleader @ 24
100
AcDbVertex
100
AcDb2dVertex
 10
473.211859707626
 20
274.82692417299
 30
0.0
  0
VERTEX
  5
D128
330
CF75
100
AcDbEntity
  8
Mleader @ 24
100
AcDbVertex
100
AcDb2dVertex
 10
473.242153203214
 20
274.812866502281
 30
0.0
  0
VERTEX
  5
D129
330
CF75
100
AcDbEntity
  8
Mleader @ 24
100
AcDbVertex
100
AcDb2dVertex
 10
473.2740501088559
 20
274.8029719891
 30
0.0
  0
VERTEX
  5
D12A
330
CF75
100
AcDbEntity
  8
Mleader @ 24
100
AcDbVertex
100
AcDb2dVertex
 10
473.306981223517
 20
274.79741720127
 30
0.0
  0
VERTEX
  5
D12B
330
CF75
100
AcDbEntity
  8
Mleader @ 24
100
AcDbVertex
100
AcDb2dVertex
 10
473.340358890675
 20
274.796301264109
 30
0.0
  0
VERTEX
  5
D12C
330
CF75
100
AcDbEntity
  8
Mleader @ 24
100
AcDbVertex
100
AcDb2dVertex
 10
473.3735874850689
 20
274.799644091544
 30
0.0
  0
VERTEX
  5
D12D
330
CF75
100
AcDbEntity
  8
Mleader @ 24
100
AcDbVertex
100
AcDb2dVertex
 10
473.4060740416439
 20
274.80738603074
 30
0.0
  0
VERTEX
  5
D12E
330
CF75
100
AcDbEntity
  8
Mleader @ 24
100
AcDbVertex
100
AcDb2dVertex
 10
473.4372388370299
 20
274.819388926608
 30
0.0
  0
VERTEX
  5
D12F
330
CF75
100
AcDbEntity
  8
Mleader @ 24
100
AcDbVertex
100
AcDb2dVertex
 10
473.4665257347139
 20
274.835438587188
 30
0.0
  0
VERTEX
  5
D130
330
CF75
100
AcDbEntity
  8
Mleader @ 24
100
AcDbVertex
100
AcDb2dVertex
 10
473.493412109313
 20
274.855248605905
 30
0.0
  0
VERTEX
  5
D131
330
CF75
100
AcDbEntity
  8
Mleader @ 24
100
AcDbVertex
100
AcDb2dVertex
 10
473.517418172835
 20
274.878465472507
 30
0.0
  0
VERTEX
  5
D132
330
CF75
100
AcDbEntity
  8
Mleader @ 24
100
AcDbVertex
100
AcDb2dVertex
 10
473.538115536508
 20
274.904674881459
 30
0.0
  0
VERTEX
  5
D133
330
CF75
100
AcDbEntity
  8
Mleader @ 24
100
AcDbVertex
100
AcDb2dVertex
 10
473.555134855388
 20
274.933409125238
 30
0.0
  0
VERTEX
  5
D134
330
CF75
100
AcDbEntity
  8
Mleader @ 24
100
AcDbVertex
100
AcDb2dVertex
 10
473.568172419325
 20
274.964155440582
 30
0.0
  0
VERTEX
  5
D135
330
CF75
100
AcDbEntity
  8
Mleader @ 24
100
AcDbVertex
100
AcDb2dVertex
 10
473.576995572682
 20
274.9963651587659
 30
0.0
  0
VERTEX
  5
D136
330
CF75
100
AcDbEntity
  8
Mleader @ 24
100
AcDbVertex
100
AcDb2dVertex
 10
473.581446866079
 20
275.029463496605
 30
0.0
  0
VERTEX
  5
D137
330
CF75
100
AcDbEntity
  8
Mleader @ 24
100
AcDbVertex
100
AcDb2dVertex
 10
473.581446866079
 20
275.062859813478
 30
0.0
  0
VERTEX
  5
D138
330
CF75
100
AcDbEntity
  8
Mleader @ 24
100
AcDbVertex
100
AcDb2dVertex
 10
473.576995572682
 20
275.095958151318
 30
0.0
  0
VERTEX
  5
D139
330
CF75
100
AcDbEntity
  8
Mleader @ 24
100
AcDbVertex
100
AcDb2dVertex
 10
473.568172419325
 20
275.128167869502
 30
0.0
  0
VERTEX
  5
D13A
330
CF75
100
AcDbEntity
  8
Mleader @ 24
100
AcDbVertex
100
AcDb2dVertex
 10
473.555134855388
 20
275.158914184846
 30
0.0
  0
VERTEX
  5
D13B
330
CF75
100
AcDbEntity
  8
Mleader @ 24
100
AcDbVertex
100
AcDb2dVertex
 10
473.538115536508
 20
275.187648428624
 30
0.0
  0
VERTEX
  5
D13C
330
CF75
100
AcDbEntity
  8
Mleader @ 24
100
AcDbVertex
100
AcDb2dVertex
 10
473.517418172835
 20
275.213857837577
 30
0.0
  0
VERTEX
  5
D13D
330
CF75
100
AcDbEntity
  8
Mleader @ 24
100
AcDbVertex
100
AcDb2dVertex
 10
473.493412109313
 20
275.237074704179
 30
0.0
  0
VERTEX
  5
D13E
330
CF75
100
AcDbEntity
  8
Mleader @ 24
100
AcDbVertex
100
AcDb2dVertex
 10
473.4665257347139
 20
275.256884722896
 30
0.0
  0
VERTEX
  5
D13F
330
CF75
100
AcDbEntity
  8
Mleader @ 24
100
AcDbVertex
100
AcDb2dVertex
 10
473.4372388370299
 20
275.272934383475
 30
0.0
  0
VERTEX
  5
D140
330
CF75
100
AcDbEntity
  8
Mleader @ 24
100
AcDbVertex
100
AcDb2dVertex
 10
473.4060740416439
 20
275.284937279343
 30
0.0
  0
VERTEX
  5
D141
330
CF75
100
AcDbEntity
  8
Mleader @ 24
100
AcDbVertex
100
AcDb2dVertex
 10
473.3735874850689
 20
275.2926792185391
 30
0.0
  0
VERTEX
  5
D142
330
CF75
100
AcDbEntity
  8
Mleader @ 24
100
AcDbVertex
100
AcDb2dVertex
 10
473.340358890675
 20
275.296022045974
 30
0.0
  0
VERTEX
  5
D143
330
CF75
100
AcDbEntity
  8
Mleader @ 24
100
AcDbVertex
100
AcDb2dVertex
 10
473.306981223517
 20
275.294906108814
 30
0.0
  0
VERTEX
  5
D144
330
CF75
100
AcDbEntity
  8
Mleader @ 24
100
AcDbVertex
100
AcDb2dVertex
 10
473.2740501088559
 20
275.289351320983
 30
0.0
  0
VERTEX
  5
D145
330
CF75
100
AcDbEntity
  8
Mleader @ 24
100
AcDbVertex
100
AcDb2dVertex
 10
473.242153203214
 20
275.279456807802
 30
0.0
  0
VERTEX
  5
D146
330
CF75
100
AcDbEntity
  8
Mleader @ 24
100
AcDbVertex
100
AcDb2dVertex
 10
473.211859707626
 20
275.265399137093
 30
0.0
  0
VERTEX
  5
D147
330
CF75
100
AcDbEntity
  8
Mleader @ 24
100
AcDbVertex
100
AcDb2dVertex
 10
473.183710210241
 20
275.247429168324
 30
0.0
  0
VERTEX
  5
D148
330
CF75
100
AcDbEntity
  8
Mleader @ 24
100
AcDbVertex
100
AcDb2dVertex
 10
473.158207039504
 20
275.225867576011
 30
0.0
  0
VERTEX
  5
D149
330
CF75
100
AcDbEntity
  8
Mleader @ 24
100
AcDbVertex
100
AcDb2dVertex
 10
473.135805300103
 20
275.201099127282
 30
0.0
  0
VERTEX
  5
D14A
330
CF75
100
AcDbEntity
  8
Mleader @ 24
100
AcDbVertex
100
AcDb2dVertex
 10
473.116904751608
 20
275.17356581569
 30
0.0
  0
VERTEX
  5
D14B
330
CF75
100
AcDbEntity
  8
Mleader @ 24
100
AcDbVertex
100
AcDb2dVertex
 10
473.101842674754
 20
275.143758973833
 30
0.0
  0
VERTEX
  5
D14C
330
CF75
100
AcDbEntity
  8
Mleader @ 24
100
AcDbVertex
100
AcDb2dVertex
 10
473.090887852659
 20
275.11221050551
 30
0.0
  0
VERTEX
  5
D14D
330
CF75
100
AcDbEntity
  8
Mleader @ 24
100
AcDbVertex
100
AcDb2dVertex
 10
473.0842357743839
 20
275.079483393885
 30
0.0
  0
VERTEX
  5
D14E
330
CF75
100
AcDbEntity
  8
Mleader @ 24
100
AcDbVertex
100
AcDb2dVertex
 10
473.082005146423
 20
275.046161655042
 30
0.0
  0
SEQEND
  5
D14F
330
CF75
100
AcDbEntity
  8
0
  0
LINE
  5
CF76
330
D0BE
100
AcDbEntity
  8
Mleader @ 24
100
AcDbLine
 10
479.332005146423
 20
275.046161655042
 30
0.0
 11
467.332005146423
 21
275.046161655042
 31
0.0
  0
TEXT
  5
CF77
330
D0BE
100
AcDbEntity
  8
Mleader @ 24
100
AcDbText
 10
472.582005146423
 20
275.546161655042
 30
0.0
 40
2.25
  1
2
100
AcDbText
  0
TEXT
  5
CF78
330
D0BE
100
AcDbEntity
  8
Mleader @ 24
100
AcDbText
 10
469.394505146423
 20
271.296161655042
 30
0.0
 40
2.25
  1
A-05
100
AcDbText
  0
HATCH
  5
CF79
330
D0BE
100
AcDbEntity
  8
Mleader @ 24
100
AcDbHatch
 10
0.0
 20
0.0
 30
0.0
210
0.0
220
0.0
230
1.0
  2
SOLID
 70
     1
 71
     0
 91
        1
 92
        1
 93
        3
 72
     1
 10
449.033452094831
 20
264.741474775776
 11
445.3077303948739
 21
262.108700988595
 72
     1
 10
445.3077303948739
 20
262.108700988595
 11
447.9781891530449
 21
265.80750485213
 72
     1
 10
447.9781891530449
 20
265.80750485213
 11
449.033452094831
 21
264.741474775776
 97
        0
 75
     0
 76
     1
 98
        0
450
        0
451
        0
460
0.0
461
0.0
452
        0
462
0.0
453
        0
470

  0
LINE
  5
CF7A
330
D0BE
100
AcDbEntity
  8
Mleader @ 24
100
AcDbLine
 10
448.5058206239379
 20
265.274489813953
 30
0.0
 11
458.377195488328
 21
275.046161655042
 31
0.0
  0
LINE
  5
CF7B
330
D0BE
100
AcDbEntity
  8
Mleader @ 24
100
AcDbLine
 10
458.377195488328
 20
275.046161655042
 30
0.0
 11
467.332005146423
 21
275.046161655042
 31
0.0
  0
POLYLINE
  5
CF7C
330
D0BE
100
AcDbEntity
  8
Mleader @ 48
100
AcDb2dPolyline
 66
     1
 10
0.0
 20
0.0
 30
0.0
  0
VERTEX
  5
D150
330
CF7C
100
AcDbEntity
  8
Mleader @ 48
100
AcDbVertex
100
AcDb2dVertex
 10
517.9315048412091
 20
273.88559087165
 30
0.0
  0
VERTEX
  5
D151
330
CF7C
100
AcDbEntity
  8
Mleader @ 48
100
AcDbVertex
100
AcDb2dVertex
 10
517.9337354691699
 20
273.8522691328061
 30
0.0
  0
VERTEX
  5
D152
330
CF7C
100
AcDbEntity
  8
Mleader @ 48
100
AcDbVertex
100
AcDb2dVertex
 10
517.940387547445
 20
273.819542021182
 30
0.0
  0
VERTEX
  5
D153
330
CF7C
100
AcDbEntity
  8
Mleader @ 48
100
AcDbVertex
100
AcDb2dVertex
 10
517.95134236954
 20
273.787993552859
 30
0.0
  0
VERTEX
  5
D154
330
CF7C
100
AcDbEntity
  8
Mleader @ 48
100
AcDbVertex
100
AcDb2dVertex
 10
517.9664044463939
 20
273.758186711002
 30
0.0
  0
VERTEX
  5
D155
330
CF7C
100
AcDbEntity
  8
Mleader @ 48
100
AcDbVertex
100
AcDb2dVertex
 10
517.9853049948889
 20
273.73065339941
 30
0.0
  0
VERTEX
  5
D156
330
CF7C
100
AcDbEntity
  8
Mleader @ 48
100
AcDbVertex
100
AcDb2dVertex
 10
518.0077067342899
 20
273.7058849506799
 30
0.0
  0
VERTEX
  5
D157
330
CF7C
100
AcDbEntity
  8
Mleader @ 48
100
AcDbVertex
100
AcDb2dVertex
 10
518.033209905027
 20
273.684323358368
 30
0.0
  0
VERTEX
  5
D158
330
CF7C
100
AcDbEntity
  8
Mleader @ 48
100
AcDbVertex
100
AcDb2dVertex
 10
518.0613594024119
 20
273.666353389598
 30
0.0
  0
VERTEX
  5
D159
330
CF7C
100
AcDbEntity
  8
Mleader @ 48
100
AcDbVertex
100
AcDb2dVertex
 10
518.091652898
 20
273.652295718889
 30
0.0
  0
VERTEX
  5
D15A
330
CF7C
100
AcDbEntity
  8
Mleader @ 48
100
AcDbVertex
100
AcDb2dVertex
 10
518.1235498036419
 20
273.642401205708
 30
0.0
  0
VERTEX
  5
D15B
330
CF7C
100
AcDbEntity
  8
Mleader @ 48
100
AcDbVertex
100
AcDb2dVertex
 10
518.156480918303
 20
273.636846417877
 30
0.0
  0
VERTEX
  5
D15C
330
CF7C
100
AcDbEntity
  8
Mleader @ 48
100
AcDbVertex
100
AcDb2dVertex
 10
518.189858585461
 20
273.635730480717
 30
0.0
  0
VERTEX
  5
D15D
330
CF7C
100
AcDbEntity
  8
Mleader @ 48
100
AcDbVertex
100
AcDb2dVertex
 10
518.2230871798549
 20
273.639073308152
 30
0.0
  0
VERTEX
  5
D15E
330
CF7C
100
AcDbEntity
  8
Mleader @ 48
100
AcDbVertex
100
AcDb2dVertex
 10
518.2555737364309
 20
273.646815247348
 30
0.0
  0
VERTEX
  5
D15F
330
CF7C
100
AcDbEntity
  8
Mleader @ 48
100
AcDbVertex
100
AcDb2dVertex
 10
518.286738531816
 20
273.658818143216
 30
0.0
  0
VERTEX
  5
D160
330
CF7C
100
AcDbEntity
  8
Mleader @ 48
100
AcDbVertex
100
AcDb2dVertex
 10
518.3160254295
 20
273.674867803795
 30
0.0
  0
VERTEX
  5
D161
330
CF7C
100
AcDbEntity
  8
Mleader @ 48
100
AcDbVertex
100
AcDb2dVertex
 10
518.3429118040989
 20
273.694677822513
 30
0.0
  0
VERTEX
  5
D162
330
CF7C
100
AcDbEntity
  8
Mleader @ 48
100
AcDbVertex
100
AcDb2dVertex
 10
518.366917867621
 20
273.717894689115
 30
0.0
  0
VERTEX
  5
D163
330
CF7C
100
AcDbEntity
  8
Mleader @ 48
100
AcDbVertex
100
AcDb2dVertex
 10
518.387615231294
 20
273.744104098067
 30
0.0
  0
VERTEX
  5
D164
330
CF7C
100
AcDbEntity
  8
Mleader @ 48
100
AcDbVertex
100
AcDb2dVertex
 10
518.404634550174
 20
273.772838341846
 30
0.0
  0
VERTEX
  5
D165
330
CF7C
100
AcDbEntity
  8
Mleader @ 48
100
AcDbVertex
100
AcDb2dVertex
 10
518.417672114111
 20
273.80358465719
 30
0.0
  0
VERTEX
  5
D166
330
CF7C
100
AcDbEntity
  8
Mleader @ 48
100
AcDbVertex
100
AcDb2dVertex
 10
518.426495267468
 20
273.835794375374
 30
0.0
  0
VERTEX
  5
D167
330
CF7C
100
AcDbEntity
  8
Mleader @ 48
100
AcDbVertex
100
AcDb2dVertex
 10
518.430946560865
 20
273.868892713213
 30
0.0
  0
VERTEX
  5
D168
330
CF7C
100
AcDbEntity
  8
Mleader @ 48
100
AcDbVertex
100
AcDb2dVertex
 10
518.430946560865
 20
273.9022890300859
 30
0.0
  0
VERTEX
  5
D169
330
CF7C
100
AcDbEntity
  8
Mleader @ 48
100
AcDbVertex
100
AcDb2dVertex
 10
518.426495267468
 20
273.935387367926
 30
0.0
  0
VERTEX
  5
D16A
330
CF7C
100
AcDbEntity
  8
Mleader @ 48
100
AcDbVertex
100
AcDb2dVertex
 10
518.417672114111
 20
273.967597086109
 30
0.0
  0
VERTEX
  5
D16B
330
CF7C
100
AcDbEntity
  8
Mleader @ 48
100
AcDbVertex
100
AcDb2dVertex
 10
518.404634550174
 20
273.998343401454
 30
0.0
  0
VERTEX
  5
D16C
330
CF7C
100
AcDbEntity
  8
Mleader @ 48
100
AcDbVertex
100
AcDb2dVertex
 10
518.387615231294
 20
274.027077645232
 30
0.0
  0
VERTEX
  5
D16D
330
CF7C
100
AcDbEntity
  8
Mleader @ 48
100
AcDbVertex
100
AcDb2dVertex
 10
518.366917867621
 20
274.053287054184
 30
0.0
  0
VERTEX
  5
D16E
330
CF7C
100
AcDbEntity
  8
Mleader @ 48
100
AcDbVertex
100
AcDb2dVertex
 10
518.3429118040989
 20
274.076503920786
 30
0.0
  0
VERTEX
  5
D16F
330
CF7C
100
AcDbEntity
  8
Mleader @ 48
100
AcDbVertex
100
AcDb2dVertex
 10
518.3160254295
 20
274.096313939504
 30
0.0
  0
VERTEX
  5
D170
330
CF7C
100
AcDbEntity
  8
Mleader @ 48
100
AcDbVertex
100
AcDb2dVertex
 10
518.286738531816
 20
274.112363600083
 30
0.0
  0
VERTEX
  5
D171
330
CF7C
100
AcDbEntity
  8
Mleader @ 48
100
AcDbVertex
100
AcDb2dVertex
 10
518.2555737364309
 20
274.124366495951
 30
0.0
  0
VERTEX
  5
D172
330
CF7C
100
AcDbEntity
  8
Mleader @ 48
100
AcDbVertex
100
AcDb2dVertex
 10
518.2230871798549
 20
274.132108435147
 30
0.0
  0
VERTEX
  5
D173
330
CF7C
100
AcDbEntity
  8
Mleader @ 48
100
AcDbVertex
100
AcDb2dVertex
 10
518.189858585461
 20
274.135451262582
 30
0.0
  0
VERTEX
  5
D174
330
CF7C
100
AcDbEntity
  8
Mleader @ 48
100
AcDbVertex
100
AcDb2dVertex
 10
518.156480918303
 20
274.134335325422
 30
0.0
  0
VERTEX
  5
D175
330
CF7C
100
AcDbEntity
  8
Mleader @ 48
100
AcDbVertex
100
AcDb2dVertex
 10
518.1235498036419
 20
274.128780537591
 30
0.0
  0
VERTEX
  5
D176
330
CF7C
100
AcDbEntity
  8
Mleader @ 48
100
AcDbVertex
100
AcDb2dVertex
 10
518.091652898
 20
274.11888602441
 30
0.0
  0
VERTEX
  5
D177
330
CF7C
100
AcDbEntity
  8
Mleader @ 48
100
AcDbVertex
100
AcDb2dVertex
 10
518.0613594024119
 20
274.104828353701
 30
0.0
  0
VERTEX
  5
D178
330
CF7C
100
AcDbEntity
  8
Mleader @ 48
100
AcDbVertex
100
AcDb2dVertex
 10
518.033209905027
 20
274.086858384931
 30
0.0
  0
VERTEX
  5
D179
330
CF7C
100
AcDbEntity
  8
Mleader @ 48
100
AcDbVertex
100
AcDb2dVertex
 10
518.0077067342899
 20
274.065296792619
 30
0.0
  0
VERTEX
  5
D17A
330
CF7C
100
AcDbEntity
  8
Mleader @ 48
100
AcDbVertex
100
AcDb2dVertex
 10
517.9853049948889
 20
274.04052834389
 30
0.0
  0
VERTEX
  5
D17B
330
CF7C
100
AcDbEntity
  8
Mleader @ 48
100
AcDbVertex
100
AcDb2dVertex
 10
517.9664044463939
 20
274.012995032298
 30
0.0
  0
VERTEX
  5
D17C
330
CF7C
100
AcDbEntity
  8
Mleader @ 48
100
AcDbVertex
100
AcDb2dVertex
 10
517.95134236954
 20
273.98318819044
 30
0.0
  0
VERTEX
  5
D17D
330
CF7C
100
AcDbEntity
  8
Mleader @ 48
100
AcDbVertex
100
AcDb2dVertex
 10
517.940387547445
 20
273.951639722117
 30
0.0
  0
VERTEX
  5
D17E
330
CF7C
100
AcDbEntity
  8
Mleader @ 48
100
AcDbVertex
100
AcDb2dVertex
 10
517.9337354691699
 20
273.918912610493
 30
0.0
  0
VERTEX
  5
D17F
330
CF7C
100
AcDbEntity
  8
Mleader @ 48
100
AcDbVertex
100
AcDb2dVertex
 10
517.9315048412091
 20
273.88559087165
 30
0.0
  0
SEQEND
  5
D180
330
CF7C
100
AcDbEntity
  8
0
  0
LINE
  5
CF7D
330
D0BE
100
AcDbEntity
  8
Mleader @ 48
100
AcDbLine
 10
530.1815048412099
 20
273.88559087165
 30
0.0
 11
506.181504841209
 21
273.88559087165
 31
0.0
  0
TEXT
  5
CF7E
330
D0BE
100
AcDbEntity
  8
Mleader @ 48
100
AcDbText
 10
517.431504841209
 20
274.885590871649
 30
0.0
 40
4.5
  1
1
100
AcDbText
  0
TEXT
  5
CF7F
330
D0BE
100
AcDbEntity
  8
Mleader @ 48
100
AcDbText
 10
510.306504841209
 20
266.38559087165
 30
0.0
 40
4.5
  1
A-05
100
AcDbText
  0
HATCH
  5
CF80
330
D0BE
100
AcDbEntity
  8
Mleader @ 48
100
AcDbHatch
 10
0.0
 20
0.0
 30
0.0
210
0.0
220
0.0
230
1.0
  2
SOLID
 70
     1
 71
     0
 91
        1
 92
        1
 93
        3
 72
     1
 10
479.681429025203
 20
261.679463766907
 11
472.245033733672
 21
256.3926854409221
 72
     1
 10
472.245033733672
 20
256.3926854409221
 11
477.564830903719
 21
263.805495843837
 72
     1
 10
477.564830903719
 20
263.805495843837
 11
479.681429025203
 21
261.679463766907
 97
        0
 75
     0
 76
     1
 98
        0
450
        0
451
        0
460
0.0
461
0.0
452
        0
462
0.0
453
        0
470

  0
LINE
  5
CF81
330
D0BE
100
AcDbEntity
  8
Mleader @ 48
100
AcDbLine
 10
478.623129964461
 20
262.742479805372
 30
0.0
 11
489.815907338321
 21
273.88559087165
 31
0.0
  0
LINE
  5
CF82
330
D0BE
100
AcDbEntity
  8
Mleader @ 48
100
AcDbLine
 10
489.815907338321
 20
273.88559087165
 30
0.0
 11
506.181504841209
 21
273.88559087165
 31
0.0
  0
MTEXT
  5
3454
102
{ACAD_XDICTIONARY
360
3455
102
}
330
D0BE
100
AcDbEntity
  8
Mleader @ 48
100
AcDbMText
 10
514.402063107031
 20
291.456025825009
 30
0.0
 40
3.0
 41
14.9216488450038
 46
0.0
 71
     1
 72
     5
  1
SEE
  7
ROMANS
 73
     1
 44
1.0
1001
AcadAnnotative
1000
AnnotativeData
1002
{
1070
     1
1070
     1
1002
}
  0
MTEXT
  5
3679
102
{ACAD_XDICTIONARY
360
367A
102
}
330
D0BE
100
AcDbEntity
  8
Mleader @ 24
100
AcDbMText
 10
471.081586790621
 20
284.064547866376
 30
0.0
 40
1.5
 41
15.403073608134
 46
0.0
 71
     1
 72
     5
  1
SEE
 73
     1
 44
1.0
1001
AcadAnnotative
1000
AnnotativeData
1002
{
1070
     1
1070
     1
1002
}
  0
TEXT
  5
CF83
330
D0BE
100
AcDbEntity
  8
Mleader @ 24
100
AcDbText
 10
472.505535561773
 20
294.070420204048
 30
0.0
 40
1.5
  1
POLISHED ALUM.
 41
1.149999976158139
100
AcDbText
  0
TEXT
  5
CF84
330
D0BE
100
AcDbEntity
  8
Mleader @ 24
100
AcDbText
 10
472.587678418916
 20
291.427563061191
 30
0.0
 40
1.5
  1
CHECKER PLATE PANEL (TYP.)
 41
1.149999976158139
100
AcDbText
  0
HATCH
  5
CF85
330
D0BE
100
AcDbEntity
  8
Mleader @ 24
100
AcDbHatch
 10
0.0
 20
0.0
 30
0.0
210
0.0
220
0.0
230
1.0
  2
SOLID
 70
     1
 71
     0
 91
        1
 92
        1
 93
        3
 72
     1
 10
439.040059784151
 20
272.112001726783
 11
435.327749182922
 21
269.460351297333
 72
     1
 10
435.327749182922
 20
269.460351297333
 11
437.9793996123719
 21
273.172661898562
 72
     1
 10
437.9793996123719
 20
273.172661898562
 11
439.040059784151
 21
272.112001726783
 97
        0
 75
     0
 76
     1
 98
        0
450
        0
451
        0
460
0.0
461
0.0
452
        0
462
0.0
453
        0
470

  0
LINE
  5
CF86
330
D0BE
100
AcDbEntity
  8
Mleader @ 24
100
AcDbLine
 10
438.509729698262
 20
272.642331812672
 30
0.0
 11
460.437818089638
 21
294.570420204048
 31
0.0
  0
LINE
  5
CF87
330
D0BE
100
AcDbEntity
  8
Mleader @ 24
100
AcDbLine
 10
460.437818089638
 20
294.570420204048
 30
0.0
 11
470.674106990344
 21
294.570420204048
 31
0.0
  0
TEXT
  5
CF88
330
D0BE
100
AcDbEntity
  8
Mleader @ 24
100
AcDbText
 10
516.731508177217
 20
261.8744234373949
 30
0.0
 40
1.5
  1
HSS 1-1/2"x1-1/2" [38x38]
 41
1.149999976158139
100
AcDbText
  0
TEXT
  5
CF89
330
D0BE
100
AcDbEntity
  8
Mleader @ 24
100
AcDbText
 10
516.731508177217
 20
259.088709151681
 30
0.0
 40
1.5
  1
RAILING (TYP.)
 41
1.149999976158139
100
AcDbText
  0
HATCH
  5
CF8A
330
D0BE
100
AcDbEntity
  8
Mleader @ 24
100
AcDbHatch
 10
0.0
 20
0.0
 30
0.0
210
0.0
220
0.0
230
1.0
  2
SOLID
 70
     1
 71
     0
 91
        1
 92
        1
 93
        3
 72
     1
 10
490.305109496706
 20
248.691416850869
 11
486.5848254715509
 21
246.050964849378
 72
     1
 10
486.5848254715509
 20
246.050964849378
 11
489.24765025162
 21
249.755268318406
 72
     1
 10
489.24765025162
 20
249.755268318406
 11
490.305109496706
 21
248.691416850869
 97
        0
 75
     0
 76
     1
 98
        0
450
        0
451
        0
460
0.0
461
0.0
452
        0
462
0.0
453
        0
470

  0
LINE
  5
CF8B
330
D0BE
100
AcDbEntity
  8
Mleader @ 24
100
AcDbLine
 10
489.7763798741629
 20
249.223342584637
 30
0.0
 11
503.294398931146
 21
262.66013772311
 31
0.0
  0
LINE
  5
CF8C
330
D0BE
100
AcDbEntity
  8
Mleader @ 24
100
AcDbLine
 10
503.294398931146
 20
262.66013772311
 30
0.0
 11
514.9000796057879
 21
262.66013772311
 31
0.0
  0
TEXT
  5
CF8D
330
D0BE
100
AcDbEntity
  8
Mleader @ 24
100
AcDbText
 10
544.9399137201449
 20
239.828458719618
 30
0.0
 40
1.5
  1
9.5∅ CABLES (TYP.)
 41
1.149999976158139
100
AcDbText
  0
HATCH
  5
CF8E
330
D0BE
100
AcDbEntity
  8
Mleader @ 24
100
AcDbHatch
 10
0.0
 20
0.0
 30
0.0
210
0.0
220
0.0
230
1.0
  2
SOLID
 70
     1
 71
     0
 91
        1
 92
        1
 93
        3
 72
     1
 10
510.7987144781199
 20
226.589379091896
 11
507.086600578668
 21
223.937453301551
 72
     1
 10
507.086600578668
 20
223.937453301551
 11
509.7379756326329
 21
227.649960584132
 72
     1
 10
509.7379756326329
 20
227.649960584132
 11
510.7987144781199
 21
226.589379091896
 97
        0
 75
     0
 76
     1
 98
        0
450
        0
451
        0
460
0.0
461
0.0
452
        0
462
0.0
453
        0
470

  0
LINE
  5
CF8F
330
D0BE
100
AcDbEntity
  8
Mleader @ 24
100
AcDbLine
 10
510.268345055377
 20
227.119669838014
 30
0.0
 11
523.760846406735
 21
240.614173005332
 31
0.0
  0
LINE
  5
CF90
330
D0BE
100
AcDbEntity
  8
Mleader @ 24
100
AcDbLine
 10
523.760846406735
 20
240.614173005332
 30
0.0
 11
543.0263422915739
 21
240.614173005332
 31
0.0
  0
TEXT
  5
CF91
330
D0BE
100
AcDbEntity
  8
Mleader @ 24
100
AcDbText
 10
554.1731393094529
 20
218.008511263415
 30
0.0
 40
1.5
  1
HSS 1-1/2"x1-1/2"
 41
1.149999976158139
100
AcDbText
  0
TEXT
  5
CF92
330
D0BE
100
AcDbEntity
  8
Mleader @ 24
100
AcDbText
 10
554.1731393094529
 20
215.222796977701
 30
0.0
 40
1.5
  1
[38x38] POSTS (TYP.)
 41
1.149999976158139
100
AcDbText
  0
HATCH
  5
CF93
330
D0BE
100
AcDbEntity
  8
Mleader @ 24
100
AcDbHatch
 10
0.0
 20
0.0
 30
0.0
210
0.0
220
0.0
230
1.0
  2
SOLID
 70
     1
 71
     0
 91
        1
 92
        1
 93
        3
 72
     1
 10
537.9106455360939
 20
210.349820308304
 11
534.1966539492529
 21
207.700524837264
 72
     1
 10
534.1966539492529
 20
207.700524837264
 11
536.850658270522
 21
211.411152959655
 72
     1
 10
536.850658270522
 20
211.411152959655
 11
537.9106455360939
 21
210.349820308304
 97
        0
 75
     0
 76
     1
 98
        0
450
        0
451
        0
460
0.0
461
0.0
452
        0
462
0.0
453
        0
470

  0
LINE
  5
CF94
330
D0BE
100
AcDbEntity
  8
Mleader @ 24
100
AcDbLine
 10
537.380651903308
 20
210.88048663398
 30
0.0
 11
546.3057045558689
 21
219.794225549129
 31
0.0
  0
LINE
  5
CF95
330
D0BE
100
AcDbEntity
  8
Mleader @ 24
100
AcDbLine
 10
546.3057045558689
 20
219.794225549129
 30
0.0
 11
552.3417107380239
 21
219.794225549129
 31
0.0
  0
TEXT
  5
CF96
330
D0BE
100
AcDbEntity
  8
Mleader @ 24
100
AcDbText
 10
550.2632870258979
 20
203.705130220842
 30
0.0
 40
1.5
  1
POLISHED ALUM. CHECKER
 41
1.149999976158139
100
AcDbText
  0
TEXT
  5
CF97
330
D0BE
100
AcDbEntity
  8
Mleader @ 24
100
AcDbText
 10
550.2632870258979
 20
200.919415935127
 30
0.0
 40
1.5
  1
PLATE PANEL (TYP.)
 41
1.149999976158139
100
AcDbText
  0
HATCH
  5
CF98
330
D0BE
100
AcDbEntity
  8
Mleader @ 24
100
AcDbHatch
 10
0.0
 20
0.0
 30
0.0
210
0.0
220
0.0
230
1.0
  2
SOLID
 70
     1
 71
     0
 91
        1
 92
        1
 93
        3
 72
     1
 10
533.078564585375
 20
194.760724980016
 11
529.364572998533
 21
192.111429508976
 72
     1
 10
529.364572998533
 20
192.111429508976
 11
532.018577319803
 21
195.822057631368
 72
     1
 10
532.018577319803
 20
195.822057631368
 11
533.078564585375
 21
194.760724980016
 97
        0
 75
     0
 76
     1
 98
        0
450
        0
451
        0
460
0.0
461
0.0
452
        0
462
0.0
453
        0
470

  0
LINE
  5
CF99
330
D0BE
100
AcDbEntity
  8
Mleader @ 24
100
AcDbLine
 10
532.548570952589
 20
195.2913913056919
 30
0.0
 11
541.4736236051489
 21
204.205130220842
 31
0.0
  0
LINE
  5
CF9A
330
D0BE
100
AcDbEntity
  8
Mleader @ 24
100
AcDbLine
 10
541.4736236051489
 20
204.205130220842
 30
0.0
 11
548.431858454469
 21
204.205130220842
 31
0.0
  0
TEXT
  5
CF9B
330
D0BE
100
AcDbEntity
  8
Mleader @ 24
100
AcDbText
 10
549.51813186467
 20
194.596478614818
 30
0.0
 40
1.5
  1
POLISHED ALUM. CHECKER
 41
1.149999976158139
100
AcDbText
  0
TEXT
  5
CF9C
330
D0BE
100
AcDbEntity
  8
Mleader @ 24
100
AcDbText
 10
549.51813186467
 20
191.810764329103
 30
0.0
 40
1.5
  1
PLATE PANEL (TYP.)
 41
1.149999976158139
100
AcDbText
  0
HATCH
  5
CF9D
330
D0BE
100
AcDbEntity
  8
Mleader @ 24
100
AcDbHatch
 10
0.0
 20
0.0
 30
0.0
210
0.0
220
0.0
230
1.0
  2
SOLID
 70
     1
 71
     0
 91
        1
 92
        1
 93
        3
 72
     1
 10
531.361673560363
 20
185.652073373992
 11
527.647681973522
 21
183.002777902952
 72
     1
 10
527.647681973522
 20
183.002777902952
 11
530.3016862947909
 21
186.713406025344
 72
     1
 10
530.3016862947909
 20
186.713406025344
 11
531.361673560363
 21
185.652073373992
 97
        0
 75
     0
 76
     1
 98
        0
450
        0
451
        0
460
0.0
461
0.0
452
        0
462
0.0
453
        0
470

  0
LINE
  5
CF9E
330
D0BE
100
AcDbEntity
  8
Mleader @ 24
100
AcDbLine
 10
530.8316799275769
 20
186.182739699668
 30
0.0
 11
539.756732580138
 21
195.096478614818
 31
0.0
  0
LINE
  5
CF9F
330
D0BE
100
AcDbEntity
  8
Mleader @ 24
100
AcDbLine
 10
539.756732580138
 20
195.096478614818
 30
0.0
 11
547.686703293242
 21
195.096478614818
 31
0.0
  0
TEXT
  5
CFA0
330
D0BE
100
AcDbEntity
  8
Mleader @ 24
100
AcDbText
 10
405.796359667527
 20
279.587837273001
 30
0.0
 40
1.5
  1
CABLES
 41
1.149999976158139
100
AcDbText
  0
HATCH
  5
CFA1
330
D0BE
100
AcDbEntity
  8
Mleader @ 24
100
AcDbHatch
 10
0.0
 20
0.0
 30
0.0
210
0.0
220
0.0
230
1.0
  2
SOLID
 70
     1
 71
     0
 91
        1
 92
        1
 93
        3
 72
     1
 10
427.197556974368
 20
277.046168082464
 11
430.224435447242
 21
273.632884222242
 72
     1
 10
430.224435447242
 20
273.632884222242
 11
426.2541610452619
 21
275.879975936655
 72
     1
 10
426.2541610452619
 20
275.879975936655
 11
427.197556974368
 21
277.046168082464
 97
        0
 75
     0
 76
     1
 98
        0
450
        0
451
        0
460
0.0
461
0.0
452
        0
462
0.0
453
        0
470

  0
LINE
  5
CFA2
330
D0BE
100
AcDbEntity
  8
Mleader @ 24
100
AcDbLine
 10
426.7258590098149
 20
276.46307200956
 30
0.0
 11
422.121438043823
 21
280.187837273001
 31
0.0
  0
LINE
  5
CFA3
330
D0BE
100
AcDbEntity
  8
Mleader @ 24
100
AcDbLine
 10
422.121438043823
 20
280.187837273001
 30
0.0
 11
417.238502524669
 21
280.187837273001
 31
0.0
  0
DIMENSION
  5
41CB
102
{ACAD_XDICTIONARY
360
41CC
102
}
330
D0BE
100
AcDbEntity
  8
Dim @ 48
100
AcDbDimension
280
     0
  2
*D38
 10
432.211240238667
 20
305.232395629837
 30
0.0
 11
483.476240222098
 21
305.232395629837
 31
0.0
 71
     5
 42
0.0
 73
     0
 74
     0
 75
     0
  3
ROMANS-beside
100
AcDbAlignedDimension
 13
534.741240205529
 23
214.043780881152
 33
0.0
 14
432.211240238667
 24
244.782268013747
 34
0.0
100
AcDbRotatedDimension
1001
AcadAnnotative
1000
AnnotativeData
1002
{
1070
     1
1070
     1
1002
}
1001
ACAD
1000
DSTYLE
1002
{
1070
    40
1040
48.0
1070
   147
1040
0.0625
1070
   141
1040
0.0625
1070
    42
1040
0.09375
1070
    44
1040
0.09375
1070
    41
1040
0.09375
1070
   140
1040
0.078125
1070
   279
1070
     0
1070
   289
1070
     0
1070
   174
1070
     0
1070
   175
1070
     0
1070
   172
1070
     0
1002
}
  0
DIMENSION
  5
41E0
102
{ACAD_XDICTIONARY
360
41E1
102
}
330
D0BE
100
AcDbEntity
  8
Dim @ 48
100
AcDbDimension
280
     0
  2
*D39
 10
432.211240238667
 20
305.232395629837
 30
0.0
 11
377.4762402221
 21
305.232395629837
 31
0.0
 71
     5
 42
0.0
 73
     0
 74
     0
 75
     0
  3
ROMANS-beside
100
AcDbAlignedDimension
 13
322.741240205532
 23
293.941461460808
 33
0.0
 14
432.211240238667
 24
305.232395629837
 34
0.0
100
AcDbRotatedDimension
1001
AcadAnnotative
1000
AnnotativeData
1002
{
1070
     1
1070
     1
1002
}
1001
ACAD
1000
DSTYLE
1002
{
1070
    40
1040
48.0
1070
   147
1040
0.0625
1070
   141
1040
0.0625
1070
    42
1040
0.09375
1070
    44
1040
0.09375
1070
    41
1040
0.09375
1070
   140
1040
0.078125
1070
   279
1070
     0
1070
   289
1070
     0
1070
   174
1070
     0
1070
   175
1070
     0
1070
   172
1070
     0
1002
}
  0
TEXT
  5
CFA4
330
D0BE
100
AcDbEntity
  8
Mleader @ 4
100
AcDbText
 10
655.276597408534
 20
568.551781309604
 30
0.0
 40
0.25
  1
22∅ HOLE
 41
1.149999976158139
100
AcDbText
  0
HATCH
  5
CFA5
330
D0BE
100
AcDbEntity
  8
Mleader @ 4
100
AcDbHatch
 10
0.0
 20
0.0
 30
0.0
210
0.0
220
0.0
230
1.0
  2
SOLID
 70
     1
 71
     0
 91
        1
 92
        1
 93
        3
 72
     1
 10
664.246080691326
 20
565.2608205090269
 11
664.6346844141979
 21
564.60728233373
 72
     1
 10
664.6346844141979
 20
564.60728233373
 11
664.0551279708439
 21
565.0994604813219
 72
     1
 10
664.0551279708439
 20
565.0994604813219
 11
664.246080691326
 21
565.2608205090269
 97
        0
 75
     0
 76
     1
 98
        0
450
        0
451
        0
460
0.0
461
0.0
452
        0
462
0.0
453
        0
470

  0
LINE
  5
CFA6
330
D0BE
100
AcDbEntity
  8
Mleader @ 4
100
AcDbLine
 10
664.1506043310849
 20
565.1801404951739
 30
0.0
 11
661.216977323395
 21
568.651781309604
 31
0.0
  0
LINE
  5
CFA7
330
D0BE
100
AcDbEntity
  8
Mleader @ 4
100
AcDbLine
 10
661.216977323395
 20
568.651781309604
 30
0.0
 11
657.840764075201
 21
568.651781309604
 31
0.0
  0
LINE
  5
5756
330
D0BE
100
AcDbEntity
  8
Mleader
100
AcDbLine
 10
322.741240205536
 20
467.4385179710679
 30
0.0
 11
594.7412402055319
 21
467.4385179710679
 31
0.0
  0
TEXT
  5
CFA8
330
D0BE
100
AcDbEntity
  8
Mleader @ 48
100
AcDbText
 10
492.136051712274
 20
385.287105183028
 30
0.0
 40
3.0
  1
2"x6" [38x140] WALL
 41
1.149999976158139
100
AcDbText
  0
TEXT
  5
CFA9
330
D0BE
100
AcDbEntity
  8
Mleader @ 48
100
AcDbText
 10
491.9717659979889
 20
380.001390897314
 30
0.0
 40
3.0
  1
FRAMING
 41
1.149999976158139
100
AcDbText
  0
HATCH
  5
CFAA
330
D0BE
100
AcDbEntity
  8
Mleader @ 48
100
AcDbHatch
 10
0.0
 20
0.0
 30
0.0
210
0.0
220
0.0
230
1.0
  2
SOLID
 70
     1
 71
     0
 91
        1
 92
        1
 93
        3
 72
     1
 10
584.994579725265
 20
369.216215465162
 11
592.4319918959829
 21
363.930867775289
 72
     1
 10
592.4319918959829
 20
363.930867775289
 11
587.1107688230999
 21
371.342654672429
 72
     1
 10
587.1107688230999
 20
371.342654672429
 11
584.994579725265
 21
369.216215465162
 97
        0
 75
     0
 76
     1
 98
        0
450
        0
451
        0
460
0.0
461
0.0
452
        0
462
0.0
453
        0
470

  0
LINE
  5
CFAB
330
D0BE
100
AcDbEntity
  8
Mleader @ 48
100
AcDbLine
 10
586.052674274182
 20
370.279435068795
 30
0.0
 11
569.4794014582289
 21
386.772819468742
 31
0.0
  0
LINE
  5
CFAC
330
D0BE
100
AcDbEntity
  8
Mleader @ 48
100
AcDbLine
 10
569.4794014582289
 20
386.772819468742
 30
0.0
 11
553.2989088551309
 21
386.772819468742
 31
0.0
  0
TEXT
  5
CFAD
330
D0BE
100
AcDbEntity
  8
Mleader @ 48
100
AcDbText
 10
483.3506328125939
 20
402.555597646511
 30
0.0
 40
3.0
  1
3/4"[30] O.S.B SHEATHING
 41
1.149999976158139
100
AcDbText
  0
HATCH
  5
CFAE
330
D0BE
100
AcDbEntity
  8
Mleader @ 48
100
AcDbHatch
 10
0.0
 20
0.0
 30
0.0
210
0.0
220
0.0
230
1.0
  2
SOLID
 70
     1
 71
     0
 91
        1
 92
        1
 93
        3
 72
     1
 10
587.241888384386
 20
393.075093384268
 11
594.728235866714
 21
387.859290342181
 72
     1
 10
594.728235866714
 20
387.859290342181
 11
589.3381676132969
 21
395.221162673559
 72
     1
 10
589.3381676132969
 20
395.221162673559
 11
587.241888384386
 21
393.075093384268
 97
        0
 75
     0
 76
     1
 98
        0
450
        0
451
        0
460
0.0
461
0.0
452
        0
462
0.0
453
        0
470

  0
LINE
  5
CFAF
330
D0BE
100
AcDbEntity
  8
Mleader @ 48
100
AcDbLine
 10
588.290027998842
 20
394.1481280289129
 30
0.0
 11
578.3666151235669
 21
403.841311932225
 31
0.0
  0
LINE
  5
CFB0
330
D0BE
100
AcDbEntity
  8
Mleader @ 48
100
AcDbLine
 10
578.3666151235669
 20
403.841311932225
 30
0.0
 11
558.806347098309
 21
403.841311932225
 31
0.0
  0
TEXT
  5
CFB1
330
D0BE
100
AcDbEntity
  8
Mleader @ 48
100
AcDbText
 10
473.9284765851059
 20
427.8244852043839
 30
0.0
 40
3.0
  1
1/2"[12.5] GYPSUM BOARD
 41
1.149999976158139
100
AcDbText
  0
HATCH
  5
CFB2
330
D0BE
100
AcDbEntity
  8
Mleader @ 48
100
AcDbHatch
 10
0.0
 20
0.0
 30
0.0
210
0.0
220
0.0
230
1.0
  2
SOLID
 70
     1
 71
     0
 91
        1
 92
        1
 93
        3
 72
     1
 10
580.1913385209489
 20
418.8074347213079
 11
587.6287717092459
 21
413.522116606983
 72
     1
 10
587.6287717092459
 20
413.522116606983
 11
582.3075191627999
 21
420.933882343765
 72
     1
 10
582.3075191627999
 20
420.933882343765
 11
580.1913385209489
 21
418.8074347213079
 97
        0
 75
     0
 76
     1
 98
        0
450
        0
451
        0
460
0.0
461
0.0
452
        0
462
0.0
453
        0
470

  0
LINE
  5
CFB3
330
D0BE
100
AcDbEntity
  8
Mleader @ 48
100
AcDbLine
 10
581.2494288418739
 20
419.8706585325369
 30
0.0
 11
571.677960336406
 21
429.395913775812
 31
0.0
  0
LINE
  5
CFB4
330
D0BE
100
AcDbEntity
  8
Mleader @ 48
100
AcDbLine
 10
571.677960336406
 20
429.395913775812
 30
0.0
 11
550.6984765851059
 21
429.395913775812
 31
0.0
  0
TEXT
  5
CFB5
330
D0BE
100
AcDbEntity
  8
Mleader @ 48
100
AcDbText
 10
805.1533362970129
 20
270.367666356179
 30
0.0
 40
3.0
  1
W12
 41
1.149999976158139
100
AcDbText
  0
HATCH
  5
CFB6
330
D0BE
100
AcDbEntity
  8
Mleader @ 48
100
AcDbHatch
 10
0.0
 20
0.0
 30
0.0
210
0.0
220
0.0
230
1.0
  2
SOLID
 70
     1
 71
     0
 91
        1
 92
        1
 93
        3
 72
     1
 10
765.89230617477
 20
246.437548446242
 11
759.1286542690069
 21
240.313578092161
 72
     1
 10
759.1286542690069
 20
240.313578092161
 11
763.5405508217841
 21
248.300139855999
 72
     1
 10
763.5405508217841
 20
248.300139855999
 11
765.89230617477
 21
246.437548446242
 97
        0
 75
     0
 76
     1
 98
        0
450
        0
451
        0
460
0.0
461
0.0
452
        0
462
0.0
453
        0
470

  0
LINE
  5
CFB7
330
D0BE
100
AcDbEntity
  8
Mleader @ 48
100
AcDbLine
 10
764.7164284982769
 20
247.368844151121
 30
0.0
 11
783.8819077255839
 21
271.567666356179
 31
0.0
  0
LINE
  5
CFB8
330
D0BE
100
AcDbEntity
  8
Mleader @ 48
100
AcDbLine
 10
783.8819077255839
 20
271.567666356179
 30
0.0
 11
801.161907725584
 21
271.567666356179
 31
0.0
  0
TEXT
  5
CFB9
330
D0BE
100
AcDbEntity
  8
Mleader @ 48
100
AcDbText
 10
699.3919934483959
 20
202.688849681396
 30
0.0
 40
3.0
  1
W410
 41
1.149999976158139
100
AcDbText
  0
HATCH
  5
CFBA
330
D0BE
100
AcDbEntity
  8
Mleader @ 48
100
AcDbHatch
 10
0.0
 20
0.0
 30
0.0
210
0.0
220
0.0
230
1.0
  2
SOLID
 70
     1
 71
     0
 91
        1
 92
        1
 93
        3
 72
     1
 10
731.6888673732409
 20
214.165809561009
 11
738.372212105449
 21
220.377323320992
 72
     1
 10
738.372212105449
 20
220.377323320992
 11
734.0646742538949
 21
212.333995797048
 72
     1
 10
734.0646742538949
 20
212.333995797048
 11
731.6888673732409
 21
214.165809561009
 97
        0
 75
     0
 76
     1
 98
        0
450
        0
451
        0
460
0.0
461
0.0
452
        0
462
0.0
453
        0
470

  0
LINE
  5
CFBB
330
D0BE
100
AcDbEntity
  8
Mleader @ 48
100
AcDbLine
 10
732.8767708135679
 20
213.249902679029
 30
0.0
 11
725.6591363055389
 21
203.888849681396
 31
0.0
  0
LINE
  5
CFBC
330
D0BE
100
AcDbEntity
  8
Mleader @ 48
100
AcDbLine
 10
725.6591363055389
 20
203.888849681396
 30
0.0
 11
717.0191363055389
 21
203.888849681396
 31
0.0
  0
TEXT
  5
CFBD
330
D0BE
100
AcDbEntity
  8
Mleader @ 48
100
AcDbText
 10
928.559710096068
 20
215.725179224408
 30
0.0
 40
3.0
  1
C250
 41
1.149999976158139
100
AcDbText
  0
HATCH
  5
CFBE
330
D0BE
100
AcDbEntity
  8
Mleader @ 48
100
AcDbHatch
 10
0.0
 20
0.0
 30
0.0
210
0.0
220
0.0
230
1.0
  2
SOLID
 70
     1
 71
     0
 91
        1
 92
        1
 93
        3
 72
     1
 10
898.567487377146
 20
224.708314257396
 11
893.729142787482
 21
232.443973352242
 72
     1
 10
893.729142787482
 20
232.443973352242
 11
900.814817646304
 21
226.695650832144
 72
     1
 10
900.814817646304
 20
226.695650832144
 11
898.567487377146
 21
224.708314257396
 97
        0
 75
     0
 76
     1
 98
        0
450
        0
451
        0
460
0.0
461
0.0
452
        0
462
0.0
453
        0
470

  0
LINE
  5
CFBF
330
D0BE
100
AcDbEntity
  8
Mleader @ 48
100
AcDbLine
 10
899.691152511725
 20
225.70198254477
 30
0.0
 11
907.4525672389249
 21
216.925179224408
 31
0.0
  0
LINE
  5
CFC0
330
D0BE
100
AcDbEntity
  8
Mleader @ 48
100
AcDbLine
 10
907.4525672389249
 20
216.925179224408
 30
0.0
 11
924.732567238925
 21
216.925179224408
 31
0.0
  0
POLYLINE
  5
CFC1
330
D0BE
100
AcDbEntity
  8
Mleader @ 48
100
AcDb2dPolyline
 66
     1
 10
0.0
 20
0.0
 30
0.0
  0
VERTEX
  5
D181
330
CFC1
100
AcDbEntity
  8
Mleader @ 48
100
AcDbVertex
100
AcDb2dVertex
 10
910.467452188179
 20
182.1467997787149
 30
0.0
  0
VERTEX
  5
D182
330
CFC1
100
AcDbEntity
  8
Mleader @ 48
100
AcDbVertex
100
AcDb2dVertex
 10
910.4696828161399
 20
182.113478039871
 30
0.0
  0
VERTEX
  5
D183
330
CFC1
100
AcDbEntity
  8
Mleader @ 48
100
AcDbVertex
100
AcDb2dVertex
 10
910.476334894415
 20
182.080750928247
 30
0.0
  0
VERTEX
  5
D184
330
CFC1
100
AcDbEntity
  8
Mleader @ 48
100
AcDbVertex
100
AcDb2dVertex
 10
910.4872897165099
 20
182.049202459924
 30
0.0
  0
VERTEX
  5
D185
330
CFC1
100
AcDbEntity
  8
Mleader @ 48
100
AcDbVertex
100
AcDb2dVertex
 10
910.502351793364
 20
182.019395618067
 30
0.0
  0
VERTEX
  5
D186
330
CFC1
100
AcDbEntity
  8
Mleader @ 48
100
AcDbVertex
100
AcDb2dVertex
 10
910.521252341859
 20
181.991862306475
 30
0.0
  0
VERTEX
  5
D187
330
CFC1
100
AcDbEntity
  8
Mleader @ 48
100
AcDbVertex
100
AcDb2dVertex
 10
910.5436540812599
 20
181.967093857745
 30
0.0
  0
VERTEX
  5
D188
330
CFC1
100
AcDbEntity
  8
Mleader @ 48
100
AcDbVertex
100
AcDb2dVertex
 10
910.5691572519971
 20
181.945532265433
 30
0.0
  0
VERTEX
  5
D189
330
CFC1
100
AcDbEntity
  8
Mleader @ 48
100
AcDbVertex
100
AcDb2dVertex
 10
910.597306749382
 20
181.927562296663
 30
0.0
  0
VERTEX
  5
D18A
330
CFC1
100
AcDbEntity
  8
Mleader @ 48
100
AcDbVertex
100
AcDb2dVertex
 10
910.6276002449689
 20
181.913504625955
 30
0.0
  0
VERTEX
  5
D18B
330
CFC1
100
AcDbEntity
  8
Mleader @ 48
100
AcDbVertex
100
AcDb2dVertex
 10
910.6594971506121
 20
181.903610112774
 30
0.0
  0
VERTEX
  5
D18C
330
CFC1
100
AcDbEntity
  8
Mleader @ 48
100
AcDbVertex
100
AcDb2dVertex
 10
910.6924282652729
 20
181.898055324943
 30
0.0
  0
VERTEX
  5
D18D
330
CFC1
100
AcDbEntity
  8
Mleader @ 48
100
AcDbVertex
100
AcDb2dVertex
 10
910.725805932431
 20
181.896939387782
 30
0.0
  0
VERTEX
  5
D18E
330
CFC1
100
AcDbEntity
  8
Mleader @ 48
100
AcDbVertex
100
AcDb2dVertex
 10
910.7590345268249
 20
181.900282215217
 30
0.0
  0
VERTEX
  5
D18F
330
CFC1
100
AcDbEntity
  8
Mleader @ 48
100
AcDbVertex
100
AcDb2dVertex
 10
910.7915210833999
 20
181.908024154413
 30
0.0
  0
VERTEX
  5
D190
330
CFC1
100
AcDbEntity
  8
Mleader @ 48
100
AcDbVertex
100
AcDb2dVertex
 10
910.822685878786
 20
181.920027050281
 30
0.0
  0
VERTEX
  5
D191
330
CFC1
100
AcDbEntity
  8
Mleader @ 48
100
AcDbVertex
100
AcDb2dVertex
 10
910.8519727764699
 20
181.936076710861
 30
0.0
  0
VERTEX
  5
D192
330
CFC1
100
AcDbEntity
  8
Mleader @ 48
100
AcDbVertex
100
AcDb2dVertex
 10
910.8788591510689
 20
181.955886729578
 30
0.0
  0
VERTEX
  5
D193
330
CFC1
100
AcDbEntity
  8
Mleader @ 48
100
AcDbVertex
100
AcDb2dVertex
 10
910.902865214591
 20
181.97910359618
 30
0.0
  0
VERTEX
  5
D194
330
CFC1
100
AcDbEntity
  8
Mleader @ 48
100
AcDbVertex
100
AcDb2dVertex
 10
910.9235625782639
 20
182.005313005132
 30
0.0
  0
VERTEX
  5
D195
330
CFC1
100
AcDbEntity
  8
Mleader @ 48
100
AcDbVertex
100
AcDb2dVertex
 10
910.940581897144
 20
182.034047248911
 30
0.0
  0
VERTEX
  5
D196
330
CFC1
100
AcDbEntity
  8
Mleader @ 48
100
AcDbVertex
100
AcDb2dVertex
 10
910.9536194610809
 20
182.064793564255
 30
0.0
  0
VERTEX
  5
D197
330
CFC1
100
AcDbEntity
  8
Mleader @ 48
100
AcDbVertex
100
AcDb2dVertex
 10
910.962442614438
 20
182.097003282439
 30
0.0
  0
VERTEX
  5
D198
330
CFC1
100
AcDbEntity
  8
Mleader @ 48
100
AcDbVertex
100
AcDb2dVertex
 10
910.9668939078348
 20
182.130101620279
 30
0.0
  0
VERTEX
  5
D199
330
CFC1
100
AcDbEntity
  8
Mleader @ 48
100
AcDbVertex
100
AcDb2dVertex
 10
910.9668939078348
 20
182.1634979371509
 30
0.0
  0
VERTEX
  5
D19A
330
CFC1
100
AcDbEntity
  8
Mleader @ 48
100
AcDbVertex
100
AcDb2dVertex
 10
910.962442614438
 20
182.196596274991
 30
0.0
  0
VERTEX
  5
D19B
330
CFC1
100
AcDbEntity
  8
Mleader @ 48
100
AcDbVertex
100
AcDb2dVertex
 10
910.9536194610809
 20
182.228805993175
 30
0.0
  0
VERTEX
  5
D19C
330
CFC1
100
AcDbEntity
  8
Mleader @ 48
100
AcDbVertex
100
AcDb2dVertex
 10
910.940581897144
 20
182.259552308519
 30
0.0
  0
VERTEX
  5
D19D
330
CFC1
100
AcDbEntity
  8
Mleader @ 48
100
AcDbVertex
100
AcDb2dVertex
 10
910.9235625782639
 20
182.288286552298
 30
0.0
  0
VERTEX
  5
D19E
330
CFC1
100
AcDbEntity
  8
Mleader @ 48
100
AcDbVertex
100
AcDb2dVertex
 10
910.902865214591
 20
182.31449596125
 30
0.0
  0
VERTEX
  5
D19F
330
CFC1
100
AcDbEntity
  8
Mleader @ 48
100
AcDbVertex
100
AcDb2dVertex
 10
910.8788591510689
 20
182.337712827852
 30
0.0
  0
VERTEX
  5
D1A0
330
CFC1
100
AcDbEntity
  8
Mleader @ 48
100
AcDbVertex
100
AcDb2dVertex
 10
910.8519727764699
 20
182.357522846569
 30
0.0
  0
VERTEX
  5
D1A1
330
CFC1
100
AcDbEntity
  8
Mleader @ 48
100
AcDbVertex
100
AcDb2dVertex
 10
910.822685878786
 20
182.373572507149
 30
0.0
  0
VERTEX
  5
D1A2
330
CFC1
100
AcDbEntity
  8
Mleader @ 48
100
AcDbVertex
100
AcDb2dVertex
 10
910.7915210833999
 20
182.385575403017
 30
0.0
  0
VERTEX
  5
D1A3
330
CFC1
100
AcDbEntity
  8
Mleader @ 48
100
AcDbVertex
100
AcDb2dVertex
 10
910.7590345268249
 20
182.3933173422119
 30
0.0
  0
VERTEX
  5
D1A4
330
CFC1
100
AcDbEntity
  8
Mleader @ 48
100
AcDbVertex
100
AcDb2dVertex
 10
910.725805932431
 20
182.396660169647
 30
0.0
  0
VERTEX
  5
D1A5
330
CFC1
100
AcDbEntity
  8
Mleader @ 48
100
AcDbVertex
100
AcDb2dVertex
 10
910.6924282652729
 20
182.395544232487
 30
0.0
  0
VERTEX
  5
D1A6
330
CFC1
100
AcDbEntity
  8
Mleader @ 48
100
AcDbVertex
100
AcDb2dVertex
 10
910.6594971506121
 20
182.389989444656
 30
0.0
  0
VERTEX
  5
D1A7
330
CFC1
100
AcDbEntity
  8
Mleader @ 48
100
AcDbVertex
100
AcDb2dVertex
 10
910.6276002449689
 20
182.3800949314749
 30
0.0
  0
VERTEX
  5
D1A8
330
CFC1
100
AcDbEntity
  8
Mleader @ 48
100
AcDbVertex
100
AcDb2dVertex
 10
910.597306749382
 20
182.3660372607669
 30
0.0
  0
VERTEX
  5
D1A9
330
CFC1
100
AcDbEntity
  8
Mleader @ 48
100
AcDbVertex
100
AcDb2dVertex
 10
910.5691572519971
 20
182.348067291997
 30
0.0
  0
VERTEX
  5
D1AA
330
CFC1
100
AcDbEntity
  8
Mleader @ 48
100
AcDbVertex
100
AcDb2dVertex
 10
910.5436540812599
 20
182.326505699684
 30
0.0
  0
VERTEX
  5
D1AB
330
CFC1
100
AcDbEntity
  8
Mleader @ 48
100
AcDbVertex
100
AcDb2dVertex
 10
910.521252341859
 20
182.301737250955
 30
0.0
  0
VERTEX
  5
D1AC
330
CFC1
100
AcDbEntity
  8
Mleader @ 48
100
AcDbVertex
100
AcDb2dVertex
 10
910.502351793364
 20
182.274203939363
 30
0.0
  0
VERTEX
  5
D1AD
330
CFC1
100
AcDbEntity
  8
Mleader @ 48
100
AcDbVertex
100
AcDb2dVertex
 10
910.4872897165099
 20
182.244397097506
 30
0.0
  0
VERTEX
  5
D1AE
330
CFC1
100
AcDbEntity
  8
Mleader @ 48
100
AcDbVertex
100
AcDb2dVertex
 10
910.476334894415
 20
182.212848629183
 30
0.0
  0
VERTEX
  5
D1AF
330
CFC1
100
AcDbEntity
  8
Mleader @ 48
100
AcDbVertex
100
AcDb2dVertex
 10
910.4696828161399
 20
182.180121517558
 30
0.0
  0
VERTEX
  5
D1B0
330
CFC1
100
AcDbEntity
  8
Mleader @ 48
100
AcDbVertex
100
AcDb2dVertex
 10
910.467452188179
 20
182.1467997787149
 30
0.0
  0
SEQEND
  5
D1B1
330
CFC1
100
AcDbEntity
  8
0
  0
LINE
  5
CFC2
330
D0BE
100
AcDbEntity
  8
Mleader @ 48
100
AcDbLine
 10
922.7174521881801
 20
182.1467997787149
 30
0.0
 11
898.717452188179
 21
182.1467997787149
 31
0.0
  0
TEXT
  5
CFC3
330
D0BE
100
AcDbEntity
  8
Mleader @ 48
100
AcDbText
 10
909.9674521881789
 20
183.1467997787149
 30
0.0
 40
4.5
  1
1
100
AcDbText
  0
TEXT
  5
CFC4
330
D0BE
100
AcDbEntity
  8
Mleader @ 48
100
AcDbText
 10
902.842452188179
 20
174.6467997787149
 30
0.0
 40
4.5
  1
A-05
100
AcDbText
  0
HATCH
  5
CFC5
330
D0BE
100
AcDbEntity
  8
Mleader @ 48
100
AcDbHatch
 10
0.0
 20
0.0
 30
0.0
210
0.0
220
0.0
230
1.0
  2
SOLID
 70
     1
 71
     0
 91
        1
 92
        1
 93
        3
 72
     1
 10
872.4665964255541
 20
169.940672673973
 11
865.030201134024
 21
164.653894347987
 72
     1
 10
865.030201134024
 20
164.653894347987
 11
870.349998304071
 21
172.0667047509019
 72
     1
 10
870.349998304071
 20
172.0667047509019
 11
872.4665964255541
 21
169.940672673973
 97
        0
 75
     0
 76
     1
 98
        0
450
        0
451
        0
460
0.0
461
0.0
452
        0
462
0.0
453
        0
470

  0
LINE
  5
CFC6
330
D0BE
100
AcDbEntity
  8
Mleader @ 48
100
AcDbLine
 10
871.4082973648119
 20
171.003688712437
 30
0.0
 11
882.601074738673
 21
182.1467997787149
 31
0.0
  0
LINE
  5
CFC7
330
D0BE
100
AcDbEntity
  8
Mleader @ 48
100
AcDbLine
 10
882.601074738673
 20
182.1467997787149
 30
0.0
 11
898.717452188179
 21
182.1467997787149
 31
0.0
  0
MTEXT
  5
5D32
102
{ACAD_XDICTIONARY
360
5D33
102
}
330
D0BE
100
AcDbEntity
  8
Mleader @ 48
100
AcDbMText
 10
906.120692272006
 20
199.030393990223
 30
0.0
 40
3.0
 41
14.9216488450038
 46
0.0
 71
     1
 72
     5
  1
SEE
  7
ROMANS
 73
     1
 44
1.0
1001
AcadAnnotative
1000
AnnotativeData
1002
{
1070
     1
1070
     1
1002
}
  0
DIMENSION
  5
6008
102
{ACAD_XDICTIONARY
360
6009
102
}
330
D0BE
100
AcDbEntity
  8
Dim @ 48
100
AcDbDimension
280
     0
  2
*D40
 10
971.6351036695309
 20
98.68851797106771
 30
0.0
 11
971.6351036695309
 21
171.688517971068
 31
0.0
 71
     5
 42
0.0
 73
     0
 74
     0
 75
     0
  3
ROMANS-beside
100
AcDbAlignedDimension
 13
952.6981755092251
 23
244.688517971068
 33
0.0
 14
951.737100598587
 24
98.68851797106771
 34
0.0
 50
90.0
100
AcDbRotatedDimension
1001
AcadAnnotative
1000
AnnotativeData
1002
{
1070
     1
1070
     1
1002
}
1001
ACAD
1000
DSTYLE
1002
{
1070
    40
1040
48.0
1070
   147
1040
0.0625
1070
   141
1040
0.0625
1070
    42
1040
0.09375
1070
    44
1040
0.09375
1070
    41
1040
0.09375
1070
   140
1040
0.078125
1070
   279
1070
     0
1070
   289
1070
     0
1070
   174
1070
     0
1070
   175
1070
     0
1070
   172
1070
     0
1002
}
  0
TEXT
  5
CFC8
330
D0BE
100
AcDbEntity
  8
Mleader @ 4
100
AcDbText
 10
677.716005205967
 20
581.529998584036
 30
0.0
 40
0.25
  1
S.S. BOLT AND ACORN NUT
 41
1.149999976158139
100
AcDbText
  0
TEXT
  5
CFC9
330
D0BE
100
AcDbEntity
  8
Mleader @ 4
100
AcDbText
 10
677.702314729776
 20
581.065712869751
 30
0.0
 40
0.25
  1
(NUT TO OUTSIDE)
 41
1.149999976158139
100
AcDbText
  0
HATCH
  5
CFCA
330
D0BE
100
AcDbEntity
  8
Mleader @ 4
100
AcDbHatch
 10
0.0
 20
0.0
 30
0.0
210
0.0
220
0.0
230
1.0
  2
SOLID
 70
     1
 71
     0
 91
        1
 92
        1
 93
        3
 72
     1
 10
668.72712192894
 20
574.2066005164749
 11
668.1084034954019
 21
573.7646587782339
 72
     1
 10
668.1084034954019
 20
573.7646587782339
 11
668.550345233643
 21
574.3833772117719
 72
     1
 10
668.550345233643
 20
574.3833772117719
 11
668.72712192894
 21
574.2066005164749
 97
        0
 75
     0
 76
     1
 98
        0
450
        0
451
        0
460
0.0
461
0.0
452
        0
462
0.0
453
        0
470

  0
LINE
  5
CFCB
330
D0BE
100
AcDbEntity
  8
Mleader @ 4
100
AcDbLine
 10
668.638733581292
 20
574.2949888641229
 30
0.0
 11
675.957076634538
 21
581.61333191737
 31
0.0
  0
LINE
  5
CFCC
330
D0BE
100
AcDbEntity
  8
Mleader @ 4
100
AcDbLine
 10
675.957076634538
 20
581.61333191737
 30
0.0
 11
677.3970766345379
 21
581.61333191737
 31
0.0
  0
TEXT
  5
CFCD
330
D0BE
100
AcDbEntity
  8
Mleader @ 4
100
AcDbText
 10
677.1992639097319
 20
578.857328862789
 30
0.0
 40
0.25
  1
4x
 41
1.149999976158139
100
AcDbText
  0
TEXT
  5
CFCE
330
D0BE
100
AcDbEntity
  8
Mleader @ 4
100
AcDbText
 10
677.70581152878
 20
578.857328862789
 30
0.0
 40
0.239575
  1
38
 41
1.149999976158139
100
AcDbText
  0
TEXT
  5
CFCF
330
D0BE
100
AcDbEntity
  8
Mleader @ 4
100
AcDbText
 10
678.2305948621131
 20
578.857328862789
 30
0.0
 40
0.2499965125
  1
x
 41
1.149999976158139
100
AcDbText
  0
TEXT
  5
CFD0
330
D0BE
100
AcDbEntity
  8
Mleader @ 4
100
AcDbText
 10
678.463329710655
 20
578.857328862789
 30
0.0
 40
0.23957165792875
  1
38 PLATE-WELDED
 41
1.149999976158139
100
AcDbText
  0
TEXT
  5
CFD1
330
D0BE
100
AcDbEntity
  8
Mleader @ 4
100
AcDbText
 10
677.2272159379889
 20
578.4054578414449
 30
0.0
 40
0.23957165792875
  1
TO POST (PAINT)
 41
1.149999976158139
100
AcDbText
  0
HATCH
  5
CFD2
330
D0BE
100
AcDbEntity
  8
Mleader @ 4
100
AcDbHatch
 10
0.0
 20
0.0
 30
0.0
210
0.0
220
0.0
230
1.0
  2
SOLID
 70
     1
 71
     0
 91
        1
 92
        1
 93
        3
 72
     1
 10
670.250595828463
 20
573.740812657652
 11
669.631877394925
 21
573.2988709194099
 72
     1
 10
669.631877394925
 20
573.2988709194099
 11
670.073819133166
 21
573.917589352948
 72
     1
 10
670.073819133166
 20
573.917589352948
 11
670.250595828463
 21
573.740812657652
 97
        0
 75
     0
 76
     1
 98
        0
450
        0
451
        0
460
0.0
461
0.0
452
        0
462
0.0
453
        0
470

  0
LINE
  5
CFD3
330
D0BE
100
AcDbEntity
  8
Mleader @ 4
100
AcDbLine
 10
670.162207480815
 20
573.8292010052999
 30
0.0
 11
675.440335338304
 21
579.107328862789
 31
0.0
  0
LINE
  5
CFD4
330
D0BE
100
AcDbEntity
  8
Mleader @ 4
100
AcDbLine
 10
675.440335338304
 20
579.107328862789
 30
0.0
 11
676.880335338304
 21
579.107328862789
 31
0.0
  0
TEXT
  5
CFD5
330
D0BE
100
AcDbEntity
  8
Mleader @ 4
100
AcDbText
 10
680.408874083292
 20
571.889878474194
 30
0.0
 40
0.25
  1
9.5∅ S.S. CABLE C/W S.S.
 41
1.149999976158139
100
AcDbText
  0
TEXT
  5
CFD6
330
D0BE
100
AcDbEntity
  8
Mleader @ 4
100
AcDbText
 10
680.408874083292
 20
571.4494022837181
 30
0.0
 40
0.25
  1
CRIMPED-ON STUD END & S.S. NUT
 41
1.149999976158139
100
AcDbText
  0
HATCH
  5
CFD7
330
D0BE
100
AcDbEntity
  8
Mleader @ 4
100
AcDbHatch
 10
0.0
 20
0.0
 30
0.0
210
0.0
220
0.0
230
1.0
  2
SOLID
 70
     1
 71
     0
 91
        1
 92
        1
 93
        3
 72
     1
 10
673.8387202619921
 20
567.025686052836
 11
673.2200018284539
 21
566.583744314594
 72
     1
 10
673.2200018284539
 20
566.583744314594
 11
673.661943566695
 21
567.2024627481319
 72
     1
 10
673.661943566695
 20
567.2024627481319
 11
673.8387202619921
 21
567.025686052836
 97
        0
 75
     0
 76
     1
 98
        0
450
        0
451
        0
460
0.0
461
0.0
452
        0
462
0.0
453
        0
470

  0
LINE
  5
CFD8
330
D0BE
100
AcDbEntity
  8
Mleader @ 4
100
AcDbLine
 10
673.7503319143439
 20
567.114074400484
 30
0.0
 11
678.649945511863
 21
572.013687998004
 31
0.0
  0
LINE
  5
CFD9
330
D0BE
100
AcDbEntity
  8
Mleader @ 4
100
AcDbLine
 10
678.649945511863
 20
572.013687998004
 30
0.0
 11
680.089945511863
 21
572.013687998004
 31
0.0
  0
TEXT
  5
CFDA
330
D0BE
100
AcDbEntity
  8
Mleader @ 48
100
AcDbText
 10
-54.2071005595242
 20
302.271195876762
 30
0.0
 40
3.0
  1
OUTSIDE FACE OF
 41
1.149999976158139
100
AcDbText
  0
TEXT
  5
CFDB
330
D0BE
100
AcDbEntity
  8
Mleader @ 48
100
AcDbText
 10
-54.2071005595242
 20
297.271195876762
 30
0.0
 40
3.0
  1
GRADE BEAM BELOW
 41
1.149999976158139
100
AcDbText
  0
HATCH
  5
CFDC
330
D0BE
100
AcDbEntity
  8
Mleader @ 48
100
AcDbHatch
 10
0.0
 20
0.0
 30
0.0
210
0.0
220
0.0
230
1.0
  2
SOLID
 70
     1
 71
     0
 91
        1
 92
        1
 93
        3
 72
     1
 10
27.7418556038155
 20
304.971195876762
 11
36.7418556038155
 21
303.471195876762
 72
     1
 10
36.7418556038155
 20
303.471195876762
 11
27.7418556038155
 21
301.971195876762
 72
     1
 10
27.7418556038155
 20
301.971195876762
 11
27.7418556038155
 21
304.971195876762
 97
        0
 75
     0
 76
     1
 98
        0
450
        0
451
        0
460
0.0
461
0.0
452
        0
462
0.0
453
        0
470

  0
LINE
  5
CFDD
330
D0BE
100
AcDbEntity
  8
Mleader @ 48
100
AcDbLine
 10
27.7418556038155
 20
303.471195876762
 30
0.0
 11
17.4875983550345
 21
303.471195876762
 31
0.0
  0
LINE
  5
CFDE
330
D0BE
100
AcDbEntity
  8
Mleader @ 48
100
AcDbLine
 10
17.4875983550345
 20
303.471195876762
 30
0.0
 11
3.50575658333298
 21
303.471195876762
 31
0.0
  0
TEXT
  5
CFDF
330
D0BE
100
AcDbEntity
  8
Mleader @ 48
100
AcDbText
 10
181.805097481441
 20
302.271195876763
 30
0.0
 40
3.0
  1
OUTSIDE FACE OF
 41
1.149999976158139
100
AcDbText
  0
TEXT
  5
CFE0
330
D0BE
100
AcDbEntity
  8
Mleader @ 48
100
AcDbText
 10
181.805097481441
 20
297.271195876763
 30
0.0
 40
3.0
  1
GRADE BEAM BELOW
 41
1.149999976158139
100
AcDbText
  0
HATCH
  5
CFE1
330
D0BE
100
AcDbEntity
  8
Mleader @ 48
100
AcDbHatch
 10
0.0
 20
0.0
 30
0.0
210
0.0
220
0.0
230
1.0
  2
SOLID
 70
     1
 71
     0
 91
        1
 92
        1
 93
        3
 72
     1
 10
153.741855603815
 20
304.971195876763
 11
144.741855603815
 21
303.471195876763
 72
     1
 10
144.741855603815
 20
303.471195876763
 11
153.741855603815
 21
301.971195876763
 72
     1
 10
153.741855603815
 20
301.971195876763
 11
153.741855603815
 21
304.971195876763
 97
        0
 75
     0
 76
     1
 98
        0
450
        0
451
        0
460
0.0
461
0.0
452
        0
462
0.0
453
        0
470

  0
LINE
  5
CFE2
330
D0BE
100
AcDbEntity
  8
Mleader @ 48
100
AcDbLine
 10
153.741855603815
 20
303.471195876763
 30
0.0
 11
163.996112852596
 21
303.471195876763
 31
0.0
  0
LINE
  5
CFE3
330
D0BE
100
AcDbEntity
  8
Mleader @ 48
100
AcDbLine
 10
163.996112852596
 20
303.471195876763
 30
0.0
 11
177.977954624298
 21
303.471195876763
 31
0.0
  0
TEXT
  5
CFE4
330
D0BE
100
AcDbEntity
  8
Mleader @ 48
100
AcDbText
 10
-12.1213862738099
 20
229.926017971077
 30
0.0
 40
3.0
  1
W250
 41
1.149999976158139
100
AcDbText
  0
HATCH
  5
CFE5
330
D0BE
100
AcDbEntity
  8
Mleader @ 48
100
AcDbHatch
 10
0.0
 20
0.0
 30
0.0
210
0.0
220
0.0
230
1.0
  2
SOLID
 70
     1
 71
     0
 91
        1
 92
        1
 93
        3
 72
     1
 10
29.7418556038155
 20
232.626017971077
 11
38.7418556038155
 21
231.126017971077
 72
     1
 10
38.7418556038155
 20
231.126017971077
 11
29.7418556038155
 21
229.626017971077
 72
     1
 10
29.7418556038155
 20
229.626017971077
 11
29.7418556038155
 21
232.626017971077
 97
        0
 75
     0
 76
     1
 98
        0
450
        0
451
        0
460
0.0
461
0.0
452
        0
462
0.0
453
        0
470

  0
LINE
  5
CFE6
330
D0BE
100
AcDbEntity
  8
Mleader @ 48
100
AcDbLine
 10
29.7418556038155
 20
231.126017971077
 30
0.0
 11
19.4875983550345
 21
231.126017971077
 31
0.0
  0
LINE
  5
CFE7
330
D0BE
100
AcDbEntity
  8
Mleader @ 48
100
AcDbLine
 10
19.4875983550345
 20
231.126017971077
 30
0.0
 11
5.50575658333298
 21
231.126017971077
 31
0.0
  0
TEXT
  5
CFE8
330
D0BE
100
AcDbEntity
  8
Mleader @ 48
100
AcDbText
 10
188.165847966219
 20
205.135863852246
 30
0.0
 40
3.0
  1
W410
 41
1.149999976158139
100
AcDbText
  0
HATCH
  5
CFE9
330
D0BE
100
AcDbEntity
  8
Mleader @ 48
100
AcDbHatch
 10
0.0
 20
0.0
 30
0.0
210
0.0
220
0.0
230
1.0
  2
SOLID
 70
     1
 71
     0
 91
        1
 92
        1
 93
        3
 72
     1
 10
161.7720811047349
 20
215.978894511918
 11
159.491855603815
 21
224.813517971068
 72
     1
 10
159.491855603815
 20
224.813517971068
 11
164.514108956301
 21
217.195974320819
 72
     1
 10
164.514108956301
 20
217.195974320819
 11
161.7720811047349
 21
215.978894511918
 97
        0
 75
     0
 76
     1
 98
        0
450
        0
451
        0
460
0.0
461
0.0
452
        0
462
0.0
453
        0
470

  0
LINE
  5
CFEA
330
D0BE
100
AcDbEntity
  8
Mleader @ 48
100
AcDbLine
 10
163.143095030518
 20
216.587434416369
 30
0.0
 11
166.89441939479
 21
208.135863852246
 31
0.0
  0
LINE
  5
CFEB
330
D0BE
100
AcDbEntity
  8
Mleader @ 48
100
AcDbLine
 10
166.89441939479
 20
208.135863852246
 30
0.0
 11
184.17441939479
 21
208.135863852246
 31
0.0
  0
TEXT
  5
CFEC
330
D0BE
100
AcDbEntity
  8
Mleader @ 48
100
AcDbText
 10
-16.2063262586916
 20
173.59827731671
 30
0.0
 40
3.0
  1
C250
 41
1.149999976158139
100
AcDbText
  0
HATCH
  5
CFED
330
D0BE
100
AcDbEntity
  8
Mleader @ 48
100
AcDbHatch
 10
0.0
 20
0.0
 30
0.0
210
0.0
220
0.0
230
1.0
  2
SOLID
 70
     1
 71
     0
 91
        1
 92
        1
 93
        3
 72
     1
 10
33.3829206107843
 20
167.082272869528
 11
39.6800259158425
 21
160.47951096431
 72
     1
 10
39.6800259158425
 20
160.47951096431
 11
31.5818683877435
 21
164.683062397336
 72
     1
 10
31.5818683877435
 20
164.683062397336
 11
33.3829206107843
 21
167.082272869528
 97
        0
 75
     0
 76
     1
 98
        0
450
        0
451
        0
460
0.0
461
0.0
452
        0
462
0.0
453
        0
470

  0
LINE
  5
CFEE
330
D0BE
100
AcDbEntity
  8
Mleader @ 48
100
AcDbLine
 10
32.4823944992639
 20
165.882667633432
 30
0.0
 11
18.2079594555941
 21
176.59827731671
 31
0.0
  0
LINE
  5
CFEF
330
D0BE
100
AcDbEntity
  8
Mleader @ 48
100
AcDbLine
 10
18.2079594555941
 20
176.59827731671
 30
0.0
 11
0.9279594555941489
 21
176.59827731671
 31
0.0
  0
TEXT
  5
CFF0
330
D0BE
100
AcDbEntity
  8
Mleader @ 48
100
AcDbText
 10
186.839398344652
 20
175.20808116003
 30
0.0
 40
3.0
  1
C250
 41
1.149999976158139
100
AcDbText
  0
HATCH
  5
CFF1
330
D0BE
100
AcDbEntity
  8
Mleader @ 48
100
AcDbHatch
 10
0.0
 20
0.0
 30
0.0
210
0.0
220
0.0
230
1.0
  2
SOLID
 70
     1
 71
     0
 91
        1
 92
        1
 93
        3
 72
     1
 10
157.228306494247
 20
165.782811823209
 11
149.803685291788
 21
160.47951096431
 72
     1
 10
149.803685291788
 20
160.47951096431
 11
155.106986150688
 21
167.904132166769
 72
     1
 10
155.106986150688
 20
167.904132166769
 11
157.228306494247
 21
165.782811823209
 97
        0
 75
     0
 76
     1
 98
        0
450
        0
451
        0
460
0.0
461
0.0
452
        0
462
0.0
453
        0
470

  0
LINE
  5
CFF2
330
D0BE
100
AcDbEntity
  8
Mleader @ 48
100
AcDbLine
 10
156.167646322467
 20
166.843471994989
 30
0.0
 11
165.732255487509
 21
176.40808116003
 31
0.0
  0
LINE
  5
CFF3
330
D0BE
100
AcDbEntity
  8
Mleader @ 48
100
AcDbLine
 10
165.732255487509
 20
176.40808116003
 30
0.0
 11
183.012255487509
 21
176.40808116003
 31
0.0
  0
TEXT
  5
CFF4
330
D0BE
100
AcDbEntity
  8
Mleader @ 48
100
AcDbText
 10
1322.27109310874
 20
277.526631891648
 30
0.0
 40
3.0
  1
OUTSIDE FACE OF
 41
1.149999976158139
100
AcDbText
  0
TEXT
  5
CFF5
330
D0BE
100
AcDbEntity
  8
Mleader @ 48
100
AcDbText
 10
1322.27109310874
 20
272.526631891648
 30
0.0
 40
3.0
  1
GRADE BEAM BELOW
 41
1.149999976158139
100
AcDbText
  0
HATCH
  5
CFF6
330
D0BE
100
AcDbEntity
  8
Mleader @ 48
100
AcDbHatch
 10
0.0
 20
0.0
 30
0.0
210
0.0
220
0.0
230
1.0
  2
SOLID
 70
     1
 71
     0
 91
        1
 92
        1
 93
        3
 72
     1
 10
1294.20785123112
 20
280.226631891648
 11
1285.20785123112
 21
278.726631891648
 72
     1
 10
1285.20785123112
 20
278.726631891648
 11
1294.20785123112
 21
277.226631891648
 72
     1
 10
1294.20785123112
 20
277.226631891648
 11
1294.20785123112
 21
280.226631891648
 97
        0
 75
     0
 76
     1
 98
        0
450
        0
451
        0
460
0.0
461
0.0
452
        0
462
0.0
453
        0
470

  0
LINE
  5
CFF7
330
D0BE
100
AcDbEntity
  8
Mleader @ 48
100
AcDbLine
 10
1294.20785123112
 20
278.726631891648
 30
0.0
 11
1304.4621084799
 21
278.726631891648
 31
0.0
  0
LINE
  5
CFF8
330
D0BE
100
AcDbEntity
  8
Mleader @ 48
100
AcDbLine
 10
1304.4621084799
 20
278.726631891648
 30
0.0
 11
1318.4439502516
 21
278.726631891648
 31
0.0
  0
TEXT
  5
CFF9
330
D0BE
100
AcDbEntity
  8
Mleader @ 48
100
AcDbText
 10
1125.83722146007
 20
166.228253080944
 30
0.0
 40
3.0
  1
C250
 41
1.149999976158139
100
AcDbText
  0
HATCH
  5
CFFA
330
D0BE
100
AcDbEntity
  8
Mleader @ 48
100
AcDbHatch
 10
0.0
 20
0.0
 30
0.0
210
0.0
220
0.0
230
1.0
  2
SOLID
 70
     1
 71
     0
 91
        1
 92
        1
 93
        3
 72
     1
 10
1168.75545616762
 20
156.802983744122
 11
1176.18007737008
 21
151.499682885223
 72
     1
 10
1176.18007737008
 20
151.499682885223
 11
1170.87677651118
 21
158.924304087682
 72
     1
 10
1170.87677651118
 20
158.924304087682
 11
1168.75545616762
 21
156.802983744122
 97
        0
 75
     0
 76
     1
 98
        0
450
        0
451
        0
460
0.0
461
0.0
452
        0
462
0.0
453
        0
470

  0
LINE
  5
CFFB
330
D0BE
100
AcDbEntity
  8
Mleader @ 48
100
AcDbLine
 10
1169.8161163394
 20
157.863643915902
 30
0.0
 11
1160.251507174359
 21
167.428253080944
 31
0.0
  0
LINE
  5
CFFC
330
D0BE
100
AcDbEntity
  8
Mleader @ 48
100
AcDbLine
 10
1160.251507174359
 20
167.428253080944
 30
0.0
 11
1142.97150717436
 21
167.428253080944
 31
0.0
  0
TEXT
  5
CFFD
330
D0BE
100
AcDbEntity
  8
Mleader @ 48
100
AcDbText
 10
1310.73628797613
 20
129.571535156405
 30
0.0
 40
3.0
  1
C250
 41
1.149999976158139
100
AcDbText
  0
HATCH
  5
CFFE
330
D0BE
100
AcDbEntity
  8
Mleader @ 48
100
AcDbHatch
 10
0.0
 20
0.0
 30
0.0
210
0.0
220
0.0
230
1.0
  2
SOLID
 70
     1
 71
     0
 91
        1
 92
        1
 93
        3
 72
     1
 10
1285.06390576926
 20
143.946818662804
 11
1281.38785123112
 21
152.29766431056
 72
     1
 10
1281.38785123112
 20
152.29766431056
 11
1287.57358249079
 21
145.590449629106
 72
     1
 10
1287.57358249079
 20
145.590449629106
 11
1285.06390576926
 21
143.946818662804
 97
        0
 75
     0
 76
     1
 98
        0
450
        0
451
        0
460
0.0
461
0.0
452
        0
462
0.0
453
        0
470

  0
LINE
  5
CFFF
330
D0BE
100
AcDbEntity
  8
Mleader @ 48
100
AcDbLine
 10
1286.31874413003
 20
144.768634145955
 30
0.0
 11
1295.48568788027
 21
130.771535156405
 31
0.0
  0
LINE
  5
D000
330
D0BE
100
AcDbEntity
  8
Mleader @ 48
100
AcDbLine
 10
1295.48568788027
 20
130.771535156405
 30
0.0
 11
1306.90914511899
 21
130.771535156405
 31
0.0
  0
TEXT
  5
D001
330
D0BE
100
AcDbEntity
  8
Mleader @ 48
100
AcDbText
 10
1073.00640759276
 20
197.072930419158
 30
0.0
 40
3.0
  1
350 OWSJ
 41
1.149999976158139
100
AcDbText
  0
HATCH
  5
D002
330
D0BE
100
AcDbEntity
  8
Mleader @ 48
100
AcDbHatch
 10
0.0
 20
0.0
 30
0.0
210
0.0
220
0.0
230
1.0
  2
SOLID
 70
     1
 71
     0
 91
        1
 92
        1
 93
        3
 72
     1
 10
1123.5399136259
 20
208.908296632892
 11
1128.95785123112
 21
216.249682885225
 72
     1
 10
1128.95785123112
 20
216.249682885225
 11
1126.21376525397
 21
207.547959369163
 72
     1
 10
1126.21376525397
 20
207.547959369163
 11
1123.5399136259
 21
208.908296632892
 97
        0
 75
     0
 76
     1
 98
        0
450
        0
451
        0
460
0.0
461
0.0
452
        0
462
0.0
453
        0
470

  0
LINE
  5
D003
330
D0BE
100
AcDbEntity
  8
Mleader @ 48
100
AcDbLine
 10
1124.87683943993
 20
208.228128001027
 30
0.0
 11
1120.72783616419
 21
200.072930419158
 31
0.0
  0
LINE
  5
D004
330
D0BE
100
AcDbEntity
  8
Mleader @ 48
100
AcDbLine
 10
1120.72783616419
 20
200.072930419158
 30
0.0
 11
1103.44783616419
 21
200.072930419158
 31
0.0
  0
TEXT
  5
D005
330
D0BE
100
AcDbEntity
  8
Mleader @ 48
100
AcDbText
 10
1112.50299410062
 20
185.629004474828
 30
0.0
 40
3.0
  1
W310
 41
1.149999976158139
100
AcDbText
  0
TEXT
  5
D006
330
D0BE
100
AcDbEntity
  8
Mleader @ 48
100
AcDbText
 10
1126.30299410062
 20
185.629004474828
 30
0.0
 40
3.0
  1
x39
 41
1.149999976158139
100
AcDbText
  0
HATCH
  5
D007
330
D0BE
100
AcDbEntity
  8
Mleader @ 48
100
AcDbHatch
 10
0.0
 20
0.0
 30
0.0
210
0.0
220
0.0
230
1.0
  2
SOLID
 70
     1
 71
     0
 91
        1
 92
        1
 93
        3
 72
     1
 10
1168.3257818429
 20
213.196257263526
 11
1173.95785123112
 21
220.374682885226
 72
     1
 10
1173.95785123112
 20
220.374682885226
 11
1170.95835606552
 21
211.757663171223
 72
     1
 10
1170.95835606552
 20
211.757663171223
 11
1168.3257818429
 21
213.196257263526
 97
        0
 75
     0
 76
     1
 98
        0
450
        0
451
        0
460
0.0
461
0.0
452
        0
462
0.0
453
        0
470

  0
LINE
  5
D008
330
D0BE
100
AcDbEntity
  8
Mleader @ 48
100
AcDbLine
 10
1169.64206895421
 20
212.476960217374
 30
0.0
 11
1156.61013695776
 21
188.629004474828
 31
0.0
  0
LINE
  5
D009
330
D0BE
100
AcDbEntity
  8
Mleader @ 48
100
AcDbLine
 10
1156.61013695776
 20
188.629004474828
 30
0.0
 11
1139.33013695776
 21
188.629004474828
 31
0.0
  0
TEXT
  5
D00A
330
D0BE
100
AcDbEntity
  8
Mleader @ 48
100
AcDbText
 10
1307.35701449425
 20
195.702582798308
 30
0.0
 40
3.0
  1
W410
 41
1.149999976158139
100
AcDbText
  0
HATCH
  5
D00B
330
D0BE
100
AcDbEntity
  8
Mleader @ 48
100
AcDbHatch
 10
0.0
 20
0.0
 30
0.0
210
0.0
220
0.0
230
1.0
  2
SOLID
 70
     1
 71
     0
 91
        1
 92
        1
 93
        3
 72
     1
 10
1278.48411358375
 20
207.959489849981
 11
1274.95785123112
 21
216.374682885225
 72
     1
 10
1274.95785123112
 20
216.374682885225
 11
1281.02275660315
 21
209.558017804092
 72
     1
 10
1281.02275660315
 20
209.558017804092
 11
1278.48411358375
 21
207.959489849981
 97
        0
 75
     0
 76
     1
 98
        0
450
        0
451
        0
460
0.0
461
0.0
452
        0
462
0.0
453
        0
470

  0
LINE
  5
D00C
330
D0BE
100
AcDbEntity
  8
Mleader @ 48
100
AcDbLine
 10
1279.75343509345
 20
208.758753827036
 30
0.0
 11
1286.08558592282
 21
198.702582798308
 31
0.0
  0
LINE
  5
D00D
330
D0BE
100
AcDbEntity
  8
Mleader @ 48
100
AcDbLine
 10
1286.08558592282
 20
198.702582798308
 30
0.0
 11
1303.36558592282
 21
198.702582798308
 31
0.0
  0
VIEWPORT
  5
218F
102
{ACAD_XDICTIONARY
360
2190
102
}
330
D0BF
100
AcDbEntity
 67
     1
  8
0
100
AcDbViewport
 10
20.5482563237093
 20
12.6761789154055
 30
0.0
 40
44.10383605957028
 41
28.1454410552979
 68
     1
 69
     1
 12
20.5482563237093
 22
12.6761789154055
 13
0.0
 23
0.0
 14
0.0
 24
0.0
 15
0.0
 25
0.0
 16
0.0
 26
0.0
 36
1.0
 17
0.0
 27
0.0
 37
0.0
 42
50.0
 43
0.0
 44
0.0
 45
28.1454410552979
 50
0.0
 51
0.0
 72
   100
 90
   819232
  1

281
     0
 71
     1
 74
     0
110
0.0
120
0.0
130
0.0
111
1.0
121
0.0
131
0.0
112
0.0
122
1.0
132
0.0
 79
     0
146
0.0
170
     0
 61
     5
348
D1F5
292
     1
282
     1
141
0.0
142
0.0
 63
   250
421
  3355443
  0
VIEWPORT
  5
2381
102
{ACAD_XDICTIONARY
360
2382
102
}
330
D0BF
100
AcDbEntity
 67
     1
  8
PS_Viewport
 48
0.100000001490116
100
AcDbViewport
 10
5.87215098493219
 20
15.2989154904929
 30
0.0
 40
7.42934608459473
 41
11.5258016586304
 68
     2
 69
     2
 12
470.330401625244
 22
284.437916534604
 13
0.0
 23
0.0
 14
0.0
 24
0.0
 15
0.0
 25
0.0
 16
0.0
 26
0.0
 36
1.0
 17
0.0
 27
0.0
 37
0.0
 42
50.0
 43
0.0
 44
0.0
 45
553.2384643554689
 50
0.0
 51
0.0
 72
   100
 90
    49248
  1

281
     0
 71
     1
 74
     0
110
0.0
120
0.0
130
0.0
111
1.0
121
0.0
131
0.0
112
0.0
122
1.0
132
0.0
 79
     0
146
0.0
170
     0
 61
     5
348
D1F5
292
     1
282
     1
141
0.0
142
0.0
 63
   250
421
  3355443
  0
VIEWPORT
  5
2384
102
{ACAD_XDICTIONARY
360
2385
102
}
330
D0BF
100
AcDbEntity
 67
     1
  8
PS_Viewport
 48
0.100000001490116
100
AcDbViewport
 10
24.8196043355067
 20
17.0716994642288
 30
0.0
 40
10.5107288360596
 41
9.40958881378174
 68
     3
 69
     3
 12
474.293196072366
 22
185.070252915612
 13
0.0
 23
0.0
 14
0.0
 24
0.0
 15
0.0
 25
0.0
 16
0.0
 26
0.0
 36
1.0
 17
0.0
 27
0.0
 37
0.0
 42
50.0
 43
0.0
 44
0.0
 45
225.830139160156
 50
0.0
 51
0.0
 72
   100
 90
    49248
  1

281
     0
 71
     1
 74
     0
110
0.0
120
0.0
130
0.0
111
1.0
121
0.0
131
0.0
112
0.0
122
1.0
132
0.0
 79
     0
146
0.0
170
     0
 61
     5
348
D1F5
292
     1
282
     1
141
0.0
142
0.0
 63
   250
421
  3355443
  0
VIEWPORT
  5
2387
102
{ACAD_XDICTIONARY
360
2388
102
}
330
D0BF
100
AcDbEntity
 67
     1
  8
PS_Viewport
 48
0.100000001490116
100
AcDbViewport
 10
24.5345237602057
 20
6.904959578488059
 30
0.0
 40
9.880337715148929
 41
6.534228324890139
 68
     4
 69
     4
 12
669.596249640913
 22
570.6653740791259
 13
0.0
 23
0.0
 14
0.0
 24
0.0
 15
0.0
 25
0.0
 16
0.0
 26
0.0
 36
1.0
 17
0.0
 27
0.0
 37
0.0
 42
50.0
 43
0.0
 44
0.0
 45
26.1369171142578
 50
0.0
 51
0.0
 72
   100
 90
    49248
  1

281
     0
 71
     1
 74
     0
110
0.0
120
0.0
130
0.0
111
1.0
121
0.0
131
0.0
112
0.0
122
1.0
132
0.0
 79
     0
146
0.0
170
     0
 61
     5
348
D1F5
292
     1
282
     1
141
0.0
142
0.0
 63
   250
421
  3355443
  0
VIEWPORT
  5
238B
102
{ACAD_XDICTIONARY
360
238C
102
}
330
D0BF
100
AcDbEntity
 67
     1
  8
PS_Viewport
 48
0.100000001490116
100
AcDbViewport
 10
14.3351982796435
 20
14.42340084628
 30
0.0
 40
7.0705451965332
 41
6.948386669158939
 68
     5
 69
     5
 12
826.054921962549
 22
241.258125637208
 13
0.0
 23
0.0
 14
0.0
 24
0.0
 15
0.0
 25
0.0
 16
0.0
 26
0.0
 36
1.0
 17
0.0
 27
0.0
 37
0.0
 42
50.0
 43
0.0
 44
0.0
 45
333.522552490234
 50
0.0
 51
0.0
 72
   100
 90
    32864
  1

281
     0
 71
     1
 74
     0
110
0.0
120
0.0
130
0.0
111
1.0
121
0.0
131
0.0
112
0.0
122
1.0
132
0.0
 79
     0
146
0.0
170
     0
 61
     5
348
D1F5
292
     1
282
     1
141
0.0
142
0.0
 63
   250
421
  3355443
  0
MTEXT
  5
238E
102
{ACAD_XDICTIONARY
360
238F
102
}
330
D0BF
100
AcDbEntity
 67
     1
  8
TS-TEXT2
 48
15.0
100
AcDbMText
 10
0.438898071938898
 20
0.227022827123395
 30
0.0
 40
0.0625
 41
20.0
 46
0.0
 71
     1
 72
     5
  1
Filename: Architectural - Annotation Scaling and Multileaders.dwg   Plotted: 12/5/2006 11:15:39 AM   Plot Device: DWF6 EPlot.pc3   Page Setup: ----   Plotted by: Autodesk
  7
SANSSERIFBOLD
 11
0.0000000000000003
 21
1.0
 31
0.0
 73
     1
 44
1.0
  0
INSERT
  5
2397
330
D0BF
100
AcDbEntity
 67
     1
  8
Foundation_Plan_Dim
100
AcDbBlockReference
 66
     1
  2
REV
 10
29.4895593978732
 20
12.7772469648724
 30
0.0
  0
ATTRIB
  5
2398
330
2397
100
AcDbEntity
 67
     1
  8
TEXT
100
AcDbText
 10
30.68903643255614
 20
12.7767974081769
 30
0.0
 40
0.125
  1
A
 41
0.8000000119209291
  7
ROMANS-80
 72
     4
 11
30.7318935760519
 21
12.8392974081769
 31
0.0
100
AcDbAttribute
280
     0
  2
REV
 70
     0
280
     0
  0
ATTRIB
  5
2399
330
2397
100
AcDbEntity
 67
     1
  8
TEXT
100
AcDbText
 10
31.0680513345447
 20
12.75929903998247
 30
0.0
 40
0.125
  1
RELEASED FOR BLDG. PERMIT
 41
0.8000000119209291
  7
ROMANS-80
 11
31.0680513345447
 21
12.7176323733158
 31
0.0
100
AcDbAttribute
280
     0
  2
REV
 70
     0
 74
     1
280
     0
  0
ATTRIB
  5
239A
330
2397
100
AcDbEntity
 67
     1
  8
TEXT
100
AcDbText
 10
33.9839787730021
 20
12.75929903998247
 30
0.0
 40
0.125
  1
20/11/01
 41
0.8000000119209291
  7
ROMANS-80
 11
33.9839787730021
 21
12.7176323733158
 31
0.0
100
AcDbAttribute
280
     0
  2
REV
 70
     0
 74
     1
280
     0
  0
SEQEND
  5
D1BB
330
2397
100
AcDbEntity
 67
     1
  8
0
  0
INSERT
  5
239C
330
D0BF
100
AcDbEntity
 67
     1
  8
Foundation_Plan_Dim
100
AcDbBlockReference
 66
     1
  2
REV
 10
29.4895593978732
 20
13.0927649455443
 30
0.0
  0
ATTRIB
  5
239D
330
239C
100
AcDbEntity
 67
     1
  8
TEXT
100
AcDbText
 10
30.67951262289041
 20
13.0923153888489
 30
0.0
 40
0.125
  1
B
 41
0.8000000119209291
  7
ROMANS-80
 72
     4
 11
30.7318935760519
 21
13.1548153888489
 31
0.0
100
AcDbAttribute
280
     0
  2
REV
 70
     0
280
     0
  0
ATTRIB
  5
239E
330
239C
100
AcDbEntity
 67
     1
  8
TEXT
100
AcDbText
 10
31.0680513345447
 20
13.07481702065447
 30
0.0
 40
0.125
  1
GENERAL REVISION
 41
0.8000000119209291
  7
ROMANS-80
 11
31.0680513345447
 21
13.0331503539878
 31
0.0
100
AcDbAttribute
280
     0
  2
REV
 70
     0
 74
     1
280
     0
  0
ATTRIB
  5
239F
330
239C
100
AcDbEntity
 67
     1
  8
TEXT
100
AcDbText
 10
33.9839787730021
 20
13.07481702065447
 30
0.0
 40
0.125
  1
17/12/01
 41
0.8000000119209291
  7
ROMANS-80
 11
33.9839787730021
 21
13.0331503539878
 31
0.0
100
AcDbAttribute
280
     0
  2
REV
 70
     0
 74
     1
280
     0
  0
SEQEND
  5
D1BC
330
239C
100
AcDbEntity
 67
     1
  8
0
  0
INSERT
  5
23E8
102
{ACAD_XDICTIONARY
360
23E9
102
}
330
D0BF
100
AcDbEntity
 67
     1
  8
PS_Annot
 48
0.100000001490116
100
AcDbBlockReference
 66
     1
  2
*B9
 10
3.999372182935979
 20
9.518935119668009
 30
0.0
  0
ATTRIB
  5
23EF
330
23E8
100
AcDbEntity
 67
     1
  8
0
 48
15.0
100
AcDbText
 10
4.520035278338481
 20
8.914321088018539
 30
0.0
 40
0.1875
  1
1
  7
SANSSERIFBOLD
 72
     1
 11
4.59153733595165
 21
9.008071088018539
 31
0.0
100
AcDbAttribute
280
     0
  2
#
 70
     8
 74
     2
280
     0
  0
ATTRIB
  5
23F4
330
23E8
100
AcDbEntity
 67
     1
  8
0
 48
15.0
100
AcDbText
 10
4.941537335951649
 20
9.064655450158456
 30
0.0
 40
0.1875
  1
STAIR SECTION 1
  7
SANSSERIFBOLD
 11
4.941537335951649
 21
9.008071088018539
 31
0.0
100
AcDbAttribute
280
     0
  2
VIEWNAME
 70
     8
 74
     1
280
     0
  0
ATTRIB
  5
23F9
330
23E8
100
AcDbEntity
 67
     1
  8
0
 48
15.0
100
AcDbText
 10
5.36106858595165
 20
8.836196088018539
 30
0.0
 40
0.09375
  1
1/4" = 1'-0"
  7
SANSSERIFBOLD
 11
5.36106858595165
 21
8.929946088018539
 31
0.0
100
AcDbAttribute
280
     0
  2
VPSCALE
 70
     8
 74
     3
280
     0
  0
SEQEND
  5
D1BD
330
23E8
100
AcDbEntity
 67
     1
  8
0
  0
INSERT
  5
23FF
102
{ACAD_XDICTIONARY
360
2400
102
}
330
D0BF
100
AcDbEntity
 67
     1
  8
PS_Annot
 48
0.100000001490116
100
AcDbBlockReference
 66
     1
  2
*B8
 10
12.6886590067235
 20
10.715870726534
 30
0.0
  0
ATTRIB
  5
2406
330
23FF
100
AcDbEntity
 67
     1
  8
0
 48
15.0
100
AcDbText
 10
13.20932210212603
 20
10.1112566948846
 30
0.0
 40
0.1875
  1
2
  7
SANSSERIFBOLD
 72
     1
 11
13.2808241597392
 21
10.2050066948846
 31
0.0
100
AcDbAttribute
280
     0
  2
#
 70
     8
 74
     2
280
     0
  0
ATTRIB
  5
240B
330
23FF
100
AcDbEntity
 67
     1
  8
0
 48
15.0
100
AcDbText
 10
13.6308241597392
 20
10.26159105702451
 30
0.0
 40
0.1875
  1
STAIR SECTION 2
  7
SANSSERIFBOLD
 11
13.6308241597392
 21
10.2050066948846
 31
0.0
100
AcDbAttribute
280
     0
  2
VIEWNAME
 70
     8
 74
     1
280
     0
  0
ATTRIB
  5
2410
330
23FF
100
AcDbEntity
 67
     1
  8
0
 48
15.0
100
AcDbText
 10
14.0503554097392
 20
10.0331316948846
 30
0.0
 40
0.09375
  1
1/4" = 1'-0"
  7
SANSSERIFBOLD
 11
14.0503554097392
 21
10.1268816948846
 31
0.0
100
AcDbAttribute
280
     0
  2
VPSCALE
 70
     8
 74
     3
280
     0
  0
SEQEND
  5
D1BE
330
23FF
100
AcDbEntity
 67
     1
  8
0
  0
INSERT
  5
2416
102
{ACAD_XDICTIONARY
360
2417
102
}
330
D0BF
100
AcDbEntity
 67
     1
  8
PS_Annot
 48
0.100000001490116
100
AcDbBlockReference
 66
     1
  2
*B10
 10
22.5754092848136
 20
12.4652381173034
 30
0.0
  0
ATTRIB
  5
241D
330
2416
100
AcDbEntity
 67
     1
  8
0
 48
15.0
100
AcDbText
 10
23.09607238021613
 20
11.8606240856539
 30
0.0
 40
0.1875
  1
1
  7
SANSSERIFBOLD
 72
     1
 11
23.1675744378293
 21
11.9543740856539
 31
0.0
100
AcDbAttribute
280
     0
  2
#
 70
     8
 74
     2
280
     0
  0
ATTRIB
  5
2422
330
2416
100
AcDbEntity
 67
     1
  8
0
 48
15.0
100
AcDbText
 10
23.5175744378293
 20
12.01095844779382
 30
0.0
 40
0.1875
  1
STAIR DETAIL 1
  7
SANSSERIFBOLD
 11
23.5175744378293
 21
11.9543740856539
 31
0.0
100
AcDbAttribute
280
     0
  2
VIEWNAME
 70
     8
 74
     1
280
     0
  0
ATTRIB
  5
2427
330
2416
100
AcDbEntity
 67
     1
  8
0
 48
15.0
100
AcDbText
 10
23.9371056878293
 20
11.7824990856539
 30
0.0
 40
0.09375
  1
1/2" = 1'-0"
  7
SANSSERIFBOLD
 11
23.9371056878293
 21
11.8762490856539
 31
0.0
100
AcDbAttribute
280
     0
  2
VPSCALE
 70
     8
 74
     3
280
     0
  0
SEQEND
  5
D1BF
330
2416
100
AcDbEntity
 67
     1
  8
0
  0
INSERT
  5
242D
102
{ACAD_XDICTIONARY
360
242E
102
}
330
D0BF
100
AcDbEntity
 67
     1
  8
PS_Annot
 48
0.100000001490116
100
AcDbBlockReference
 66
     1
  2
*B11
 10
22.1999326493877
 20
3.74164362326062
 30
0.0
  0
ATTRIB
  5
2434
330
242D
100
AcDbEntity
 67
     1
  8
0
 48
15.0
100
AcDbText
 10
22.72059574479023
 20
3.137029591611149
 30
0.0
 40
0.1875
  1
2
  7
SANSSERIFBOLD
 72
     1
 11
22.7920978024034
 21
3.230779591611149
 31
0.0
100
AcDbAttribute
280
     0
  2
#
 70
     8
 74
     2
280
     0
  0
ATTRIB
  5
2439
330
242D
100
AcDbEntity
 67
     1
  8
0
 48
15.0
100
AcDbText
 10
23.1420978024034
 20
3.287363953751067
 30
0.0
 40
0.1875
  1
STAIR DETAIL 2
  7
SANSSERIFBOLD
 11
23.1420978024034
 21
3.230779591611149
 31
0.0
100
AcDbAttribute
280
     0
  2
VIEWNAME
 70
     8
 74
     1
280
     0
  0
ATTRIB
  5
243E
330
242D
100
AcDbEntity
 67
     1
  8
0
 48
15.0
100
AcDbText
 10
23.5616290524034
 20
3.058904591611149
 30
0.0
 40
0.09375
  1
3" = 1'-0"
  7
SANSSERIFBOLD
 11
23.5616290524034
 21
3.152654591611149
 31
0.0
100
AcDbAttribute
280
     0
  2
VPSCALE
 70
     8
 74
     3
280
     0
  0
SEQEND
  5
D1C0
330
242D
100
AcDbEntity
 67
     1
  8
0
  0
INSERT
  5
50EE
330
D0BF
100
AcDbEntity
 67
     1
  8
Title
 48
0.100000001490116
100
AcDbBlockReference
 66
     1
  2
TITLE
 10
-0.249883571165071
 20
-0.7499209474646311
 30
0.0
  0
ATTRIB
  5
50EF
330
50EE
100
AcDbEntity
 67
     1
  8
TB_TEXT2
100
AcDbText
 10
32.16258782907831
 20
0.2280642399415242
 30
0.0
 40
0.5
  1
A-05
  7
SANSERIF
 11
32.16258782907831
 21
0.7280642399415242
 31
0.0
100
AcDbAttribute
280
     0
  2
X
 70
     8
 74
     3
280
     0
  0
ATTRIB
  5
50F1
330
50EE
100
AcDbEntity
 67
     1
  8
TB_TEXT2
 62
     1
100
AcDbText
 10
33.032117601211
 20
1.456031199066019
 30
0.0
 40
0.1249992
  1
JAN.  2003
  7
SANSERIF
100
AcDbAttribute
280
     0
  2
DATE
 70
     8
280
     0
  0
ATTRIB
  5
50F3
330
50EE
100
AcDbEntity
 67
     1
  8
TB_TEXT2
 62
     1
100
AcDbText
 10
33.032117601211
 20
1.98047713648967
 30
0.0
 40
0.1249992
  1
SR
  7
SANSERIF
100
AcDbAttribute
280
     0
  2
CHECK
 70
     8
280
     0
  0
ATTRIB
  5
50F5
330
50EE
100
AcDbEntity
 67
     1
  8
TB_TEXT2
 62
     1
100
AcDbText
 10
33.032117601211
 20
2.42105213628864
 30
0.0
 40
0.1249992
  1
NWP
  7
SANSERIF
100
AcDbAttribute
280
     0
  2
DRAW
 70
     8
280
     0
  0
ATTRIB
  5
50F7
330
50EE
100
AcDbEntity
 67
     1
  8
TB_TEXT2
 62
     1
 48
15.0
100
AcDbText
 10
31.0329047109936
 20
4.816744838832449
 30
0.0
 40
0.1875
  1
STAIR SECTIONS
  7
SANSERIF
100
AcDbAttribute
280
     0
  2
SHEET_CONTENT1
 70
     8
280
     0
  0
ATTRIB
  5
50F9
330
50EE
100
AcDbEntity
 67
     1
  8
TB_TEXT2
 62
     1
 48
15.0
100
AcDbText
 10
31.0329047109936
 20
4.51710492113698
 30
0.0
 40
0.1875
  1
DETAILS
  7
SANSERIF
100
AcDbAttribute
280
     0
  2
SHEET_CONTENT2
 70
     8
280
     0
  0
ATTRIB
  5
50FB
330
50EE
100
AcDbEntity
 67
     1
  8
TB_TEXT2
 48
15.0
100
AcDbText
 10
31.0329047109936
 20
10.2397101316325
 30
0.0
 40
0.1875
  1
INTERNATIONAL ROAD DYNAMICS
  7
SANSERIF
100
AcDbAttribute
280
     0
  2
PROJECT_NAME
 70
     8
280
     0
  0
ATTRIB
  5
50FD
330
50EE
100
AcDbEntity
 67
     1
  8
TB_TEXT2
 48
15.0
100
AcDbText
 10
31.0329047109936
 20
9.940070213937008
 30
0.0
 40
0.1875
  1
ADDITION - PHASE1
  7
SANSERIF
100
AcDbAttribute
280
     0
  2
PROJECT_PHASE
 70
     8
280
     0
  0
ATTRIB
  5
50FF
330
50EE
100
AcDbEntity
 67
     1
  8
TB_TEXT2
 48
15.0
100
AcDbText
 10
31.0329047109936
 20
9.640430296241529
 30
0.0
 40
0.1875
  1
321 FIRST ST.
  7
SANSERIF
100
AcDbAttribute
280
     0
  2
PROJECT_STREET
 70
     8
280
     0
  0
ATTRIB
  5
5101
330
50EE
100
AcDbEntity
 67
     1
  8
TB_TEXT2
 48
15.0
100
AcDbText
 10
31.0329047109936
 20
9.34079037854606
 30
0.0
 40
0.1875
  1
SASKATOON,  SK  99999
  7
SANSERIF
100
AcDbAttribute
280
     0
  2
PROJECT_CITY
 70
     8
280
     0
  0
ATTRIB
  5
5103
330
50EE
100
AcDbEntity
 67
     1
  8
TB_TEXT2
 48
15.0
100
AcDbText
 10
31.0329047109936
 20
6.542233795632459
 30
0.0
 40
0.1875
  1
ALLAN CONSTRUCTION LTD.
  7
SANSERIF
100
AcDbAttribute
280
     0
  2
CLIENT_NAME
 70
     8
280
     0
  0
ATTRIB
  5
5105
330
50EE
100
AcDbEntity
 67
     1
  8
TB_TEXT2
 48
15.0
100
AcDbText
 10
31.0329047109936
 20
6.24259387793698
 30
0.0
 40
0.1875
  1
123 MAIN ST.
  7
SANSERIF
100
AcDbAttribute
280
     0
  2
CLIENT_STREET
 70
     8
280
     0
  0
ATTRIB
  5
5107
330
50EE
100
AcDbEntity
 67
     1
  8
TB_TEXT2
 48
15.0
100
AcDbText
 10
31.0329047109936
 20
5.942953960241509
 30
0.0
 40
0.1875
  1
SASKATOON,  SK  99999
  7
SANSERIF
100
AcDbAttribute
280
     0
  2
CLIENT_CITY
 70
     8
280
     0
  0
SEQEND
  5
D1C1
330
50EE
100
AcDbEntity
 67
     1
  8
0
  0
ENDSEC
  0
SECTION
  2
OBJECTS
  0
DICTIONARY
  5
D1C2
330
0
100
AcDbDictionary
281
     1
  3
ACAD_CIP_PREVIOUS_PRODUCT_INFO
350
D226
  3
ACAD_COLOR
350
D208
  3
ACAD_DETAILVIEWSTYLE
350
D221
  3
ACAD_GROUP
350
D1C3
  3
ACAD_LAST_SAVED_VERSION_INFO
350
D22A
  3
ACAD_LAYOUT
350
D1C7
  3
ACAD_MATERIAL
350
D1C4
  3
ACAD_MLEADERSTYLE
350
D21D
  3
ACAD_MLINESTYLE
350
D1C6
  3
ACAD_PLOTSETTINGS
350
D223
  3
ACAD_PLOTSTYLENAME
350
D1D5
  3
ACAD_SCALELIST
350
D20B
  3
ACAD_SECTIONVIEWSTYLE
350
D21F
  3
ACAD_TABLESTYLE
350
D209
  3
ACAD_VISUALSTYLE
350
D1EF
  3
ACAD_WIPEOUT_VARS
350
D1C5
  3
ACDB_RECOMPOSE_DATA
350
D297
  3
AcDbVariableDictionary
350
D228
  0
DICTIONARY
  5
D22B
330
10
100
AcDbDictionary
280
     1
281
     1
  3
ADSK_XREC_LAYER_RECONCILED
360
D22C
  0
DICTIONARY
  5
D22D
330
365
100
AcDbDictionary
280
     1
281
     1
  3
ADSK_XREC_LAYER_RECONCILED
360
D22E
  0
DICTIONARY
  5
D22F
330
368
100
AcDbDictionary
280
     1
281
     1
  3
ADSK_XREC_LAYER_RECONCILED
360
D230
  0
DICTIONARY
  5
D231
330
36B
100
AcDbDictionary
280
     1
281
     1
  3
ADSK_XREC_LAYER_RECONCILED
360
D232
  0
DICTIONARY
  5
D233
330
36E
100
AcDbDictionary
280
     1
281
     1
  3
ADSK_XREC_LAYER_RECONCILED
360
D234
  0
DICTIONARY
  5
D235
330
371
100
AcDbDictionary
280
     1
281
     1
  3
ADSK_XREC_LAYER_RECONCILED
360
D236
  0
DICTIONARY
  5
D237
330
374
100
AcDbDictionary
280
     1
281
     1
  3
ADSK_XREC_LAYER_RECONCILED
360
D238
  0
DICTIONARY
  5
D239
330
377
100
AcDbDictionary
280
     1
281
     1
  3
ADSK_XREC_LAYER_RECONCILED
360
D23A
  0
DICTIONARY
  5
D23B
330
37A
100
AcDbDictionary
280
     1
281
     1
  3
ADSK_XREC_LAYER_RECONCILED
360
D23C
  0
DICTIONARY
  5
D23D
330
37D
100
AcDbDictionary
280
     1
281
     1
  3
ADSK_XREC_LAYER_RECONCILED
360
D23E
  0
DICTIONARY
  5
D23F
330
380
100
AcDbDictionary
280
     1
281
     1
  3
ADSK_XREC_LAYER_RECONCILED
360
D240
  0
DICTIONARY
  5
D241
330
383
100
AcDbDictionary
280
     1
281
     1
  3
ADSK_XREC_LAYER_RECONCILED
360
D242
  0
DICTIONARY
  5
D243
330
386
100
AcDbDictionary
280
     1
281
     1
  3
ADSK_XREC_LAYER_RECONCILED
360
D244
  0
DICTIONARY
  5
D245
330
389
100
AcDbDictionary
280
     1
281
     1
  3
ADSK_XREC_LAYER_RECONCILED
360
D246
  0
DICTIONARY
  5
D247
330
38C
100
AcDbDictionary
280
     1
281
     1
  3
ADSK_XREC_LAYER_RECONCILED
360
D248
  0
DICTIONARY
  5
D249
330
38F
100
AcDbDictionary
280
     1
281
     1
  3
ADSK_XREC_LAYER_RECONCILED
360
D24A
  0
DICTIONARY
  5
D24B
330
392
100
AcDbDictionary
280
     1
281
     1
  3
ADSK_XREC_LAYER_RECONCILED
360
D24C
  0
DICTIONARY
  5
D24D
330
398
100
AcDbDictionary
280
     1
281
     1
  3
ADSK_XREC_LAYER_RECONCILED
360
D24E
  0
DICTIONARY
  5
D24F
330
39B
100
AcDbDictionary
280
     1
281
     1
  3
ADSK_XREC_LAYER_RECONCILED
360
D250
  0
DICTIONARY
  5
D251
330
39E
100
AcDbDictionary
280
     1
281
     1
  3
ADSK_XREC_LAYER_RECONCILED
360
D252
  0
DICTIONARY
  5
D253
330
3A1
100
AcDbDictionary
280
     1
281
     1
  3
ADSK_XREC_LAYER_RECONCILED
360
D254
  0
DICTIONARY
  5
D255
330
3A4
100
AcDbDictionary
280
     1
281
     1
  3
ADSK_XREC_LAYER_RECONCILED
360
D256
  0
DICTIONARY
  5
D257
330
3A7
100
AcDbDictionary
280
     1
281
     1
  3
ADSK_XREC_LAYER_RECONCILED
360
D258
  0
DICTIONARY
  5
D259
330
3AA
100
AcDbDictionary
280
     1
281
     1
  3
ADSK_XREC_LAYER_RECONCILED
360
D25A
  0
DICTIONARY
  5
D25B
330
3BC
100
AcDbDictionary
280
     1
281
     1
  3
ADSK_XREC_LAYER_RECONCILED
360
D25C
  0
DICTIONARY
  5
D25D
330
3BF
100
AcDbDictionary
280
     1
281
     1
  3
ADSK_XREC_LAYER_RECONCILED
360
D25E
  0
DICTIONARY
  5
D25F
330
3C2
100
AcDbDictionary
280
     1
281
     1
  3
ADSK_XREC_LAYER_RECONCILED
360
D260
  0
DICTIONARY
  5
D261
330
3C5
100
AcDbDictionary
280
     1
281
     1
  3
ADSK_XREC_LAYER_RECONCILED
360
D262
  0
DICTIONARY
  5
D263
330
1246
100
AcDbDictionary
280
     1
281
     1
  3
ADSK_XREC_LAYER_RECONCILED
360
D264
  0
DICTIONARY
  5
D265
330
1247
100
AcDbDictionary
280
     1
281
     1
  3
ADSK_XREC_LAYER_RECONCILED
360
D266
  0
DICTIONARY
  5
D267
330
2286
100
AcDbDictionary
280
     1
281
     1
  3
ADSK_XREC_LAYER_RECONCILED
360
D268
  0
DICTIONARY
  5
D269
330
2289
100
AcDbDictionary
280
     1
281
     1
  3
ADSK_XREC_LAYER_RECONCILED
360
D26A
  0
DICTIONARY
  5
D26B
330
228C
100
AcDbDictionary
280
     1
281
     1
  3
ADSK_XREC_LAYER_RECONCILED
360
D26C
  0
DICTIONARY
  5
D26D
330
228F
100
AcDbDictionary
280
     1
281
     1
  3
ADSK_XREC_LAYER_RECONCILED
360
D26E
  0
DICTIONARY
  5
D26F
330
2292
100
AcDbDictionary
280
     1
281
     1
  3
ADSK_XREC_LAYER_RECONCILED
360
D270
  0
DICTIONARY
  5
D271
330
2295
100
AcDbDictionary
280
     1
281
     1
  3
ADSK_XREC_LAYER_RECONCILED
360
D272
  0
DICTIONARY
  5
D273
330
2298
100
AcDbDictionary
280
     1
281
     1
  3
ADSK_XREC_LAYER_RECONCILED
360
D274
  0
DICTIONARY
  5
D275
330
229B
100
AcDbDictionary
280
     1
281
     1
  3
ADSK_XREC_LAYER_RECONCILED
360
D276
  0
DICTIONARY
  5
D277
330
229E
100
AcDbDictionary
280
     1
281
     1
  3
ADSK_XREC_LAYER_RECONCILED
360
D278
  0
DICTIONARY
  5
D279
330
22A1
100
AcDbDictionary
280
     1
281
     1
  3
ADSK_XREC_LAYER_RECONCILED
360
D27A
  0
DICTIONARY
  5
D27B
330
22A4
100
AcDbDictionary
280
     1
281
     1
  3
ADSK_XREC_LAYER_RECONCILED
360
D27C
  0
DICTIONARY
  5
D27D
330
22A7
100
AcDbDictionary
280
     1
281
     1
  3
ADSK_XREC_LAYER_RECONCILED
360
D27E
  0
DICTIONARY
  5
D27F
330
50C4
100
AcDbDictionary
280
     1
281
     1
  3
ADSK_XREC_LAYER_RECONCILED
360
D280
  0
DICTIONARY
  5
D281
330
CEF7
100
AcDbDictionary
280
     1
281
     1
  3
ADSK_XREC_LAYER_RECONCILED
360
D282
  0
DICTIONARY
  5
D283
330
CEFA
100
AcDbDictionary
280
     1
281
     1
  3
ADSK_XREC_LAYER_RECONCILED
360
D284
  0
DICTIONARY
  5
D285
330
CEFD
100
AcDbDictionary
280
     1
281
     1
  3
ADSK_XREC_LAYER_RECONCILED
360
D286
  0
DICTIONARY
  5
D287
330
CF00
100
AcDbDictionary
280
     1
281
     1
  3
ADSK_XREC_LAYER_RECONCILED
360
D288
  0
DICTIONARY
  5
D289
330
CF03
100
AcDbDictionary
280
     1
281
     1
  3
ADSK_XREC_LAYER_RECONCILED
360
D28A
  0
DICTIONARY
  5
21C7
330
21C6
100
AcDbDictionary
280
     1
281
     1
  3
ACAD_FIELD
360
21C8
  0
DICTIONARY
  5
21CC
330
21CB
100
AcDbDictionary
280
     1
281
     1
  3
ACAD_FIELD
360
21CD
  0
DICTIONARY
  5
21D1
330
21D0
100
AcDbDictionary
280
     1
281
     1
  3
ACAD_FIELD
360
21D2
  0
DICTIONARY
  5
21D6
330
21D5
100
AcDbDictionary
280
     1
281
     1
  3
ACAD_FIELD
360
21D7
  0
DICTIONARY
  5
21DB
330
21DA
100
AcDbDictionary
280
     1
281
     1
  3
ACAD_FIELD
360
21DC
  0
DICTIONARY
  5
21E0
330
21DF
100
AcDbDictionary
280
     1
281
     1
  3
ACAD_FIELD
360
21E1
  0
DICTIONARY
  5
21E5
330
21E4
100
AcDbDictionary
280
     1
281
     1
  3
ACAD_FIELD
360
21E6
  0
DICTIONARY
  5
21EA
330
21E9
100
AcDbDictionary
280
     1
281
     1
  3
ACAD_FIELD
360
21EB
  0
DICTIONARY
  5
21EF
330
21EE
100
AcDbDictionary
280
     1
281
     1
  3
ACAD_FIELD
360
21F0
  0
DICTIONARY
  5
21F4
330
21F3
100
AcDbDictionary
280
     1
281
     1
  3
ACAD_FIELD
360
21F5
  0
DICTIONARY
  5
21FB
330
21FA
100
AcDbDictionary
280
     1
281
     1
  3
ACAD_FIELD
360
21FC
  0
DICTIONARY
  5
2200
330
21FF
100
AcDbDictionary
280
     1
281
     1
  3
ACAD_FIELD
360
2201
  0
DICTIONARY
  5
2205
330
2204
100
AcDbDictionary
280
     1
281
     1
  3
ACAD_FIELD
360
2206
  0
DICTIONARY
  5
221C
330
221B
100
AcDbDictionary
280
     1
281
     1
  0
DICTIONARY
  5
221E
330
221D
100
AcDbDictionary
280
     1
281
     1
  3
ACAD_FIELD
360
221F
  0
DICTIONARY
  5
2223
330
2222
100
AcDbDictionary
280
     1
281
     1
  3
ACAD_FIELD
360
2224
  0
DICTIONARY
  5
2228
330
2227
100
AcDbDictionary
280
     1
281
     1
  3
ACAD_FIELD
360
2229
  0
DICTIONARY
  5
2232
330
2231
100
AcDbDictionary
280
     1
281
     1
  0
DICTIONARY
  5
2234
330
2233
100
AcDbDictionary
280
     1
281
     1
  3
ACAD_FIELD
360
2235
  0
DICTIONARY
  5
2239
330
2238
100
AcDbDictionary
280
     1
281
     1
  3
ACAD_FIELD
360
223A
  0
DICTIONARY
  5
223E
330
223D
100
AcDbDictionary
280
     1
281
     1
  3
ACAD_FIELD
360
223F
  0
DICTIONARY
  5
2248
330
2247
100
AcDbDictionary
280
     1
281
     1
  0
DICTIONARY
  5
224A
330
2249
100
AcDbDictionary
280
     1
281
     1
  3
ACAD_FIELD
360
224B
  0
DICTIONARY
  5
224F
330
224E
100
AcDbDictionary
280
     1
281
     1
  3
ACAD_FIELD
360
2250
  0
DICTIONARY
  5
2254
330
2253
100
AcDbDictionary
280
     1
281
     1
  3
ACAD_FIELD
360
2255
  0
DICTIONARY
  5
225E
330
225D
100
AcDbDictionary
280
     1
281
     1
  0
DICTIONARY
  5
2260
330
225F
100
AcDbDictionary
280
     1
281
     1
  3
ACAD_FIELD
360
2261
  0
DICTIONARY
  5
2265
330
2264
100
AcDbDictionary
280
     1
281
     1
  3
ACAD_FIELD
360
2266
  0
DICTIONARY
  5
226A
330
2269
100
AcDbDictionary
280
     1
281
     1
  3
ACAD_FIELD
360
226B
  0
DICTIONARY
  5
2274
330
2273
100
AcDbDictionary
280
     1
281
     1
  0
DICTIONARY
  5
2276
330
2275
100
AcDbDictionary
280
     1
281
     1
  3
ACAD_FIELD
360
2277
  0
DICTIONARY
  5
227B
330
227A
100
AcDbDictionary
280
     1
281
     1
  3
ACAD_FIELD
360
227C
  0
DICTIONARY
  5
2280
330
227F
100
AcDbDictionary
280
     1
281
     1
  3
ACAD_FIELD
360
2281
  0
DICTIONARY
  5
1845
330
9EA
100
AcDbDictionary
280
     1
281
     1
  3
AcDbContextDataManager
360
1846
  0
DICTIONARY
  5
1835
330
9ED
100
AcDbDictionary
280
     1
281
     1
  3
AcDbContextDataManager
360
1836
  0
DICTIONARY
  5
1854
330
9EE
100
AcDbDictionary
280
     1
281
     1
  3
AcDbContextDataManager
360
1855
  0
DICTIONARY
  5
1863
330
A2C
100
AcDbDictionary
280
     1
281
     1
  3
AcDbContextDataManager
360
1864
  0
DICTIONARY
  5
1873
330
A43
100
AcDbDictionary
280
     1
281
     1
  3
AcDbContextDataManager
360
1874
  0
DICTIONARY
  5
41B4
330
AC3
100
AcDbDictionary
280
     1
281
     1
  3
AcDbContextDataManager
360
41B5
  0
DICTIONARY
  5
16E0
330
AC5
100
AcDbDictionary
280
     1
281
     1
  3
AcDbContextDataManager
360
16E1
  0
DICTIONARY
  5
16B0
330
AC6
100
AcDbDictionary
280
     1
281
     1
  3
AcDbContextDataManager
360
16B1
  0
DICTIONARY
  5
16C0
330
AC7
100
AcDbDictionary
280
     1
281
     1
  3
AcDbContextDataManager
360
16C1
  0
DICTIONARY
  5
414E
330
ACA
100
AcDbDictionary
280
     1
281
     1
  3
AcDbContextDataManager
360
414F
  0
DICTIONARY
  5
16D0
330
BF8
100
AcDbDictionary
280
     1
281
     1
  3
AcDbContextDataManager
360
16D1
  0
DICTIONARY
  5
161C
330
BF9
100
AcDbDictionary
280
     1
281
     1
  3
AcDbContextDataManager
360
161D
  0
DICTIONARY
  5
15C8
330
BFA
100
AcDbDictionary
280
     1
281
     1
  3
AcDbContextDataManager
360
15C9
  0
DICTIONARY
  5
16F1
330
BFB
100
AcDbDictionary
280
     1
281
     1
  3
AcDbContextDataManager
360
16F2
  0
DICTIONARY
  5
275B
330
C16
100
AcDbDictionary
280
     1
281
     1
  3
AcDbContextDataManager
360
275C
  0
DICTIONARY
  5
276C
330
C17
100
AcDbDictionary
280
     1
281
     1
  3
AcDbContextDataManager
360
276D
  0
DICTIONARY
  5
278F
330
C18
100
AcDbDictionary
280
     1
281
     1
  3
AcDbContextDataManager
360
2790
  0
DICTIONARY
  5
4184
330
C25
100
AcDbDictionary
280
     1
281
     1
  3
AcDbContextDataManager
360
4185
  0
DICTIONARY
  5
418B
330
C27
100
AcDbDictionary
280
     1
281
     1
  3
AcDbContextDataManager
360
418C
  0
DICTIONARY
  5
27DD
330
C28
100
AcDbDictionary
280
     1
281
     1
  3
AcDbContextDataManager
360
27DE
  0
DICTIONARY
  5
277E
330
C2B
100
AcDbDictionary
280
     1
281
     1
  3
AcDbContextDataManager
360
277F
  0
DICTIONARY
  5
528F
330
E2F
100
AcDbDictionary
280
     1
281
     1
  3
AcDbContextDataManager
360
5290
  0
DICTIONARY
  5
527E
330
E30
100
AcDbDictionary
280
     1
281
     1
  3
AcDbContextDataManager
360
527F
  0
DICTIONARY
  5
52A0
330
E31
100
AcDbDictionary
280
     1
281
     1
  3
AcDbContextDataManager
360
52A1
  0
DICTIONARY
  5
1781
330
E32
100
AcDbDictionary
280
     1
281
     1
  3
AcDbContextDataManager
360
1782
  0
DICTIONARY
  5
1712
330
EF1
100
AcDbDictionary
280
     1
281
     1
  3
AcDbContextDataManager
360
1713
  0
DICTIONARY
  5
1701
330
EF3
100
AcDbDictionary
280
     1
281
     1
  3
AcDbContextDataManager
360
1702
  0
DICTIONARY
  5
3455
330
3454
100
AcDbDictionary
280
     1
281
     1
  3
AcDbContextDataManager
360
3456
  0
DICTIONARY
  5
367A
330
3679
100
AcDbDictionary
280
     1
281
     1
  3
AcDbContextDataManager
360
367B
  0
DICTIONARY
  5
41CC
330
41CB
100
AcDbDictionary
280
     1
281
     1
  3
AcDbContextDataManager
360
41CD
  0
DICTIONARY
  5
41E1
330
41E0
100
AcDbDictionary
280
     1
281
     1
  3
AcDbContextDataManager
360
41E2
  0
DICTIONARY
  5
5D33
330
5D32
100
AcDbDictionary
280
     1
281
     1
  3
AcDbContextDataManager
360
5D34
  0
DICTIONARY
  5
6009
330
6008
100
AcDbDictionary
280
     1
281
     1
  3
AcDbContextDataManager
360
600A
  0
DICTIONARY
  5
2190
330
218F
100
AcDbDictionary
280
     1
281
     1
  3
ASDK_XREC_ANNOTATION_SCALE_INFO
360
2191
  0
DICTIONARY
  5
2382
330
2381
100
AcDbDictionary
280
     1
281
     1
  3
ASDK_XREC_ANNOTATION_SCALE_INFO
360
2509
  3
ASDK_XREC_VIEWS
360
2383
  0
DICTIONARY
  5
2385
330
2384
100
AcDbDictionary
280
     1
281
     1
  3
ASDK_XREC_ANNOTATION_SCALE_INFO
360
2686
  3
ASDK_XREC_VIEWS
360
2386
  0
DICTIONARY
  5
2388
330
2387
100
AcDbDictionary
280
     1
281
     1
  3
ASDK_XREC_ANNOTATION_SCALE_INFO
360
2389
  3
ASDK_XREC_VIEWS
360
238A
  0
DICTIONARY
  5
238C
330
238B
100
AcDbDictionary
280
     1
281
     1
  3
ASDK_XREC_ANNOTATION_SCALE_INFO
360
250D
  3
ASDK_XREC_VIEWS
360
238D
  0
DICTIONARY
  5
238F
330
238E
100
AcDbDictionary
280
     1
281
     1
  3
ACAD_FIELD
360
2390
  0
DICTIONARY
  5
23E9
330
23E8
100
AcDbDictionary
280
     1
281
     1
  3
AcDbBlockRepresentation
360
23EA
  0
DICTIONARY
  5
2400
330
23FF
100
AcDbDictionary
280
     1
281
     1
  3
AcDbBlockRepresentation
360
2401
  0
DICTIONARY
  5
2417
330
2416
100
AcDbDictionary
280
     1
281
     1
  3
AcDbBlockRepresentation
360
2418
  0
DICTIONARY
  5
242E
330
242D
100
AcDbDictionary
280
     1
281
     1
  3
AcDbBlockRepresentation
360
242F
  0
XRECORD
  5
D226
102
{ACAD_REACTORS
330
D1C2
102
}
330
D1C2
100
AcDbXrecord
280
     1
300
ACD
300
2024
300
87798ACD_2024_0F
  0
DICTIONARY
  5
D208
102
{ACAD_REACTORS
330
D1C2
102
}
330
D1C2
100
AcDbDictionary
281
     1
  0
DICTIONARY
  5
D221
102
{ACAD_REACTORS
330
D1C2
102
}
330
D1C2
100
AcDbDictionary
281
     1
  3
Imperial24
350
D222
  0
DICTIONARY
  5
D1C3
330
D1C2
100
AcDbDictionary
281
     1
  0
XRECORD
  5
D22A
102
{ACAD_REACTORS
330
D1C2
102
}
330
D1C2
100
AcDbXrecord
280
     1
300
{57A5DEBC-FA60-494D-87BB-744083452AEF}
301
{8C97E3A3-7EDC-A843-9C96-B5DA4A14FAAB}
302
{57A5DEBC-FA60-494D-87BB-744083452AEF}
303
D:\DevTest\03_Unity\dwg_dxf_Test\Assets\StreamingAssets\architectural_-_annotation_scaling_and_multileaders.dxf
  0
DICTIONARY
  5
D1C7
330
D1C2
100
AcDbDictionary
281
     1
  3
Model
350
22
  3
SECTIONS AND DETAILS
350
2189
  0
DICTIONARY
  5
D1C4
330
D1C2
100
AcDbDictionary
281
     1
  3
ByBlock
350
D1DF
  3
ByLayer
350
D1D7
  3
Global
350
D1E7
  0
DICTIONARY
  5
D21D
102
{ACAD_REACTORS
330
D1C2
102
}
330
D1C2
100
AcDbDictionary
281
     1
  3
Standard
350
D21E
  0
DICTIONARY
  5
D1C6
330
D1C2
100
AcDbDictionary
281
     1
  3
STANDARD
350
18
  0
DICTIONARY
  5
D223
102
{ACAD_REACTORS
330
D1C2
102
}
330
D1C2
100
AcDbDictionary
281
     1
  0
ACDBDICTIONARYWDFLT
  5
D1D5
102
{ACAD_REACTORS
330
D1C2
102
}
330
D1C2
100
AcDbDictionary
281
     1
  3
Normal
350
D1D6
100
AcDbDictionaryWithDefault
340
D1D6
  0
DICTIONARY
  5
D20B
102
{ACAD_REACTORS
330
D1C2
102
}
330
D1C2
100
AcDbDictionary
281
     1
  3
A0
350
D20C
  3
A1
350
D20D
  3
A2
350
D20E
  3
A3
350
D20F
  3
A4
350
D210
  3
A5
350
D211
  3
A6
350
D212
  3
A7
350
D213
  3
A8
350
D214
  3
A9
350
D215
  3
B0
350
D216
  3
B1
350
D217
  3
B2
350
D218
  3
B3
350
D219
  3
B4
350
D21A
  3
B5
350
D21B
  3
B6
350
D21C
  0
DICTIONARY
  5
D21F
102
{ACAD_REACTORS
330
D1C2
102
}
330
D1C2
100
AcDbDictionary
281
     1
  3
Imperial24
350
D220
  0
DICTIONARY
  5
D209
102
{ACAD_REACTORS
330
D1C2
102
}
330
D1C2
100
AcDbDictionary
281
     1
  3
Standard
350
D20A
  0
DICTIONARY
  5
D1EF
102
{ACAD_REACTORS
330
D1C2
102
}
330
D1C2
100
AcDbDictionary
281
     1
  3
2dWireframe
350
D1F5
  3
Basic
350
D1F4
  3
Brighten
350
D1FB
  3
ColorChange
350
D1FF
  3
Conceptual
350
D1F8
  3
Dim
350
D1FA
  3
EdgeColorOff
350
D207
  3
Facepattern
350
D1FE
  3
Flat
350
D1F0
  3
FlatWithEdges
350
D1F1
  3
Gouraud
350
D1F2
  3
GouraudWithEdges
350
D1F3
  3
Hidden
350
D1F7
  3
JitterOff
350
D205
  3
Linepattern
350
D1FD
  3
OverhangOff
350
D206
  3
Realistic
350
D1F9
  3
Shaded
350
D204
  3
Shaded with edges
350
D203
  3
Shades of Gray
350
D200
  3
Sketchy
350
D201
  3
Thicken
350
D1FC
  3
Wireframe
350
D1F6
  3
X-Ray
350
D202
  0
WIPEOUTVARIABLES
  5
D1C5
330
D1C2
100
AcDbWipeoutVariables
 70
     1
  0
XRECORD
  5
D297
102
{ACAD_REACTORS
330
D1C2
102
}
330
D1C2
100
AcDbXrecord
280
     1
 90
        1
330
D20A
  0
DICTIONARY
  5
D228
102
{ACAD_REACTORS
330
D1C2
102
}
330
D1C2
100
AcDbDictionary
281
     1
  3
CANNOSCALE
350
D290
  3
CMLEADERSTYLE
350
D28C
  3
CTABLESTYLE
350
D28B
  3
CVIEWDETAILSTYLE
350
D28D
  3
CVIEWSECTIONSTYLE
350
D28E
  3
LAYEREVAL
350
D292
  3
LAYERNOTIFY
350
D293
  3
LIGHTINGUNITS
350
D291
  3
MSLTSCALE
350
D28F
  0
XRECORD
  5
D22C
102
{ACAD_REACTORS
330
D22B
102
}
330
D22B
100
AcDbXrecord
280
     1
290
     1
  0
XRECORD
  5
D22E
102
{ACAD_REACTORS
330
D22D
102
}
330
D22D
100
AcDbXrecord
280
     1
290
     1
  0
XRECORD
  5
D230
102
{ACAD_REACTORS
330
D22F
102
}
330
D22F
100
AcDbXrecord
280
     1
290
     1
  0
XRECORD
  5
D232
102
{ACAD_REACTORS
330
D231
102
}
330
D231
100
AcDbXrecord
280
     1
290
     1
  0
XRECORD
  5
D234
102
{ACAD_REACTORS
330
D233
102
}
330
D233
100
AcDbXrecord
280
     1
290
     1
  0
XRECORD
  5
D236
102
{ACAD_REACTORS
330
D235
102
}
330
D235
100
AcDbXrecord
280
     1
290
     1
  0
XRECORD
  5
D238
102
{ACAD_REACTORS
330
D237
102
}
330
D237
100
AcDbXrecord
280
     1
290
     1
  0
XRECORD
  5
D23A
102
{ACAD_REACTORS
330
D239
102
}
330
D239
100
AcDbXrecord
280
     1
290
     1
  0
XRECORD
  5
D23C
102
{ACAD_REACTORS
330
D23B
102
}
330
D23B
100
AcDbXrecord
280
     1
290
     1
  0
XRECORD
  5
D23E
102
{ACAD_REACTORS
330
D23D
102
}
330
D23D
100
AcDbXrecord
280
     1
290
     1
  0
XRECORD
  5
D240
102
{ACAD_REACTORS
330
D23F
102
}
330
D23F
100
AcDbXrecord
280
     1
290
     1
  0
XRECORD
  5
D242
102
{ACAD_REACTORS
330
D241
102
}
330
D241
100
AcDbXrecord
280
     1
290
     1
  0
XRECORD
  5
D244
102
{ACAD_REACTORS
330
D243
102
}
330
D243
100
AcDbXrecord
280
     1
290
     1
  0
XRECORD
  5
D246
102
{ACAD_REACTORS
330
D245
102
}
330
D245
100
AcDbXrecord
280
     1
290
     1
  0
XRECORD
  5
D248
102
{ACAD_REACTORS
330
D247
102
}
330
D247
100
AcDbXrecord
280
     1
290
     1
  0
XRECORD
  5
D24A
102
{ACAD_REACTORS
330
D249
102
}
330
D249
100
AcDbXrecord
280
     1
290
     1
  0
XRECORD
  5
D24C
102
{ACAD_REACTORS
330
D24B
102
}
330
D24B
100
AcDbXrecord
280
     1
290
     1
  0
XRECORD
  5
D24E
102
{ACAD_REACTORS
330
D24D
102
}
330
D24D
100
AcDbXrecord
280
     1
290
     1
  0
XRECORD
  5
D250
102
{ACAD_REACTORS
330
D24F
102
}
330
D24F
100
AcDbXrecord
280
     1
290
     1
  0
XRECORD
  5
D252
102
{ACAD_REACTORS
330
D251
102
}
330
D251
100
AcDbXrecord
280
     1
290
     1
  0
XRECORD
  5
D254
102
{ACAD_REACTORS
330
D253
102
}
330
D253
100
AcDbXrecord
280
     1
290
     1
  0
XRECORD
  5
D256
102
{ACAD_REACTORS
330
D255
102
}
330
D255
100
AcDbXrecord
280
     1
290
     1
  0
XRECORD
  5
D258
102
{ACAD_REACTORS
330
D257
102
}
330
D257
100
AcDbXrecord
280
     1
290
     1
  0
XRECORD
  5
D25A
102
{ACAD_REACTORS
330
D259
102
}
330
D259
100
AcDbXrecord
280
     1
290
     1
  0
XRECORD
  5
D25C
102
{ACAD_REACTORS
330
D25B
102
}
330
D25B
100
AcDbXrecord
280
     1
290
     1
  0
XRECORD
  5
D25E
102
{ACAD_REACTORS
330
D25D
102
}
330
D25D
100
AcDbXrecord
280
     1
290
     1
  0
XRECORD
  5
D260
102
{ACAD_REACTORS
330
D25F
102
}
330
D25F
100
AcDbXrecord
280
     1
290
     1
  0
XRECORD
  5
D262
102
{ACAD_REACTORS
330
D261
102
}
330
D261
100
AcDbXrecord
280
     1
290
     1
  0
XRECORD
  5
D264
102
{ACAD_REACTORS
330
D263
102
}
330
D263
100
AcDbXrecord
280
     1
290
     1
  0
XRECORD
  5
D266
102
{ACAD_REACTORS
330
D265
102
}
330
D265
100
AcDbXrecord
280
     1
290
     1
  0
XRECORD
  5
D268
102
{ACAD_REACTORS
330
D267
102
}
330
D267
100
AcDbXrecord
280
     1
290
     1
  0
XRECORD
  5
D26A
102
{ACAD_REACTORS
330
D269
102
}
330
D269
100
AcDbXrecord
280
     1
290
     1
  0
XRECORD
  5
D26C
102
{ACAD_REACTORS
330
D26B
102
}
330
D26B
100
AcDbXrecord
280
     1
290
     1
  0
XRECORD
  5
D26E
102
{ACAD_REACTORS
330
D26D
102
}
330
D26D
100
AcDbXrecord
280
     1
290
     1
  0
XRECORD
  5
D270
102
{ACAD_REACTORS
330
D26F
102
}
330
D26F
100
AcDbXrecord
280
     1
290
     1
  0
XRECORD
  5
D272
102
{ACAD_REACTORS
330
D271
102
}
330
D271
100
AcDbXrecord
280
     1
290
     1
  0
XRECORD
  5
D274
102
{ACAD_REACTORS
330
D273
102
}
330
D273
100
AcDbXrecord
280
     1
290
     1
  0
XRECORD
  5
D276
102
{ACAD_REACTORS
330
D275
102
}
330
D275
100
AcDbXrecord
280
     1
290
     1
  0
XRECORD
  5
D278
102
{ACAD_REACTORS
330
D277
102
}
330
D277
100
AcDbXrecord
280
     1
290
     1
  0
XRECORD
  5
D27A
102
{ACAD_REACTORS
330
D279
102
}
330
D279
100
AcDbXrecord
280
     1
290
     1
  0
XRECORD
  5
D27C
102
{ACAD_REACTORS
330
D27B
102
}
330
D27B
100
AcDbXrecord
280
     1
290
     1
  0
XRECORD
  5
D27E
102
{ACAD_REACTORS
330
D27D
102
}
330
D27D
100
AcDbXrecord
280
     1
290
     1
  0
XRECORD
  5
D280
102
{ACAD_REACTORS
330
D27F
102
}
330
D27F
100
AcDbXrecord
280
     1
290
     1
  0
XRECORD
  5
D282
102
{ACAD_REACTORS
330
D281
102
}
330
D281
100
AcDbXrecord
280
     1
290
     1
  0
XRECORD
  5
D284
102
{ACAD_REACTORS
330
D283
102
}
330
D283
100
AcDbXrecord
280
     1
290
     1
  0
XRECORD
  5
D286
102
{ACAD_REACTORS
330
D285
102
}
330
D285
100
AcDbXrecord
280
     1
290
     1
  0
XRECORD
  5
D288
102
{ACAD_REACTORS
330
D287
102
}
330
D287
100
AcDbXrecord
280
     1
290
     1
  0
XRECORD
  5
D28A
102
{ACAD_REACTORS
330
D289
102
}
330
D289
100
AcDbXrecord
280
     1
290
     1
  0
DICTIONARY
  5
21C8
102
{ACAD_REACTORS
330
21C7
102
}
330
21C7
100
AcDbDictionary
280
     1
281
     1
  0
DICTIONARY
  5
21CD
102
{ACAD_REACTORS
330
21CC
102
}
330
21CC
100
AcDbDictionary
280
     1
281
     1
  0
DICTIONARY
  5
21D2
102
{ACAD_REACTORS
330
21D1
102
}
330
21D1
100
AcDbDictionary
280
     1
281
     1
  0
DICTIONARY
  5
21D7
102
{ACAD_REACTORS
330
21D6
102
}
330
21D6
100
AcDbDictionary
280
     1
281
     1
  0
DICTIONARY
  5
21DC
102
{ACAD_REACTORS
330
21DB
102
}
330
21DB
100
AcDbDictionary
280
     1
281
     1
  0
DICTIONARY
  5
21E1
102
{ACAD_REACTORS
330
21E0
102
}
330
21E0
100
AcDbDictionary
280
     1
281
     1
  0
DICTIONARY
  5
21E6
102
{ACAD_REACTORS
330
21E5
102
}
330
21E5
100
AcDbDictionary
280
     1
281
     1
  0
DICTIONARY
  5
21EB
102
{ACAD_REACTORS
330
21EA
102
}
330
21EA
100
AcDbDictionary
280
     1
281
     1
  0
DICTIONARY
  5
21F0
102
{ACAD_REACTORS
330
21EF
102
}
330
21EF
100
AcDbDictionary
280
     1
281
     1
  0
DICTIONARY
  5
21F5
102
{ACAD_REACTORS
330
21F4
102
}
330
21F4
100
AcDbDictionary
280
     1
281
     1
  0
DICTIONARY
  5
21FC
102
{ACAD_REACTORS
330
21FB
102
}
330
21FB
100
AcDbDictionary
280
     1
281
     1
  0
DICTIONARY
  5
2201
102
{ACAD_REACTORS
330
2200
102
}
330
2200
100
AcDbDictionary
280
     1
281
     1
  0
DICTIONARY
  5
2206
102
{ACAD_REACTORS
330
2205
102
}
330
2205
100
AcDbDictionary
280
     1
281
     1
  0
DICTIONARY
  5
221F
102
{ACAD_REACTORS
330
221E
102
}
330
221E
100
AcDbDictionary
280
     1
281
     1
  0
DICTIONARY
  5
2224
102
{ACAD_REACTORS
330
2223
102
}
330
2223
100
AcDbDictionary
280
     1
281
     1
  0
DICTIONARY
  5
2229
102
{ACAD_REACTORS
330
2228
102
}
330
2228
100
AcDbDictionary
280
     1
281
     1
  0
DICTIONARY
  5
2235
102
{ACAD_REACTORS
330
2234
102
}
330
2234
100
AcDbDictionary
280
     1
281
     1
  0
DICTIONARY
  5
223A
102
{ACAD_REACTORS
330
2239
102
}
330
2239
100
AcDbDictionary
280
     1
281
     1
  0
DICTIONARY
  5
223F
102
{ACAD_REACTORS
330
223E
102
}
330
223E
100
AcDbDictionary
280
     1
281
     1
  0
DICTIONARY
  5
224B
102
{ACAD_REACTORS
330
224A
102
}
330
224A
100
AcDbDictionary
280
     1
281
     1
  0
DICTIONARY
  5
2250
102
{ACAD_REACTORS
330
224F
102
}
330
224F
100
AcDbDictionary
280
     1
281
     1
  0
DICTIONARY
  5
2255
102
{ACAD_REACTORS
330
2254
102
}
330
2254
100
AcDbDictionary
280
     1
281
     1
  0
DICTIONARY
  5
2261
102
{ACAD_REACTORS
330
2260
102
}
330
2260
100
AcDbDictionary
280
     1
281
     1
  0
DICTIONARY
  5
2266
102
{ACAD_REACTORS
330
2265
102
}
330
2265
100
AcDbDictionary
280
     1
281
     1
  0
DICTIONARY
  5
226B
102
{ACAD_REACTORS
330
226A
102
}
330
226A
100
AcDbDictionary
280
     1
281
     1
  0
DICTIONARY
  5
2277
102
{ACAD_REACTORS
330
2276
102
}
330
2276
100
AcDbDictionary
280
     1
281
     1
  0
DICTIONARY
  5
227C
102
{ACAD_REACTORS
330
227B
102
}
330
227B
100
AcDbDictionary
280
     1
281
     1
  0
DICTIONARY
  5
2281
102
{ACAD_REACTORS
330
2280
102
}
330
2280
100
AcDbDictionary
280
     1
281
     1
  0
DICTIONARY
  5
1846
102
{ACAD_REACTORS
330
1845
102
}
330
1845
100
AcDbDictionary
281
     1
  3
ACDB_ANNOTATIONSCALES
350
1847
  0
DICTIONARY
  5
1836
102
{ACAD_REACTORS
330
1835
102
}
330
1835
100
AcDbDictionary
281
     1
  3
ACDB_ANNOTATIONSCALES
350
1837
  0
DICTIONARY
  5
1855
102
{ACAD_REACTORS
330
1854
102
}
330
1854
100
AcDbDictionary
281
     1
  3
ACDB_ANNOTATIONSCALES
350
1856
  0
DICTIONARY
  5
1864
102
{ACAD_REACTORS
330
1863
102
}
330
1863
100
AcDbDictionary
281
     1
  3
ACDB_ANNOTATIONSCALES
350
1865
  0
DICTIONARY
  5
1874
102
{ACAD_REACTORS
330
1873
102
}
330
1873
100
AcDbDictionary
281
     1
  3
ACDB_ANNOTATIONSCALES
350
1875
  0
DICTIONARY
  5
41B5
102
{ACAD_REACTORS
330
41B4
102
}
330
41B4
100
AcDbDictionary
281
     1
  3
ACDB_ANNOTATIONSCALES
350
41B6
  0
DICTIONARY
  5
16E1
102
{ACAD_REACTORS
330
16E0
102
}
330
16E0
100
AcDbDictionary
281
     1
  3
ACDB_ANNOTATIONSCALES
350
16E2
  0
DICTIONARY
  5
16B1
102
{ACAD_REACTORS
330
16B0
102
}
330
16B0
100
AcDbDictionary
281
     1
  3
ACDB_ANNOTATIONSCALES
350
16B2
  0
DICTIONARY
  5
16C1
102
{ACAD_REACTORS
330
16C0
102
}
330
16C0
100
AcDbDictionary
281
     1
  3
ACDB_ANNOTATIONSCALES
350
16C2
  0
DICTIONARY
  5
414F
102
{ACAD_REACTORS
330
414E
102
}
330
414E
100
AcDbDictionary
281
     1
  3
ACDB_ANNOTATIONSCALES
350
4150
  0
DICTIONARY
  5
16D1
102
{ACAD_REACTORS
330
16D0
102
}
330
16D0
100
AcDbDictionary
281
     1
  3
ACDB_ANNOTATIONSCALES
350
16D2
  0
DICTIONARY
  5
161D
102
{ACAD_REACTORS
330
161C
102
}
330
161C
100
AcDbDictionary
281
     1
  3
ACDB_ANNOTATIONSCALES
350
161E
  0
DICTIONARY
  5
15C9
102
{ACAD_REACTORS
330
15C8
102
}
330
15C8
100
AcDbDictionary
281
     1
  3
ACDB_ANNOTATIONSCALES
350
15CA
  0
DICTIONARY
  5
16F2
102
{ACAD_REACTORS
330
16F1
102
}
330
16F1
100
AcDbDictionary
281
     1
  3
ACDB_ANNOTATIONSCALES
350
16F3
  0
DICTIONARY
  5
275C
102
{ACAD_REACTORS
330
275B
102
}
330
275B
100
AcDbDictionary
281
     1
  3
ACDB_ANNOTATIONSCALES
350
275D
  0
DICTIONARY
  5
276D
102
{ACAD_REACTORS
330
276C
102
}
330
276C
100
AcDbDictionary
281
     1
  3
ACDB_ANNOTATIONSCALES
350
276E
  0
DICTIONARY
  5
2790
102
{ACAD_REACTORS
330
278F
102
}
330
278F
100
AcDbDictionary
281
     1
  3
ACDB_ANNOTATIONSCALES
350
2791
  0
DICTIONARY
  5
4185
102
{ACAD_REACTORS
330
4184
102
}
330
4184
100
AcDbDictionary
281
     1
  3
ACDB_ANNOTATIONSCALES
350
4186
  0
DICTIONARY
  5
418C
102
{ACAD_REACTORS
330
418B
102
}
330
418B
100
AcDbDictionary
281
     1
  3
ACDB_ANNOTATIONSCALES
350
418D
  0
DICTIONARY
  5
27DE
102
{ACAD_REACTORS
330
27DD
102
}
330
27DD
100
AcDbDictionary
281
     1
  3
ACDB_ANNOTATIONSCALES
350
27DF
  0
DICTIONARY
  5
277F
102
{ACAD_REACTORS
330
277E
102
}
330
277E
100
AcDbDictionary
281
     1
  3
ACDB_ANNOTATIONSCALES
350
2780
  0
DICTIONARY
  5
5290
102
{ACAD_REACTORS
330
528F
102
}
330
528F
100
AcDbDictionary
281
     1
  3
ACDB_ANNOTATIONSCALES
350
5291
  0
DICTIONARY
  5
527F
102
{ACAD_REACTORS
330
527E
102
}
330
527E
100
AcDbDictionary
281
     1
  3
ACDB_ANNOTATIONSCALES
350
5280
  0
DICTIONARY
  5
52A1
102
{ACAD_REACTORS
330
52A0
102
}
330
52A0
100
AcDbDictionary
281
     1
  3
ACDB_ANNOTATIONSCALES
350
52A2
  0
DICTIONARY
  5
1782
102
{ACAD_REACTORS
330
1781
102
}
330
1781
100
AcDbDictionary
281
     1
  3
ACDB_ANNOTATIONSCALES
350
1783
  0
DICTIONARY
  5
1713
102
{ACAD_REACTORS
330
1712
102
}
330
1712
100
AcDbDictionary
281
     1
  3
ACDB_ANNOTATIONSCALES
350
1714
  0
DICTIONARY
  5
1702
102
{ACAD_REACTORS
330
1701
102
}
330
1701
100
AcDbDictionary
281
     1
  3
ACDB_ANNOTATIONSCALES
350
1703
  0
DICTIONARY
  5
3456
102
{ACAD_REACTORS
330
3455
102
}
330
3455
100
AcDbDictionary
281
     1
  3
ACDB_ANNOTATIONSCALES
350
3457
  0
DICTIONARY
  5
367B
102
{ACAD_REACTORS
330
367A
102
}
330
367A
100
AcDbDictionary
281
     1
  3
ACDB_ANNOTATIONSCALES
350
367C
  0
DICTIONARY
  5
41CD
102
{ACAD_REACTORS
330
41CC
102
}
330
41CC
100
AcDbDictionary
281
     1
  3
ACDB_ANNOTATIONSCALES
350
41CE
  0
DICTIONARY
  5
41E2
102
{ACAD_REACTORS
330
41E1
102
}
330
41E1
100
AcDbDictionary
281
     1
  3
ACDB_ANNOTATIONSCALES
350
41E3
  0
DICTIONARY
  5
5D34
102
{ACAD_REACTORS
330
5D33
102
}
330
5D33
100
AcDbDictionary
281
     1
  3
ACDB_ANNOTATIONSCALES
350
5D35
  0
DICTIONARY
  5
600A
102
{ACAD_REACTORS
330
6009
102
}
330
6009
100
AcDbDictionary
281
     1
  3
ACDB_ANNOTATIONSCALES
350
600B
  0
XRECORD
  5
2191
102
{ACAD_REACTORS
330
2190
102
}
330
2190
100
AcDbXrecord
280
     1
 90
        1
340
B7
  0
XRECORD
  5
2509
102
{ACAD_REACTORS
330
2382
102
}
330
2382
100
AcDbXrecord
280
     1
 90
        1
340
CE
  0
XRECORD
  5
2383
102
{ACAD_REACTORS
330
2382
102
}
330
2382
100
AcDbXrecord
280
     1
290
     1
291
     1
292
     0
330
0
102
{AcDbXrefObjectId
330
0
 90
        0
 91
-2104163840
102
}
  0
XRECORD
  5
2686
102
{ACAD_REACTORS
330
2385
102
}
330
2385
100
AcDbXrecord
280
     1
 90
        1
340
D0
  0
XRECORD
  5
2386
102
{ACAD_REACTORS
330
2385
102
}
330
2385
100
AcDbXrecord
280
     1
290
     1
291
     1
292
     0
330
0
102
{AcDbXrefObjectId
330
0
 90
        0
 91
-1936391680
102
}
  0
XRECORD
  5
2389
102
{ACAD_REACTORS
330
2388
102
}
330
2388
100
AcDbXrecord
280
     1
 90
        1
340
D4
  0
XRECORD
  5
238A
102
{ACAD_REACTORS
330
2388
102
}
330
2388
100
AcDbXrecord
280
     1
290
     1
291
     1
292
     0
330
0
102
{AcDbXrefObjectId
330
0
 90
        0
 91
-1651179008
102
}
  0
XRECORD
  5
250D
102
{ACAD_REACTORS
330
238C
102
}
330
238C
100
AcDbXrecord
280
     1
 90
        1
340
CE
  0
XRECORD
  5
238D
102
{ACAD_REACTORS
330
238C
102
}
330
238C
100
AcDbXrecord
280
     1
290
     1
291
     1
292
     0
330
0
102
{AcDbXrefObjectId
330
0
 90
        0
 91
-1223753728
102
}
  0
DICTIONARY
  5
2390
102
{ACAD_REACTORS
330
238F
102
}
330
238F
100
AcDbDictionary
280
     1
281
     1
  0
DICTIONARY
  5
23EA
102
{ACAD_REACTORS
330
23E9
102
}
330
23E9
100
AcDbDictionary
280
     1
281
     1
  3
AppDataCache
360
23EC
  0
DICTIONARY
  5
2401
102
{ACAD_REACTORS
330
2400
102
}
330
2400
100
AcDbDictionary
280
     1
281
     1
  3
AppDataCache
360
2403
  0
DICTIONARY
  5
2418
102
{ACAD_REACTORS
330
2417
102
}
330
2417
100
AcDbDictionary
280
     1
281
     1
  3
AppDataCache
360
241A
  0
DICTIONARY
  5
242F
102
{ACAD_REACTORS
330
242E
102
}
330
242E
100
AcDbDictionary
280
     1
281
     1
  3
AppDataCache
360
2431
  0
ACDBDETAILVIEWSTYLE
  5
D222
102
{ACAD_XDICTIONARY
360
D29A
102
}
102
{ACAD_REACTORS
330
D221
102
}
330
D221
100
AcDbModelDocViewStyle
 70
     0
  3
Imperial24
290
     0
100
AcDbDetailViewStyle
 70
     0
 71
     0
 90
        3
 71
     1
340
11
 62
   256
 40
0.24
340
0
 62
   256
 40
0.24
300

 40
0.36
280
     3
 71
     2
340
16
 90
       25
 62
   256
 71
     3
340
11
 62
   256
 40
0.24
 90
        1
 40
0.75
 90
        1
300
%<\AcVar ViewType \f "%tc1">% %<\AcVar ViewDetailId>%\PSCALE %<\AcVar ViewScale \f "%sn">%
 71
     4
340
16
 90
       25
 62
   256
340
16
 90
       25
 62
   256
280
     0
  0
LAYOUT
  5
22
330
D1C7
100
AcDbPlotSettings
  1

  2
Microsoft Print to PDF
  4

  6

 40
0.0
 41
0.0
 42
0.0
 43
0.0
 44
0.0
 45
0.0
 46
0.0
 47
0.0
 48
0.0
 49
0.0
140
0.0
141
0.0
142
1.0
143
1.0
 70
   688
 72
     0
 73
     0
 74
     5
  7

 75
    16
147
1.0
 76
     0
 77
     2
 78
   300
148
0.0
149
0.0
100
AcDbLayout
  1
Model
 70
     1
 71
     0
 10
-54.2071005595242
 20
13.7114797174901
 11
1373.14983989999
 21
581.7844141498029
 12
0.0
 22
0.0
 32
0.0
 14
-54.2071005595242
 24
13.7114797174901
 34
0.0
 15
1373.14983989999
 25
581.7844141498029
 35
0.0
146
0.0
 13
0.0
 23
0.0
 33
0.0
 16
1.0
 26
0.0
 36
0.0
 17
0.0
 27
1.0
 37
0.0
 76
     0
330
D0BE
331
D0EC
1001
ACAD_PSEXT
1000
DWF6 ePlot.pc3
1000
DWF6 ePlot
1000
File
1000

1070
     0
  0
LAYOUT
  5
2189
330
D1C7
100
AcDbPlotSettings
  1

  2
Microsoft Print to PDF
  4

  6

 40
0.0
 41
0.0
 42
0.0
 43
0.0
 44
0.0
 45
0.0
 46
0.0
 47
0.0
 48
0.0
 49
0.0
140
0.0
141
0.0
142
1.0
143
1.0
 70
   688
 72
     0
 73
     0
 74
     5
  7

 75
    16
147
1.0
 76
     0
 77
     2
 78
   300
148
0.0
149
0.0
100
AcDbLayout
  1
SECTIONS AND DETAILS
 70
     1
 71
     1
 10
-0.249883571165071
 20
-0.7499209474646311
 11
35.74988602883589
 21
23.2499254525353
 12
0.0
 22
0.0
 32
0.0
 14
1.000000000000000E+20
 24
1.000000000000000E+20
 34
1.000000000000000E+20
 15
-1.000000000000000E+20
 25
-1.000000000000000E+20
 35
-1.000000000000000E+20
146
0.0
 13
0.0
 23
0.0
 33
0.0
 16
1.0
 26
0.0
 36
0.0
 17
0.0
 27
1.0
 37
0.0
 76
     0
330
D0BF
331
218F
1001
ACAD_PSEXT
1000
DWF6 ePlot.pc3
1000
DWF6 ePlot
1000
File
1000

1070
     0
  0
MATERIAL
  5
D1DF
102
{ACAD_XDICTIONARY
360
D1E0
102
}
102
{ACAD_REACTORS
330
D1C4
102
}
330
D1C4
100
AcDbMaterial
  1
ByBlock
 72
     0
 43
0.0208333333333333
 43
0.0
 43
0.0
 43
0.0
 43
0.0
 43
0.0208333333333333
 43
0.0
 43
0.0
 43
0.0
 43
0.0
 43
1.0
 43
0.0
 43
0.0
 43
0.0
 43
0.0
 43
1.0
 77
     0
 47
0.0208333333333333
 47
0.0
 47
0.0
 47
0.0
 47
0.0
 47
0.0208333333333333
 47
0.0
 47
0.0
 47
0.0
 47
0.0
 47
1.0
 47
0.0
 47
0.0
 47
0.0
 47
0.0
 47
1.0
171
     0
 49
0.0208333333333333
 49
0.0
 49
0.0
 49
0.0
 49
0.0
 49
0.0208333333333333
 49
0.0
 49
0.0
 49
0.0
 49
0.0
 49
1.0
 49
0.0
 49
0.0
 49
0.0
 49
0.0
 49
1.0
175
     0
142
0.0208333333333333
142
0.0
142
0.0
142
0.0
142
0.0
142
0.0208333333333333
142
0.0
142
0.0
142
0.0
142
0.0
142
1.0
142
0.0
142
0.0
142
0.0
142
0.0
142
1.0
179
     0
144
0.0208333333333333
144
0.0
144
0.0
144
0.0
144
0.0
144
0.0208333333333333
144
0.0
144
0.0
144
0.0
144
0.0
144
1.0
144
0.0
144
0.0
144
0.0
144
0.0
144
1.0
147
0.0208333333333333
147
0.0
147
0.0
147
0.0
147
0.0
147
0.0208333333333333
147
0.0
147
0.0
147
0.0
147
0.0
147
1.0
147
0.0
147
0.0
147
0.0
147
0.0
147
1.0
  0
MATERIAL
  5
D1D7
102
{ACAD_XDICTIONARY
360
D1D8
102
}
102
{ACAD_REACTORS
330
D1C4
102
}
330
D1C4
100
AcDbMaterial
  1
ByLayer
 72
     0
 43
0.0208333333333333
 43
0.0
 43
0.0
 43
0.0
 43
0.0
 43
0.0208333333333333
 43
0.0
 43
0.0
 43
0.0
 43
0.0
 43
1.0
 43
0.0
 43
0.0
 43
0.0
 43
0.0
 43
1.0
 77
     0
 47
0.0208333333333333
 47
0.0
 47
0.0
 47
0.0
 47
0.0
 47
0.0208333333333333
 47
0.0
 47
0.0
 47
0.0
 47
0.0
 47
1.0
 47
0.0
 47
0.0
 47
0.0
 47
0.0
 47
1.0
171
     0
 49
0.0208333333333333
 49
0.0
 49
0.0
 49
0.0
 49
0.0
 49
0.0208333333333333
 49
0.0
 49
0.0
 49
0.0
 49
0.0
 49
1.0
 49
0.0
 49
0.0
 49
0.0
 49
0.0
 49
1.0
175
     0
142
0.0208333333333333
142
0.0
142
0.0
142
0.0
142
0.0
142
0.0208333333333333
142
0.0
142
0.0
142
0.0
142
0.0
142
1.0
142
0.0
142
0.0
142
0.0
142
0.0
142
1.0
179
     0
144
0.0208333333333333
144
0.0
144
0.0
144
0.0
144
0.0
144
0.0208333333333333
144
0.0
144
0.0
144
0.0
144
0.0
144
1.0
144
0.0
144
0.0
144
0.0
144
0.0
144
1.0
147
0.0208333333333333
147
0.0
147
0.0
147
0.0
147
0.0
147
0.0208333333333333
147
0.0
147
0.0
147
0.0
147
0.0
147
1.0
147
0.0
147
0.0
147
0.0
147
0.0
147
1.0
  0
MATERIAL
  5
D1E7
102
{ACAD_XDICTIONARY
360
D1E8
102
}
102
{ACAD_REACTORS
330
D1C4
102
}
330
D1C4
100
AcDbMaterial
  1
Global
 72
     0
 43
0.0208333333333333
 43
0.0
 43
0.0
 43
0.0
 43
0.0
 43
0.0208333333333333
 43
0.0
 43
0.0
 43
0.0
 43
0.0
 43
1.0
 43
0.0
 43
0.0
 43
0.0
 43
0.0
 43
1.0
 77
     0
 47
0.0208333333333333
 47
0.0
 47
0.0
 47
0.0
 47
0.0
 47
0.0208333333333333
 47
0.0
 47
0.0
 47
0.0
 47
0.0
 47
1.0
 47
0.0
 47
0.0
 47
0.0
 47
0.0
 47
1.0
171
     0
 49
0.0208333333333333
 49
0.0
 49
0.0
 49
0.0
 49
0.0
 49
0.0208333333333333
 49
0.0
 49
0.0
 49
0.0
 49
0.0
 49
1.0
 49
0.0
 49
0.0
 49
0.0
 49
0.0
 49
1.0
175
     0
142
0.0208333333333333
142
0.0
142
0.0
142
0.0
142
0.0
142
0.0208333333333333
142
0.0
142
0.0
142
0.0
142
0.0
142
1.0
142
0.0
142
0.0
142
0.0
142
0.0
142
1.0
179
     0
144
0.0208333333333333
144
0.0
144
0.0
144
0.0
144
0.0
144
0.0208333333333333
144
0.0
144
0.0
144
0.0
144
0.0
144
1.0
144
0.0
144
0.0
144
0.0
144
0.0
144
1.0
147
0.0208333333333333
147
0.0
147
0.0
147
0.0
147
0.0
147
0.0208333333333333
147
0.0
147
0.0
147
0.0
147
0.0
147
1.0
147
0.0
147
0.0
147
0.0
147
0.0
147
1.0
  0
MLEADERSTYLE
  5
D21E
102
{ACAD_REACTORS
330
D21D
102
}
330
D21D
100
AcDbMLeaderStyle
179
     2
170
     2
171
     1
172
     0
 90
        2
 40
0.0
 41
0.0
173
     1
 91
-1056964608
340
14
 92
       -2
290
     1
 42
0.09
291
     1
 43
0.36
  3
Standard
 44
0.18
300

342
11
174
     1
178
     6
175
     1
176
     0
 93
-1056964608
 45
0.18
292
     0
297
     0
 46
0.18
 94
-1056964608
 47
1.0
 49
1.0
140
1.0
293
     1
141
0.0
294
     1
177
     0
142
1.0
295
     0
296
     0
143
0.125
271
     0
272
     9
273
     9
298
     0
  0
MLINESTYLE
  5
18
330
D1C6
100
AcDbMlineStyle
  2
STANDARD
 70
     0
  3

 62
   256
 51
90.0
 52
90.0
 71
     2
 49
0.5
 62
   256
  6
Continuous
 49
-0.5
 62
   256
  6
Continuous
  0
ACDBPLACEHOLDER
  5
D1D6
102
{ACAD_REACTORS
330
D1D5
102
}
330
D1D5
  0
SCALE
  5
D20C
102
{ACAD_REACTORS
330
D20B
102
}
330
D20B
100
AcDbScale
 70
     0
300
1:1
140
1.0
141
1.0
290
     1
  0
SCALE
  5
D20D
102
{ACAD_REACTORS
330
D20B
102
}
330
D20B
100
AcDbScale
 70
     0
300
1/128" = 1'-0"
140
0.0078125
141
12.0
290
     0
  0
SCALE
  5
D20E
102
{ACAD_REACTORS
330
D20B
102
}
330
D20B
100
AcDbScale
 70
     0
300
1/64" = 1'-0"
140
0.015625
141
12.0
290
     0
  0
SCALE
  5
D20F
102
{ACAD_REACTORS
330
D20B
102
}
330
D20B
100
AcDbScale
 70
     0
300
1/32" = 1'-0"
140
0.03125
141
12.0
290
     0
  0
SCALE
  5
D210
102
{ACAD_REACTORS
330
D20B
102
}
330
D20B
100
AcDbScale
 70
     0
300
1/16" = 1'-0"
140
0.0625
141
12.0
290
     0
  0
SCALE
  5
D211
102
{ACAD_REACTORS
330
D20B
102
}
330
D20B
100
AcDbScale
 70
     0
300
3/32" = 1'-0"
140
0.09375
141
12.0
290
     0
  0
SCALE
  5
D212
102
{ACAD_REACTORS
330
D20B
102
}
330
D20B
100
AcDbScale
 70
     0
300
1/8" = 1'-0"
140
0.125
141
12.0
290
     0
  0
SCALE
  5
D213
102
{ACAD_REACTORS
330
D20B
102
}
330
D20B
100
AcDbScale
 70
     0
300
3/16" = 1'-0"
140
0.1875
141
12.0
290
     0
  0
SCALE
  5
D214
102
{ACAD_REACTORS
330
D20B
102
}
330
D20B
100
AcDbScale
 70
     0
300
1/4" = 1'-0"
140
0.25
141
12.0
290
     0
  0
SCALE
  5
D215
102
{ACAD_REACTORS
330
D20B
102
}
330
D20B
100
AcDbScale
 70
     0
300
3/8" = 1'-0"
140
0.375
141
12.0
290
     0
  0
SCALE
  5
D216
102
{ACAD_REACTORS
330
D20B
102
}
330
D20B
100
AcDbScale
 70
     0
300
1/2" = 1'-0"
140
0.5
141
12.0
290
     0
  0
SCALE
  5
D217
102
{ACAD_REACTORS
330
D20B
102
}
330
D20B
100
AcDbScale
 70
     0
300
3/4" = 1'-0"
140
0.75
141
12.0
290
     0
  0
SCALE
  5
D218
102
{ACAD_REACTORS
330
D20B
102
}
330
D20B
100
AcDbScale
 70
     0
300
1" = 1'-0"
140
1.0
141
12.0
290
     0
  0
SCALE
  5
D219
102
{ACAD_REACTORS
330
D20B
102
}
330
D20B
100
AcDbScale
 70
     0
300
1-1/2" = 1'-0"
140
1.5
141
12.0
290
     0
  0
SCALE
  5
D21A
102
{ACAD_REACTORS
330
D20B
102
}
330
D20B
100
AcDbScale
 70
     0
300
3" = 1'-0"
140
3.0
141
12.0
290
     0
  0
SCALE
  5
D21B
102
{ACAD_REACTORS
330
D20B
102
}
330
D20B
100
AcDbScale
 70
     0
300
6" = 1'-0"
140
6.0
141
12.0
290
     0
  0
SCALE
  5
D21C
102
{ACAD_REACTORS
330
D20B
102
}
330
D20B
100
AcDbScale
 70
     0
300
1'-0" = 1'-0"
140
12.0
141
12.0
290
     0
  0
ACDBSECTIONVIEWSTYLE
  5
D220
102
{ACAD_XDICTIONARY
360
D298
102
}
102
{ACAD_REACTORS
330
D21F
102
}
330
D21F
100
AcDbModelDocViewStyle
 70
     0
  3
Imperial24
290
     0
100
AcDbSectionViewStyle
 70
     0
 71
     0
 90
       78
 71
     1
340
11
 62
   256
 40
0.24
340
0
340
0
 62
   256
 40
0.24
300
I, O, Q, S, X, Z
 40
0.48
 90
        3
 40
0.18
 90
        1
 71
     2
340
16
 90
       25
 62
   256
340
16
 90
       50
 62
   256
 40
0.24
 40
0.0
 40
0.24
 71
     3
340
11
 62
   256
 40
0.24
 90
        1
 40
0.75
 90
        1
300
%<\AcVar ViewType \f "%tc1">% %<\AcVar ViewSectionStartId>%-%<\AcVar ViewSectionEndId>%\PSCALE %<\AcVar ViewScale \f "%sn">%
 71
     4
 62
   256
 62
   257
300
ANSI31
 40
1.0
 90
        0
290
     0
290
     0
 90
        6
 40
0.0
 40
1.570796326794896
 40
0.2617993877991494
 40
1.308996938995747
 40
-0.2617993877991494
 40
1.832595714594046
  0
TABLESTYLE
  5
D20A
102
{ACAD_XDICTIONARY
360
D295
102
}
102
{ACAD_REACTORS
330
D209
102
}
330
D209
100
AcDbTableStyle
280
     0
  3
Standard
 70
     0
 71
     0
 40
0.06
 41
0.06
280
     0
281
     0
  7
Standard
140
0.18
170
     2
 62
     0
 63
     7
283
     0
 90
      512
 91
        0
  1

274
    -2
284
     1
 64
     0
275
    -2
285
     1
 65
     0
276
    -2
286
     1
 66
     0
277
    -2
287
     1
 67
     0
278
    -2
288
     1
 68
     0
279
    -2
289
     1
 69
     0
  7
Standard
140
0.25
170
     5
 62
     0
 63
     7
283
     0
 90
      512
 91
        0
  1

274
    -2
284
     1
 64
     0
275
    -2
285
     1
 65
     0
276
    -2
286
     1
 66
     0
277
    -2
287
     1
 67
     0
278
    -2
288
     1
 68
     0
279
    -2
289
     1
 69
     0
  7
Standard
140
0.18
170
     5
 62
     0
 63
     7
283
     0
 90
      512
 91
        0
  1

274
    -2
284
     1
 64
     0
275
    -2
285
     1
 65
     0
276
    -2
286
     1
 66
     0
277
    -2
287
     1
 67
     0
278
    -2
288
     1
 68
     0
279
    -2
289
     1
 69
     0
  0
VISUALSTYLE
  5
D1F5
102
{ACAD_REACTORS
330
D1EF
102
}
330
D1EF
100
AcDbVisualStyle
  2
2dWireframe
 70
     4
177
     3
291
     0
 70
    58
 90
        0
176
     1
 90
        2
176
     1
 90
        0
176
     1
 90
        0
176
     1
 40
0.6
176
     1
 40
30.0
176
     1
 62
     7
420
 16777215
176
     1
 90
        1
176
     1
 90
        4
176
     1
 62
     7
176
     1
 62
   257
176
     1
 90
        1
176
     1
 90
        1
176
     1
 40
1.0
176
     1
 90
        0
176
     1
 62
   257
176
     1
 40
1.0
176
     1
 90
        1
176
     1
 90
        6
176
     1
 90
        2
176
     1
 62
     7
176
     1
 90
        5
176
     1
 90
        0
176
     1
 90
        0
176
     1
290
     0
176
     1
 90
        1
176
     1
 40
0.0
176
     1
 90
        0
176
     1
290
     1
176
     1
290
     1
176
     1
290
     0
176
     1
290
     0
176
     1
290
     0
176
     1
290
     0
176
     1
290
     0
176
     1
290
     0
176
     1
290
     0
176
     1
 90
       50
176
     1
 40
0.0
176
     1
 40
1.0
176
     1
 90
        0
176
     1
 62
    18
420
        0
176
     1
 90
       50
176
     1
 90
        3
176
     1
 62
     5
420
      255
176
     1
290
     0
176
     1
 90
       50
176
     1
 90
       50
176
     1
 90
       50
176
     1
290
     0
176
     1
 90
       50
176
     1
 62
   256
176
     0
 40
1.0
176
     0
 90
        2
176
     1
  1
strokes_ogs.tif
176
     1
290
     0
176
     1
 40
1.0
176
     1
 40
1.0
176
     1
1001
ACAD
1000
AcDbSavedByObjectVersion
1070
     0
  0
VISUALSTYLE
  5
D1F4
102
{ACAD_REACTORS
330
D1EF
102
}
330
D1EF
100
AcDbVisualStyle
  2
Basic
 70
     7
177
     3
291
     1
 70
    58
 90
        1
176
     1
 90
        0
176
     1
 90
        1
176
     1
 90
        0
176
     1
 40
0.6
176
     1
 40
30.0
176
     1
 62
     7
420
 16777215
176
     1
 90
        0
176
     1
 90
        4
176
     1
 62
     7
176
     1
 62
   257
176
     1
 90
        1
176
     1
 90
        1
176
     1
 40
1.0
176
     1
 90
        8
176
     1
 62
     7
176
     1
 40
1.0
176
     1
 90
        1
176
     1
 90
        6
176
     1
 90
        2
176
     1
 62
     7
176
     1
 90
        5
176
     1
 90
        0
176
     1
 90
        0
176
     1
290
     0
176
     1
 90
        1
176
     1
 40
0.0
176
     1
 90
        0
176
     1
290
     0
176
     1
290
     1
176
     1
290
     1
176
     1
290
     0
176
     1
290
     0
176
     1
290
     0
176
     1
290
     0
176
     1
290
     0
176
     1
290
     0
176
     1
 90
       50
176
     1
 40
0.0
176
     1
 40
1.0
176
     1
 90
        0
176
     1
 62
    18
420
        0
176
     1
 90
       50
176
     1
 90
        3
176
     1
 62
     5
420
      255
176
     1
290
     0
176
     1
 90
       50
176
     1
 90
       50
176
     1
 90
       50
176
     1
290
     0
176
     1
 90
       50
176
     1
 62
   256
176
     0
 40
1.0
176
     0
 90
        2
176
     1
  1
strokes_ogs.tif
176
     1
290
     0
176
     1
 40
1.0
176
     1
 40
1.0
176
     1
1001
ACAD
1000
AcDbSavedByObjectVersion
1070
     0
  0
VISUALSTYLE
  5
D1FB
102
{ACAD_REACTORS
330
D1EF
102
}
330
D1EF
100
AcDbVisualStyle
  2
Brighten
 70
    12
177
     3
291
     1
 70
    58
 90
        2
176
     1
 90
        2
176
     1
 90
        0
176
     1
 90
        0
176
     1
 40
0.6
176
     1
 40
30.0
176
     1
 62
     7
420
 16777215
176
     1
 90
        1
176
     1
 90
        4
176
     1
 62
     7
176
     1
 62
   257
176
     1
 90
        1
176
     1
 90
        1
176
     1
 40
1.0
176
     1
 90
        8
176
     1
 62
     7
176
     1
 40
1.0
176
     1
 90
        1
176
     1
 90
        6
176
     1
 90
        2
176
     1
 62
     7
176
     1
 90
        5
176
     1
 90
        0
176
     1
 90
        0
176
     1
290
     0
176
     1
 90
        1
176
     1
 40
50.0
176
     1
 90
        0
176
     1
290
     0
176
     1
290
     1
176
     1
290
     1
176
     1
290
     0
176
     1
290
     0
176
     1
290
     0
176
     1
290
     0
176
     1
290
     0
176
     1
290
     0
176
     1
 90
       50
176
     1
 40
0.0
176
     1
 40
1.0
176
     1
 90
        0
176
     1
 62
    18
420
        0
176
     1
 90
       50
176
     1
 90
        3
176
     1
 62
     5
420
      255
176
     1
290
     0
176
     1
 90
       50
176
     1
 90
       50
176
     1
 90
       50
176
     1
290
     0
176
     1
 90
       50
176
     1
 62
   256
176
     0
 40
1.0
176
     0
 90
        2
176
     1
  1
strokes_ogs.tif
176
     1
290
     0
176
     1
 40
1.0
176
     1
 40
1.0
176
     1
1001
ACAD
1000
AcDbSavedByObjectVersion
1070
     0
  0
VISUALSTYLE
  5
D1FF
102
{ACAD_REACTORS
330
D1EF
102
}
330
D1EF
100
AcDbVisualStyle
  2
ColorChange
 70
    16
177
     3
291
     1
 70
    58
 90
        2
176
     1
 90
        2
176
     1
 90
        3
176
     1
 90
        0
176
     1
 40
0.6
176
     1
 40
30.0
176
     1
 62
     8
420
  8421504
176
     1
 90
        1
176
     1
 90
        4
176
     1
 62
     7
176
     1
 62
   257
176
     1
 90
        1
176
     1
 90
        1
176
     1
 40
1.0
176
     1
 90
        8
176
     1
 62
     8
420
  8421504
176
     1
 40
1.0
176
     1
 90
        1
176
     1
 90
        6
176
     1
 90
        2
176
     1
 62
     7
176
     1
 90
        5
176
     1
 90
        0
176
     1
 90
        0
176
     1
290
     0
176
     1
 90
        1
176
     1
 40
0.0
176
     1
 90
        0
176
     1
290
     0
176
     1
290
     1
176
     1
290
     1
176
     1
290
     0
176
     1
290
     0
176
     1
290
     0
176
     1
290
     0
176
     1
290
     0
176
     1
290
     0
176
     1
 90
       50
176
     1
 40
0.0
176
     1
 40
1.0
176
     1
 90
        0
176
     1
 62
    18
420
        0
176
     1
 90
       50
176
     1
 90
        3
176
     1
 62
     5
420
      255
176
     1
290
     0
176
     1
 90
       50
176
     1
 90
       50
176
     1
 90
       50
176
     1
290
     0
176
     1
 90
       50
176
     1
 62
   256
176
     0
 40
1.0
176
     0
 90
        2
176
     1
  1
strokes_ogs.tif
176
     1
290
     0
176
     1
 40
1.0
176
     1
 40
1.0
176
     1
1001
ACAD
1000
AcDbSavedByObjectVersion
1070
     0
  0
VISUALSTYLE
  5
D1F8
102
{ACAD_REACTORS
330
D1EF
102
}
330
D1EF
100
AcDbVisualStyle
  2
Conceptual
 70
     9
177
     3
291
     0
 70
    58
 90
        3
176
     1
 90
        2
176
     1
 90
        0
176
     1
 90
        0
176
     1
 40
0.6
176
     1
 40
30.0
176
     1
 62
     7
420
 16777215
176
     1
 90
        2
176
     1
 90
        2
176
     1
 62
     7
176
     1
 62
   257
176
     1
 90
        1
176
     1
 90
        1
176
     1
 40
179.0
176
     1
 90
        8
176
     1
 62
     7
176
     1
 40
1.0
176
     1
 90
        1
176
     1
 90
        6
176
     1
 90
        2
176
     1
 62
     7
176
     1
 90
        3
176
     1
 90
        0
176
     1
 90
        0
176
     1
290
     0
176
     1
 90
        1
176
     1
 40
0.0
176
     1
 90
        0
176
     1
290
     0
176
     1
290
     1
176
     1
290
     1
176
     1
290
     0
176
     1
290
     0
176
     1
290
     0
176
     1
290
     0
176
     1
290
     0
176
     1
290
     0
176
     1
 90
       50
176
     1
 40
0.0
176
     1
 40
1.0
176
     1
 90
        0
176
     1
 62
    18
420
        0
176
     1
 90
       50
176
     1
 90
        3
176
     1
 62
     5
420
      255
176
     1
290
     0
176
     1
 90
       50
176
     1
 90
       50
176
     1
 90
       50
176
     1
290
     0
176
     1
 90
       50
176
     1
 62
   256
176
     0
 40
1.0
176
     0
 90
        2
176
     1
  1
strokes_ogs.tif
176
     1
290
     0
176
     1
 40
1.0
176
     1
 40
1.0
176
     1
1001
ACAD
1000
AcDbSavedByObjectVersion
1070
     0
  0
VISUALSTYLE
  5
D1FA
102
{ACAD_REACTORS
330
D1EF
102
}
330
D1EF
100
AcDbVisualStyle
  2
Dim
 70
    11
177
     3
291
     1
 70
    58
 90
        2
176
     1
 90
        2
176
     1
 90
        0
176
     1
 90
        0
176
     1
 40
0.6
176
     1
 40
30.0
176
     1
 62
     7
420
 16777215
176
     1
 90
        1
176
     1
 90
        4
176
     1
 62
     7
176
     1
 62
   257
176
     1
 90
        1
176
     1
 90
        1
176
     1
 40
1.0
176
     1
 90
        8
176
     1
 62
     7
176
     1
 40
1.0
176
     1
 90
        1
176
     1
 90
        6
176
     1
 90
        2
176
     1
 62
     7
176
     1
 90
        5
176
     1
 90
        0
176
     1
 90
        0
176
     1
290
     0
176
     1
 90
        1
176
     1
 40
-50.0
176
     1
 90
        0
176
     1
290
     0
176
     1
290
     1
176
     1
290
     1
176
     1
290
     0
176
     1
290
     0
176
     1
290
     0
176
     1
290
     0
176
     1
290
     0
176
     1
290
     0
176
     1
 90
       50
176
     1
 40
0.0
176
     1
 40
1.0
176
     1
 90
        0
176
     1
 62
    18
420
        0
176
     1
 90
       50
176
     1
 90
        3
176
     1
 62
     5
420
      255
176
     1
290
     0
176
     1
 90
       50
176
     1
 90
       50
176
     1
 90
       50
176
     1
290
     0
176
     1
 90
       50
176
     1
 62
   256
176
     0
 40
1.0
176
     0
 90
        2
176
     1
  1
strokes_ogs.tif
176
     1
290
     0
176
     1
 40
1.0
176
     1
 40
1.0
176
     1
1001
ACAD
1000
AcDbSavedByObjectVersion
1070
     0
  0
VISUALSTYLE
  5
D207
102
{ACAD_REACTORS
330
D1EF
102
}
330
D1EF
100
AcDbVisualStyle
  2
EdgeColorOff
 70
    22
177
     3
291
     1
 70
    58
 90
        2
176
     0
 90
        2
176
     0
 90
        0
176
     0
 90
        0
176
     0
 40
0.6
176
     0
 40
30.0
176
     0
 62
     7
420
 16777215
176
     0
 90
        1
176
     0
 90
        4
176
     0
 62
     7
176
     0
 62
   257
176
     0
 90
        1
176
     0
 90
        1
176
     0
 40
1.0
176
     0
 90
        8
176
     2
 62
     7
176
     0
 40
1.0
176
     0
 90
        1
176
     0
 90
        6
176
     0
 90
        2
176
     0
 62
     7
176
     0
 90
        5
176
     0
 90
        0
176
     0
 90
        0
176
     0
290
     0
176
     0
 90
        1
176
     0
 40
0.0
176
     0
 90
        0
176
     0
290
     0
176
     1
290
     1
176
     1
290
     1
176
     1
290
     0
176
     1
290
     0
176
     1
290
     0
176
     1
290
     0
176
     1
290
     0
176
     1
290
     0
176
     1
 90
       50
176
     0
 40
0.0
176
     0
 40
1.0
176
     0
 90
        0
176
     0
 62
    18
420
        0
176
     0
 90
       50
176
     0
 90
        3
176
     0
 62
     5
420
      255
176
     0
290
     0
176
     1
 90
       50
176
     0
 90
       50
176
     0
 90
       50
176
     0
290
     0
176
     1
 90
       50
176
     0
 62
   256
176
     0
 40
1.0
176
     0
 90
        2
176
     0
  1
strokes_ogs.tif
176
     0
290
     0
176
     1
 40
1.0
176
     0
 40
1.0
176
     0
1001
ACAD
1000
AcDbSavedByObjectVersion
1070
     0
  0
VISUALSTYLE
  5
D1FE
102
{ACAD_REACTORS
330
D1EF
102
}
330
D1EF
100
AcDbVisualStyle
  2
Facepattern
 70
    15
177
     3
291
     1
 70
    58
 90
        2
176
     1
 90
        2
176
     1
 90
        0
176
     1
 90
        0
176
     1
 40
0.6
176
     1
 40
30.0
176
     1
 62
     7
420
 16777215
176
     1
 90
        1
176
     1
 90
        4
176
     1
 62
     7
176
     1
 62
   257
176
     1
 90
        1
176
     1
 90
        1
176
     1
 40
1.0
176
     1
 90
        8
176
     1
 62
     7
176
     1
 40
1.0
176
     1
 90
        1
176
     1
 90
        6
176
     1
 90
        2
176
     1
 62
     7
176
     1
 90
        5
176
     1
 90
        0
176
     1
 90
        0
176
     1
290
     0
176
     1
 90
        1
176
     1
 40
0.0
176
     1
 90
        0
176
     1
290
     0
176
     1
290
     1
176
     1
290
     1
176
     1
290
     0
176
     1
290
     0
176
     1
290
     0
176
     1
290
     0
176
     1
290
     0
176
     1
290
     0
176
     1
 90
       50
176
     1
 40
0.0
176
     1
 40
1.0
176
     1
 90
        0
176
     1
 62
    18
420
        0
176
     1
 90
       50
176
     1
 90
        3
176
     1
 62
     5
420
      255
176
     1
290
     0
176
     1
 90
       50
176
     1
 90
       50
176
     1
 90
       50
176
     1
290
     0
176
     1
 90
       50
176
     1
 62
   256
176
     0
 40
1.0
176
     0
 90
        2
176
     1
  1
strokes_ogs.tif
176
     1
290
     0
176
     1
 40
1.0
176
     1
 40
1.0
176
     1
1001
ACAD
1000
AcDbSavedByObjectVersion
1070
     0
  0
VISUALSTYLE
  5
D1F0
102
{ACAD_REACTORS
330
D1EF
102
}
330
D1EF
100
AcDbVisualStyle
  2
Flat
 70
     0
177
     3
291
     1
 70
    58
 90
        2
176
     1
 90
        1
176
     1
 90
        1
176
     1
 90
        2
176
     1
 40
0.6
176
     1
 40
30.0
176
     1
 62
     7
420
 16777215
176
     1
 90
        0
176
     1
 90
        0
176
     1
 62
     7
176
     1
 62
   257
176
     1
 90
        1
176
     1
 90
        1
176
     1
 40
1.0
176
     1
 90
        8
176
     1
 62
     7
176
     1
 40
1.0
176
     1
 90
        1
176
     1
 90
        6
176
     1
 90
        2
176
     1
 62
     7
176
     1
 90
        5
176
     1
 90
        0
176
     1
 90
        0
176
     1
290
     0
176
     1
 90
       13
176
     1
 40
0.0
176
     1
 90
        0
176
     1
290
     0
176
     1
290
     1
176
     1
290
     1
176
     1
290
     0
176
     1
290
     0
176
     1
290
     0
176
     1
290
     0
176
     1
290
     0
176
     1
290
     0
176
     1
 90
       50
176
     1
 40
0.0
176
     1
 40
1.0
176
     1
 90
        0
176
     1
 62
    18
420
        0
176
     1
 90
       50
176
     1
 90
        3
176
     1
 62
     5
420
      255
176
     1
290
     0
176
     1
 90
       50
176
     1
 90
       50
176
     1
 90
       50
176
     1
290
     0
176
     1
 90
       50
176
     1
 62
   256
176
     0
 40
1.0
176
     0
 90
        2
176
     1
  1
strokes_ogs.tif
176
     1
290
     0
176
     1
 40
1.0
176
     1
 40
1.0
176
     1
1001
ACAD
1000
AcDbSavedByObjectVersion
1070
     0
  0
VISUALSTYLE
  5
D1F1
102
{ACAD_REACTORS
330
D1EF
102
}
330
D1EF
100
AcDbVisualStyle
  2
FlatWithEdges
 70
     1
177
     3
291
     1
 70
    58
 90
        2
176
     1
 90
        1
176
     1
 90
        1
176
     1
 90
        2
176
     1
 40
0.6
176
     1
 40
30.0
176
     1
 62
     7
420
 16777215
176
     1
 90
        1
176
     1
 90
        0
176
     1
 62
     7
176
     1
 62
   257
176
     1
 90
        1
176
     1
 90
        1
176
     1
 40
1.0
176
     1
 90
        0
176
     1
 62
   257
176
     1
 40
1.0
176
     1
 90
        1
176
     1
 90
        6
176
     1
 90
        2
176
     1
 62
     7
176
     1
 90
        5
176
     1
 90
        0
176
     1
 90
        0
176
     1
290
     0
176
     1
 90
       13
176
     1
 40
0.0
176
     1
 90
        0
176
     1
290
     0
176
     1
290
     1
176
     1
290
     1
176
     1
290
     0
176
     1
290
     0
176
     1
290
     0
176
     1
290
     0
176
     1
290
     0
176
     1
290
     0
176
     1
 90
       50
176
     1
 40
0.0
176
     1
 40
1.0
176
     1
 90
        0
176
     1
 62
    18
420
        0
176
     1
 90
       50
176
     1
 90
        3
176
     1
 62
     5
420
      255
176
     1
290
     0
176
     1
 90
       50
176
     1
 90
       50
176
     1
 90
       50
176
     1
290
     0
176
     1
 90
       50
176
     1
 62
   256
176
     0
 40
1.0
176
     0
 90
        2
176
     1
  1
strokes_ogs.tif
176
     1
290
     0
176
     1
 40
1.0
176
     1
 40
1.0
176
     1
1001
ACAD
1000
AcDbSavedByObjectVersion
1070
     0
  0
VISUALSTYLE
  5
D1F2
102
{ACAD_REACTORS
330
D1EF
102
}
330
D1EF
100
AcDbVisualStyle
  2
Gouraud
 70
     2
177
     3
291
     1
 70
    58
 90
        2
176
     1
 90
        2
176
     1
 90
        1
176
     1
 90
        2
176
     1
 40
0.6
176
     1
 40
30.0
176
     1
 62
     7
420
 16777215
176
     1
 90
        0
176
     1
 90
        0
176
     1
 62
     7
176
     1
 62
   257
176
     1
 90
        1
176
     1
 90
        1
176
     1
 40
1.0
176
     1
 90
        0
176
     1
 62
     7
176
     1
 40
1.0
176
     1
 90
        1
176
     1
 90
        6
176
     1
 90
        2
176
     1
 62
     7
176
     1
 90
        5
176
     1
 90
        0
176
     1
 90
        0
176
     1
290
     0
176
     1
 90
       13
176
     1
 40
0.0
176
     1
 90
        0
176
     1
290
     0
176
     1
290
     1
176
     1
290
     1
176
     1
290
     0
176
     1
290
     0
176
     1
290
     0
176
     1
290
     0
176
     1
290
     0
176
     1
290
     0
176
     1
 90
       50
176
     1
 40
0.0
176
     1
 40
1.0
176
     1
 90
        0
176
     1
 62
    18
420
        0
176
     1
 90
       50
176
     1
 90
        3
176
     1
 62
     5
420
      255
176
     1
290
     0
176
     1
 90
       50
176
     1
 90
       50
176
     1
 90
       50
176
     1
290
     0
176
     1
 90
       50
176
     1
 62
   256
176
     0
 40
1.0
176
     0
 90
        2
176
     1
  1
strokes_ogs.tif
176
     1
290
     0
176
     1
 40
1.0
176
     1
 40
1.0
176
     1
1001
ACAD
1000
AcDbSavedByObjectVersion
1070
     0
  0
VISUALSTYLE
  5
D1F3
102
{ACAD_REACTORS
330
D1EF
102
}
330
D1EF
100
AcDbVisualStyle
  2
GouraudWithEdges
 70
     3
177
     3
291
     1
 70
    58
 90
        2
176
     1
 90
        2
176
     1
 90
        1
176
     1
 90
        2
176
     1
 40
0.6
176
     1
 40
30.0
176
     1
 62
     7
420
 16777215
176
     1
 90
        1
176
     1
 90
        0
176
     1
 62
     7
176
     1
 62
   257
176
     1
 90
        1
176
     1
 90
        1
176
     1
 40
1.0
176
     1
 90
        0
176
     1
 62
   257
176
     1
 40
1.0
176
     1
 90
        1
176
     1
 90
        6
176
     1
 90
        2
176
     1
 62
     7
176
     1
 90
        5
176
     1
 90
        0
176
     1
 90
        0
176
     1
290
     0
176
     1
 90
       13
176
     1
 40
0.0
176
     1
 90
        0
176
     1
290
     0
176
     1
290
     1
176
     1
290
     1
176
     1
290
     0
176
     1
290
     0
176
     1
290
     0
176
     1
290
     0
176
     1
290
     0
176
     1
290
     0
176
     1
 90
       50
176
     1
 40
0.0
176
     1
 40
1.0
176
     1
 90
        0
176
     1
 62
    18
420
        0
176
     1
 90
       50
176
     1
 90
        3
176
     1
 62
     5
420
      255
176
     1
290
     0
176
     1
 90
       50
176
     1
 90
       50
176
     1
 90
       50
176
     1
290
     0
176
     1
 90
       50
176
     1
 62
   256
176
     0
 40
1.0
176
     0
 90
        2
176
     1
  1
strokes_ogs.tif
176
     1
290
     0
176
     1
 40
1.0
176
     1
 40
1.0
176
     1
1001
ACAD
1000
AcDbSavedByObjectVersion
1070
     0
  0
VISUALSTYLE
  5
D1F7
102
{ACAD_REACTORS
330
D1EF
102
}
330
D1EF
100
AcDbVisualStyle
  2
Hidden
 70
     6
177
     3
291
     0
 70
    58
 90
        1
176
     1
 90
        2
176
     1
 90
        2
176
     1
 90
        0
176
     1
 40
0.6
176
     1
 40
30.0
176
     1
 62
     7
420
 16777215
176
     1
 90
        2
176
     1
 90
        2
176
     1
 62
     7
176
     1
 62
   257
176
     1
 90
        2
176
     1
 90
        1
176
     1
 40
40.0
176
     1
 90
        0
176
     1
 62
   257
176
     1
 40
1.0
176
     1
 90
        1
176
     1
 90
        6
176
     1
 90
        2
176
     1
 62
     7
176
     1
 90
        3
176
     1
 90
        0
176
     1
 90
        0
176
     1
290
     0
176
     1
 90
        1
176
     1
 40
0.0
176
     1
 90
        0
176
     1
290
     0
176
     1
290
     1
176
     1
290
     1
176
     1
290
     0
176
     1
290
     0
176
     1
290
     0
176
     1
290
     0
176
     1
290
     0
176
     1
290
     0
176
     1
 90
       50
176
     1
 40
0.0
176
     1
 40
1.0
176
     1
 90
        0
176
     1
 62
    18
420
        0
176
     1
 90
       50
176
     1
 90
        3
176
     1
 62
     5
420
      255
176
     1
290
     0
176
     1
 90
       50
176
     1
 90
       50
176
     1
 90
       50
176
     1
290
     0
176
     1
 90
       50
176
     1
 62
   256
176
     0
 40
1.0
176
     0
 90
        2
176
     1
  1
strokes_ogs.tif
176
     1
290
     0
176
     1
 40
1.0
176
     1
 40
1.0
176
     1
1001
ACAD
1000
AcDbSavedByObjectVersion
1070
     0
  0
VISUALSTYLE
  5
D205
102
{ACAD_REACTORS
330
D1EF
102
}
330
D1EF
100
AcDbVisualStyle
  2
JitterOff
 70
    20
177
     3
291
     1
 70
    58
 90
        2
176
     0
 90
        2
176
     0
 90
        0
176
     0
 90
        0
176
     0
 40
0.6
176
     0
 40
30.0
176
     0
 62
     7
420
 16777215
176
     0
 90
        1
176
     0
 90
        4
176
     0
 62
     7
176
     0
 62
   257
176
     0
 90
        1
176
     0
 90
        1
176
     0
 40
1.0
176
     0
 90
       10
176
     2
 62
     7
176
     0
 40
1.0
176
     0
 90
        1
176
     0
 90
        6
176
     0
 90
        2
176
     0
 62
     7
176
     0
 90
        5
176
     0
 90
        0
176
     0
 90
        0
176
     0
290
     0
176
     0
 90
        1
176
     0
 40
0.0
176
     0
 90
        0
176
     0
290
     0
176
     1
290
     1
176
     1
290
     1
176
     1
290
     0
176
     1
290
     0
176
     1
290
     0
176
     1
290
     0
176
     1
290
     0
176
     1
290
     0
176
     1
 90
       50
176
     0
 40
0.0
176
     0
 40
1.0
176
     0
 90
        0
176
     0
 62
    18
420
        0
176
     0
 90
       50
176
     0
 90
        3
176
     0
 62
     5
420
      255
176
     0
290
     0
176
     1
 90
       50
176
     0
 90
       50
176
     0
 90
       50
176
     0
290
     0
176
     1
 90
       50
176
     0
 62
   256
176
     0
 40
1.0
176
     0
 90
        2
176
     0
  1
strokes_ogs.tif
176
     0
290
     0
176
     1
 40
1.0
176
     0
 40
1.0
176
     0
1001
ACAD
1000
AcDbSavedByObjectVersion
1070
     0
  0
VISUALSTYLE
  5
D1FD
102
{ACAD_REACTORS
330
D1EF
102
}
330
D1EF
100
AcDbVisualStyle
  2
Linepattern
 70
    14
177
     3
291
     1
 70
    58
 90
        2
176
     1
 90
        2
176
     1
 90
        0
176
     1
 90
        0
176
     1
 40
0.6
176
     1
 40
30.0
176
     1
 62
     7
420
 16777215
176
     1
 90
        1
176
     1
 90
        4
176
     1
 62
     7
176
     1
 62
   257
176
     1
 90
        7
176
     1
 90
        7
176
     1
 40
1.0
176
     1
 90
        8
176
     1
 62
     7
176
     1
 40
1.0
176
     1
 90
        1
176
     1
 90
        6
176
     1
 90
        2
176
     1
 62
     7
176
     1
 90
        5
176
     1
 90
        0
176
     1
 90
        0
176
     1
290
     0
176
     1
 90
        1
176
     1
 40
0.0
176
     1
 90
        0
176
     1
290
     0
176
     1
290
     1
176
     1
290
     1
176
     1
290
     0
176
     1
290
     0
176
     1
290
     0
176
     1
290
     0
176
     1
290
     0
176
     1
290
     0
176
     1
 90
       50
176
     1
 40
0.0
176
     1
 40
1.0
176
     1
 90
        0
176
     1
 62
    18
420
        0
176
     1
 90
       50
176
     1
 90
        3
176
     1
 62
     5
420
      255
176
     1
290
     0
176
     1
 90
       50
176
     1
 90
       50
176
     1
 90
       50
176
     1
290
     0
176
     1
 90
       50
176
     1
 62
   256
176
     0
 40
1.0
176
     0
 90
        2
176
     1
  1
strokes_ogs.tif
176
     1
290
     0
176
     1
 40
1.0
176
     1
 40
1.0
176
     1
1001
ACAD
1000
AcDbSavedByObjectVersion
1070
     0
  0
VISUALSTYLE
  5
D206
102
{ACAD_REACTORS
330
D1EF
102
}
330
D1EF
100
AcDbVisualStyle
  2
OverhangOff
 70
    21
177
     3
291
     1
 70
    58
 90
        2
176
     0
 90
        2
176
     0
 90
        0
176
     0
 90
        0
176
     0
 40
0.6
176
     0
 40
30.0
176
     0
 62
     7
420
 16777215
176
     0
 90
        1
176
     0
 90
        4
176
     0
 62
     7
176
     0
 62
   257
176
     0
 90
        1
176
     0
 90
        1
176
     0
 40
1.0
176
     0
 90
        9
176
     2
 62
     7
176
     0
 40
1.0
176
     0
 90
        1
176
     0
 90
        6
176
     0
 90
        2
176
     0
 62
     7
176
     0
 90
        5
176
     0
 90
        0
176
     0
 90
        0
176
     0
290
     0
176
     0
 90
        1
176
     0
 40
0.0
176
     0
 90
        0
176
     0
290
     0
176
     1
290
     1
176
     1
290
     1
176
     1
290
     0
176
     1
290
     0
176
     1
290
     0
176
     1
290
     0
176
     1
290
     0
176
     1
290
     0
176
     1
 90
       50
176
     0
 40
0.0
176
     0
 40
1.0
176
     0
 90
        0
176
     0
 62
    18
420
        0
176
     0
 90
       50
176
     0
 90
        3
176
     0
 62
     5
420
      255
176
     0
290
     0
176
     1
 90
       50
176
     0
 90
       50
176
     0
 90
       50
176
     0
290
     0
176
     1
 90
       50
176
     0
 62
   256
176
     0
 40
1.0
176
     0
 90
        2
176
     0
  1
strokes_ogs.tif
176
     0
290
     0
176
     1
 40
1.0
176
     0
 40
1.0
176
     0
1001
ACAD
1000
AcDbSavedByObjectVersion
1070
     0
  0
VISUALSTYLE
  5
D1F9
102
{ACAD_REACTORS
330
D1EF
102
}
330
D1EF
100
AcDbVisualStyle
  2
Realistic
 70
     8
177
     3
291
     0
 70
    58
 90
        2
176
     1
 90
        3
176
     1
 90
        0
176
     1
 90
        2
176
     1
 40
0.6
176
     1
 40
30.0
176
     1
 62
     7
420
 16777215
176
     1
 90
        0
176
     1
 90
        0
176
     1
 62
     7
176
     1
 62
   257
176
     1
 90
        1
176
     1
 90
        1
176
     1
 40
1.0
176
     1
 90
        8
176
     1
 62
   257
176
     1
 40
1.0
176
     1
 90
        1
176
     1
 90
        6
176
     1
 90
        2
176
     1
 62
     7
176
     1
 90
        3
176
     1
 90
        0
176
     1
 90
        0
176
     1
290
     0
176
     1
 90
       13
176
     1
 40
0.0
176
     1
 90
        0
176
     1
290
     0
176
     1
290
     1
176
     1
290
     1
176
     1
290
     0
176
     1
290
     0
176
     1
290
     0
176
     1
290
     0
176
     1
290
     0
176
     1
290
     0
176
     1
 90
       50
176
     1
 40
0.0
176
     1
 40
1.0
176
     1
 90
        0
176
     1
 62
    18
420
        0
176
     1
 90
       50
176
     1
 90
        3
176
     1
 62
     5
420
      255
176
     1
290
     0
176
     1
 90
       50
176
     1
 90
       50
176
     1
 90
       50
176
     1
290
     0
176
     1
 90
       50
176
     1
 62
   256
176
     0
 40
1.0
176
     0
 90
        2
176
     1
  1
strokes_ogs.tif
176
     1
290
     0
176
     1
 40
1.0
176
     1
 40
1.0
176
     1
1001
ACAD
1000
AcDbSavedByObjectVersion
1070
     0
  0
VISUALSTYLE
  5
D204
102
{ACAD_REACTORS
330
D1EF
102
}
330
D1EF
100
AcDbVisualStyle
  2
Shaded
 70
    27
177
     3
291
     0
 70
    58
 90
        2
176
     1
 90
        2
176
     1
 90
        1
176
     1
 90
        2
176
     1
 40
0.6
176
     1
 40
30.0
176
     1
 62
     7
420
 16777215
176
     1
 90
        0
176
     1
 90
        4
176
     1
 62
     7
176
     1
 62
   257
176
     1
 90
        1
176
     1
 90
        1
176
     1
 40
1.0
176
     1
 90
        8
176
     1
 62
   257
176
     1
 40
1.0
176
     1
 90
        1
176
     1
 90
        6
176
     1
 90
        2
176
     1
 62
     8
420
  7895160
176
     1
 90
        3
176
     1
 90
        0
176
     1
 90
        0
176
     1
290
     0
176
     1
 90
        5
176
     1
 40
0.0
176
     1
 90
        0
176
     1
290
     0
176
     1
290
     1
176
     1
290
     1
176
     1
290
     0
176
     1
290
     0
176
     1
290
     0
176
     1
290
     0
176
     1
290
     0
176
     1
290
     0
176
     1
 90
       50
176
     1
 40
0.0
176
     1
 40
1.0
176
     1
 90
        0
176
     1
 62
    18
420
        0
176
     1
 90
       50
176
     1
 90
        3
176
     1
 62
     5
420
      255
176
     1
290
     0
176
     1
 90
       50
176
     1
 90
       50
176
     1
 90
       50
176
     1
290
     0
176
     1
 90
       50
176
     1
 62
   256
176
     0
 40
1.0
176
     0
 90
        2
176
     1
  1
strokes_ogs.tif
176
     1
290
     0
176
     1
 40
1.0
176
     1
 40
1.0
176
     1
1001
ACAD
1000
AcDbSavedByObjectVersion
1070
     0
  0
VISUALSTYLE
  5
D203
102
{ACAD_REACTORS
330
D1EF
102
}
330
D1EF
100
AcDbVisualStyle
  2
Shaded with edges
 70
    26
177
     3
291
     0
 70
    58
 90
        2
176
     1
 90
        2
176
     1
 90
        1
176
     1
 90
        2
176
     1
 40
0.6
176
     1
 40
30.0
176
     1
 62
     7
420
 16777215
176
     1
 90
        1
176
     1
 90
        2
176
     1
 62
     7
176
     1
 62
   257
176
     1
 90
        2
176
     1
 90
        1
176
     1
 40
1.0
176
     1
 90
        8
176
     1
 62
   257
176
     1
 40
1.0
176
     1
 90
        1
176
     1
 90
        6
176
     1
 90
        2
176
     1
 62
     7
176
     1
 90
        3
176
     1
 90
        0
176
     1
 90
        0
176
     1
290
     0
176
     1
 90
        5
176
     1
 40
0.0
176
     1
 90
        0
176
     1
290
     0
176
     1
290
     1
176
     1
290
     1
176
     1
290
     0
176
     1
290
     0
176
     1
290
     0
176
     1
290
     0
176
     1
290
     0
176
     1
290
     0
176
     1
 90
       50
176
     1
 40
0.0
176
     1
 40
1.0
176
     1
 90
        0
176
     1
 62
    18
420
        0
176
     1
 90
       50
176
     1
 90
        3
176
     1
 62
     5
420
      255
176
     1
290
     0
176
     1
 90
       50
176
     1
 90
       50
176
     1
 90
       50
176
     1
290
     0
176
     1
 90
       50
176
     1
 62
   256
176
     0
 40
1.0
176
     0
 90
        2
176
     1
  1
strokes_ogs.tif
176
     1
290
     0
176
     1
 40
1.0
176
     1
 40
1.0
176
     1
1001
ACAD
1000
AcDbSavedByObjectVersion
1070
     0
  0
VISUALSTYLE
  5
D200
102
{ACAD_REACTORS
330
D1EF
102
}
330
D1EF
100
AcDbVisualStyle
  2
Shades of Gray
 70
    23
177
     3
291
     0
 70
    58
 90
        2
176
     1
 90
        2
176
     1
 90
        3
176
     1
 90
        0
176
     1
 40
0.6
176
     1
 40
30.0
176
     1
 62
     7
420
 16777215
176
     1
 90
        2
176
     1
 90
        2
176
     1
 62
     7
176
     1
 62
     7
176
     1
 90
        1
176
     1
 90
        1
176
     1
 40
40.0
176
     1
 90
        8
176
     1
 62
     7
176
     1
 40
1.0
176
     1
 90
        1
176
     1
 90
        6
176
     1
 90
        2
176
     1
 62
     7
176
     1
 90
        3
176
     1
 90
        0
176
     1
 90
        0
176
     1
290
     0
176
     1
 90
        1
176
     1
 40
0.0
176
     1
 90
        0
176
     1
290
     0
176
     1
290
     1
176
     1
290
     1
176
     1
290
     0
176
     1
290
     0
176
     1
290
     0
176
     1
290
     0
176
     1
290
     0
176
     1
290
     0
176
     1
 90
       50
176
     1
 40
0.0
176
     1
 40
1.0
176
     1
 90
        0
176
     1
 62
    18
420
        0
176
     1
 90
       50
176
     1
 90
        3
176
     1
 62
     5
420
      255
176
     1
290
     0
176
     1
 90
       50
176
     1
 90
       50
176
     1
 90
       50
176
     1
290
     0
176
     1
 90
       50
176
     1
 62
   256
176
     0
 40
1.0
176
     0
 90
        2
176
     1
  1
strokes_ogs.tif
176
     1
290
     0
176
     1
 40
1.0
176
     1
 40
1.0
176
     1
1001
ACAD
1000
AcDbSavedByObjectVersion
1070
     0
  0
VISUALSTYLE
  5
D201
102
{ACAD_REACTORS
330
D1EF
102
}
330
D1EF
100
AcDbVisualStyle
  2
Sketchy
 70
    24
177
     3
291
     0
 70
    58
 90
        1
176
     1
 90
        2
176
     1
 90
        2
176
     1
 90
        0
176
     1
 40
0.6
176
     1
 40
30.0
176
     1
 62
     7
420
 16777215
176
     1
 90
        2
176
     1
 90
        2
176
     1
 62
     7
176
     1
 62
     7
176
     1
 90
        1
176
     1
 90
        1
176
     1
 40
40.0
176
     1
 90
       11
176
     1
 62
     7
176
     1
 40
1.0
176
     1
 90
        1
176
     1
 90
        6
176
     1
 90
        2
176
     1
 62
     7
176
     1
 90
        6
176
     1
 90
        0
176
     1
 90
        0
176
     1
290
     0
176
     1
 90
        1
176
     1
 40
0.0
176
     1
 90
        0
176
     1
290
     0
176
     1
290
     1
176
     1
290
     1
176
     1
290
     0
176
     1
290
     0
176
     1
290
     0
176
     1
290
     0
176
     1
290
     0
176
     1
290
     0
176
     1
 90
       50
176
     1
 40
0.0
176
     1
 40
1.0
176
     1
 90
        0
176
     1
 62
    18
420
        0
176
     1
 90
       50
176
     1
 90
        3
176
     1
 62
     5
420
      255
176
     1
290
     0
176
     1
 90
       50
176
     1
 90
       50
176
     1
 90
       50
176
     1
290
     0
176
     1
 90
       50
176
     1
 62
   256
176
     0
 40
1.0
176
     0
 90
        2
176
     1
  1
strokes_ogs.tif
176
     1
290
     0
176
     1
 40
1.0
176
     1
 40
1.0
176
     1
1001
ACAD
1000
AcDbSavedByObjectVersion
1070
     0
  0
VISUALSTYLE
  5
D1FC
102
{ACAD_REACTORS
330
D1EF
102
}
330
D1EF
100
AcDbVisualStyle
  2
Thicken
 70
    13
177
     3
291
     1
 70
    58
 90
        2
176
     1
 90
        2
176
     1
 90
        0
176
     1
 90
        0
176
     1
 40
0.6
176
     1
 40
30.0
176
     1
 62
     7
420
 16777215
176
     1
 90
        1
176
     1
 90
        4
176
     1
 62
     7
176
     1
 62
   257
176
     1
 90
        1
176
     1
 90
        1
176
     1
 40
1.0
176
     1
 90
       12
176
     1
 62
     7
176
     1
 40
1.0
176
     1
 90
        1
176
     1
 90
        6
176
     1
 90
        2
176
     1
 62
     7
176
     1
 90
        5
176
     1
 90
        0
176
     1
 90
        0
176
     1
290
     0
176
     1
 90
        1
176
     1
 40
0.0
176
     1
 90
        0
176
     1
290
     0
176
     1
290
     1
176
     1
290
     1
176
     1
290
     0
176
     1
290
     0
176
     1
290
     0
176
     1
290
     0
176
     1
290
     0
176
     1
290
     0
176
     1
 90
       50
176
     1
 40
0.0
176
     1
 40
1.0
176
     1
 90
        0
176
     1
 62
    18
420
        0
176
     1
 90
       50
176
     1
 90
        3
176
     1
 62
     5
420
      255
176
     1
290
     0
176
     1
 90
       50
176
     1
 90
       50
176
     1
 90
       50
176
     1
290
     0
176
     1
 90
       50
176
     1
 62
   256
176
     0
 40
1.0
176
     0
 90
        2
176
     1
  1
strokes_ogs.tif
176
     1
290
     0
176
     1
 40
1.0
176
     1
 40
1.0
176
     1
1001
ACAD
1000
AcDbSavedByObjectVersion
1070
     0
  0
VISUALSTYLE
  5
D1F6
102
{ACAD_REACTORS
330
D1EF
102
}
330
D1EF
100
AcDbVisualStyle
  2
Wireframe
 70
     5
177
     3
291
     0
 70
    58
 90
        0
176
     1
 90
        2
176
     1
 90
        0
176
     1
 90
        0
176
     1
 40
0.6
176
     1
 40
30.0
176
     1
 62
     7
420
 16777215
176
     1
 90
        1
176
     1
 90
        4
176
     1
 62
     7
176
     1
 62
   257
176
     1
 90
        1
176
     1
 90
        1
176
     1
 40
1.0
176
     1
 90
        0
176
     1
 62
   257
176
     1
 40
1.0
176
     1
 90
        1
176
     1
 90
        6
176
     1
 90
        2
176
     1
 62
     7
176
     1
 90
        3
176
     1
 90
        0
176
     1
 90
        0
176
     1
290
     0
176
     1
 90
        1
176
     1
 40
0.0
176
     1
 90
        0
176
     1
290
     0
176
     1
290
     1
176
     1
290
     1
176
     1
290
     0
176
     1
290
     0
176
     1
290
     0
176
     1
290
     0
176
     1
290
     0
176
     1
290
     0
176
     1
 90
       50
176
     1
 40
0.0
176
     1
 40
1.0
176
     1
 90
        0
176
     1
 62
    18
420
        0
176
     1
 90
       50
176
     1
 90
        3
176
     1
 62
     5
420
      255
176
     1
290
     0
176
     1
 90
       50
176
     1
 90
       50
176
     1
 90
       50
176
     1
290
     0
176
     1
 90
       50
176
     1
 62
   256
176
     0
 40
1.0
176
     0
 90
        2
176
     1
  1
strokes_ogs.tif
176
     1
290
     0
176
     1
 40
1.0
176
     1
 40
1.0
176
     1
1001
ACAD
1000
AcDbSavedByObjectVersion
1070
     0
  0
VISUALSTYLE
  5
D202
102
{ACAD_REACTORS
330
D1EF
102
}
330
D1EF
100
AcDbVisualStyle
  2
X-Ray
 70
    25
177
     3
291
     0
 70
    58
 90
        2
176
     1
 90
        2
176
     1
 90
        1
176
     1
 90
        1
176
     1
 40
0.5
176
     1
 40
30.0
176
     1
 62
     7
420
 16777215
176
     1
 90
        1
176
     1
 90
        0
176
     1
 62
     7
176
     1
 62
   257
176
     1
 90
        1
176
     1
 90
        1
176
     1
 40
1.0
176
     1
 90
        8
176
     1
 62
     7
176
     1
 40
1.0
176
     1
 90
        1
176
     1
 90
        6
176
     1
 90
        2
176
     1
 62
     7
176
     1
 90
        3
176
     1
 90
        0
176
     1
 90
        0
176
     1
290
     0
176
     1
 90
       13
176
     1
 40
0.0
176
     1
 90
        0
176
     1
290
     0
176
     1
290
     1
176
     1
290
     1
176
     1
290
     0
176
     1
290
     0
176
     1
290
     0
176
     1
290
     0
176
     1
290
     0
176
     1
290
     0
176
     1
 90
       50
176
     1
 40
0.0
176
     1
 40
1.0
176
     1
 90
        0
176
     1
 62
    18
420
        0
176
     1
 90
       50
176
     1
 90
        3
176
     1
 62
     5
420
      255
176
     1
290
     0
176
     1
 90
       50
176
     1
 90
       50
176
     1
 90
       50
176
     1
290
     0
176
     1
 90
       50
176
     1
 62
   256
176
     0
 40
1.0
176
     0
 90
        2
176
     1
  1
strokes_ogs.tif
176
     1
290
     0
176
     1
 40
1.0
176
     1
 40
1.0
176
     1
1001
ACAD
1000
AcDbSavedByObjectVersion
1070
     0
  0
DICTIONARYVAR
  5
D290
102
{ACAD_REACTORS
330
D228
102
}
330
D228
100
DictionaryVariables
280
     0
  1
1:1
  0
DICTIONARYVAR
  5
D28C
102
{ACAD_REACTORS
330
D228
102
}
330
D228
100
DictionaryVariables
280
     0
  1
STANDARD
  0
DICTIONARYVAR
  5
D28B
102
{ACAD_REACTORS
330
D228
102
}
330
D228
100
DictionaryVariables
280
     0
  1
STANDARD
  0
DICTIONARYVAR
  5
D28D
102
{ACAD_REACTORS
330
D228
102
}
330
D228
100
DictionaryVariables
280
     0
  1
Imperial24
  0
DICTIONARYVAR
  5
D28E
102
{ACAD_REACTORS
330
D228
102
}
330
D228
100
DictionaryVariables
280
     0
  1
Imperial24
  0
DICTIONARYVAR
  5
D292
102
{ACAD_REACTORS
330
D228
102
}
330
D228
100
DictionaryVariables
280
     0
  1
1
  0
DICTIONARYVAR
  5
D293
102
{ACAD_REACTORS
330
D228
102
}
330
D228
100
DictionaryVariables
280
     0
  1
15
  0
DICTIONARYVAR
  5
D291
102
{ACAD_REACTORS
330
D228
102
}
330
D228
100
DictionaryVariables
280
     0
  1
0
  0
DICTIONARYVAR
  5
D28F
102
{ACAD_REACTORS
330
D228
102
}
330
D228
100
DictionaryVariables
280
     0
  1
0
  0
DICTIONARY
  5
1847
102
{ACAD_REACTORS
330
1846
102
}
330
1846
100
AcDbDictionary
281
     1
  0
DICTIONARY
  5
1837
102
{ACAD_REACTORS
330
1836
102
}
330
1836
100
AcDbDictionary
281
     1
  0
DICTIONARY
  5
1856
102
{ACAD_REACTORS
330
1855
102
}
330
1855
100
AcDbDictionary
281
     1
  0
DICTIONARY
  5
1865
102
{ACAD_REACTORS
330
1864
102
}
330
1864
100
AcDbDictionary
281
     1
  0
DICTIONARY
  5
1875
102
{ACAD_REACTORS
330
1874
102
}
330
1874
100
AcDbDictionary
281
     1
  0
DICTIONARY
  5
41B6
102
{ACAD_REACTORS
330
41B5
102
}
330
41B5
100
AcDbDictionary
281
     1
  0
DICTIONARY
  5
16E2
102
{ACAD_REACTORS
330
16E1
102
}
330
16E1
100
AcDbDictionary
281
     1
  0
DICTIONARY
  5
16B2
102
{ACAD_REACTORS
330
16B1
102
}
330
16B1
100
AcDbDictionary
281
     1
  0
DICTIONARY
  5
16C2
102
{ACAD_REACTORS
330
16C1
102
}
330
16C1
100
AcDbDictionary
281
     1
  0
DICTIONARY
  5
4150
102
{ACAD_REACTORS
330
414F
102
}
330
414F
100
AcDbDictionary
281
     1
  0
DICTIONARY
  5
16D2
102
{ACAD_REACTORS
330
16D1
102
}
330
16D1
100
AcDbDictionary
281
     1
  0
DICTIONARY
  5
161E
102
{ACAD_REACTORS
330
161D
102
}
330
161D
100
AcDbDictionary
281
     1
  0
DICTIONARY
  5
15CA
102
{ACAD_REACTORS
330
15C9
102
}
330
15C9
100
AcDbDictionary
281
     1
  0
DICTIONARY
  5
16F3
102
{ACAD_REACTORS
330
16F2
102
}
330
16F2
100
AcDbDictionary
281
     1
  0
DICTIONARY
  5
275D
102
{ACAD_REACTORS
330
275C
102
}
330
275C
100
AcDbDictionary
281
     1
  0
DICTIONARY
  5
276E
102
{ACAD_REACTORS
330
276D
102
}
330
276D
100
AcDbDictionary
281
     1
  0
DICTIONARY
  5
2791
102
{ACAD_REACTORS
330
2790
102
}
330
2790
100
AcDbDictionary
281
     1
  0
DICTIONARY
  5
4186
102
{ACAD_REACTORS
330
4185
102
}
330
4185
100
AcDbDictionary
281
     1
  3
*A1
350
CEB7
  0
DICTIONARY
  5
418D
102
{ACAD_REACTORS
330
418C
102
}
330
418C
100
AcDbDictionary
281
     1
  3
*A1
350
CEBB
  0
DICTIONARY
  5
27DF
102
{ACAD_REACTORS
330
27DE
102
}
330
27DE
100
AcDbDictionary
281
     1
  0
DICTIONARY
  5
2780
102
{ACAD_REACTORS
330
277F
102
}
330
277F
100
AcDbDictionary
281
     1
  0
DICTIONARY
  5
5291
102
{ACAD_REACTORS
330
5290
102
}
330
5290
100
AcDbDictionary
281
     1
  0
DICTIONARY
  5
5280
102
{ACAD_REACTORS
330
527F
102
}
330
527F
100
AcDbDictionary
281
     1
  0
DICTIONARY
  5
52A2
102
{ACAD_REACTORS
330
52A1
102
}
330
52A1
100
AcDbDictionary
281
     1
  0
DICTIONARY
  5
1783
102
{ACAD_REACTORS
330
1782
102
}
330
1782
100
AcDbDictionary
281
     1
  0
DICTIONARY
  5
1714
102
{ACAD_REACTORS
330
1713
102
}
330
1713
100
AcDbDictionary
281
     1
  0
DICTIONARY
  5
1703
102
{ACAD_REACTORS
330
1702
102
}
330
1702
100
AcDbDictionary
281
     1
  0
DICTIONARY
  5
3457
102
{ACAD_REACTORS
330
3456
102
}
330
3456
100
AcDbDictionary
281
     1
  3
*A1
350
CEC7
  0
DICTIONARY
  5
367C
102
{ACAD_REACTORS
330
367B
102
}
330
367B
100
AcDbDictionary
281
     1
  3
*A1
350
CECB
  0
DICTIONARY
  5
41CE
102
{ACAD_REACTORS
330
41CD
102
}
330
41CD
100
AcDbDictionary
281
     1
  0
DICTIONARY
  5
41E3
102
{ACAD_REACTORS
330
41E2
102
}
330
41E2
100
AcDbDictionary
281
     1
  0
DICTIONARY
  5
5D35
102
{ACAD_REACTORS
330
5D34
102
}
330
5D34
100
AcDbDictionary
281
     1
  3
*A1
350
CEDA
  0
DICTIONARY
  5
600B
102
{ACAD_REACTORS
330
600A
102
}
330
600A
100
AcDbDictionary
281
     1
  0
DICTIONARY
  5
23EC
102
{ACAD_REACTORS
330
23EA
102
}
330
23EA
100
AcDbDictionary
280
     1
281
     1
  3
ACAD_ENHANCEDBLOCKDATA
360
23ED
  0
DICTIONARY
  5
2403
102
{ACAD_REACTORS
330
2401
102
}
330
2401
100
AcDbDictionary
280
     1
281
     1
  3
ACAD_ENHANCEDBLOCKDATA
360
2404
  0
DICTIONARY
  5
241A
102
{ACAD_REACTORS
330
2418
102
}
330
2418
100
AcDbDictionary
280
     1
281
     1
  3
ACAD_ENHANCEDBLOCKDATA
360
241B
  0
DICTIONARY
  5
2431
102
{ACAD_REACTORS
330
242F
102
}
330
242F
100
AcDbDictionary
280
     1
281
     1
  3
ACAD_ENHANCEDBLOCKDATA
360
2432
  0
DICTIONARY
  5
D29A
330
D222
100
AcDbDictionary
280
     1
281
     1
  3
ACAD_XREC_ROUNDTRIP
360
D29B
  0
DICTIONARY
  5
D1E0
330
D1DF
100
AcDbDictionary
280
     1
281
     1
  3
BUMPTILE
360
D1E2
  3
DIFFUSETILE
360
D1E1
  3
OPACITYTILE
360
D1E5
  3
REFLECTIONTILE
360
D1E4
  3
REFRACTIONTILE
360
D1E6
  3
SPECULARTILE
360
D1E3
  0
DICTIONARY
  5
D1D8
330
D1D7
100
AcDbDictionary
280
     1
281
     1
  3
BUMPTILE
360
D1DA
  3
DIFFUSETILE
360
D1D9
  3
OPACITYTILE
360
D1DD
  3
REFLECTIONTILE
360
D1DC
  3
REFRACTIONTILE
360
D1DE
  3
SPECULARTILE
360
D1DB
  0
DICTIONARY
  5
D1E8
330
D1E7
100
AcDbDictionary
280
     1
281
     1
  3
BUMPTILE
360
D1EA
  3
DIFFUSETILE
360
D1E9
  3
OPACITYTILE
360
D1ED
  3
REFLECTIONTILE
360
D1EC
  3
REFRACTIONTILE
360
D1EE
  3
SPECULARTILE
360
D1EB
  0
DICTIONARY
  5
D298
330
D220
100
AcDbDictionary
280
     1
281
     1
  3
ACAD_XREC_ROUNDTRIP
360
D299
  0
DICTIONARY
  5
D295
330
D20A
100
AcDbDictionary
280
     1
281
     1
  3
ACAD_ROUNDTRIP_2008_TABLESTYLE_CELLSTYLEMAP
360
D296
  0
ACDB_MTEXTOBJECTCONTEXTDATA_CLASS
  5
CEB7
102
{ACAD_REACTORS
330
4186
102
}
330
4186
100
AcDbObjectContextData
 70
     4
290
     1
100
AcDbAnnotScaleObjectContextData
340
D0
 70
     1
 10
1.0
 20
0.0
 30
0.0
 11
540.736611618674
 21
176.972011020955
 31
0.0
 40
0.0
 41
0.0
 42
27.00983654960073
 43
2.340148154432453
 71
     0
  0
ACDB_MTEXTOBJECTCONTEXTDATA_CLASS
  5
CEBB
102
{ACAD_REACTORS
330
418D
102
}
330
418D
100
AcDbObjectContextData
 70
     4
290
     1
100
AcDbAnnotScaleObjectContextData
340
D0
 70
     1
 10
1.0
 20
0.0
 30
0.0
 11
378.973634794414
 21
247.472011020956
 31
0.0
 40
0.0
 41
0.0
 42
37.44740673160821
 43
1.505185189227255
 71
     0
  0
ACDB_MTEXTOBJECTCONTEXTDATA_CLASS
  5
CEC7
102
{ACAD_REACTORS
330
3457
102
}
330
3457
100
AcDbObjectContextData
 70
     4
290
     1
100
AcDbAnnotScaleObjectContextData
340
CE
 70
     1
 10
1.0
 20
0.0
 30
0.0
 11
514.402063107031
 21
291.456025825009
 31
0.0
 40
14.9216488450038
 41
0.0
 42
8.542856965746182
 43
3.0
 71
     0
  0
ACDB_MTEXTOBJECTCONTEXTDATA_CLASS
  5
CECB
102
{ACAD_REACTORS
330
367C
102
}
330
367C
100
AcDbObjectContextData
 70
     4
290
     1
100
AcDbAnnotScaleObjectContextData
340
D0
 70
     1
 10
1.0
 20
0.0
 30
0.0
 11
471.081586790621
 21
284.064547866376
 31
0.0
 40
15.403073608134
 41
0.0
 42
3.714285714285713
 43
1.5
 71
     0
  0
ACDB_MTEXTOBJECTCONTEXTDATA_CLASS
  5
CEDA
102
{ACAD_REACTORS
330
5D35
102
}
330
5D35
100
AcDbObjectContextData
 70
     4
290
     1
100
AcDbAnnotScaleObjectContextData
340
CE
 70
     1
 10
1.0
 20
0.0
 30
0.0
 11
906.120692272006
 21
199.030393990223
 31
0.0
 40
14.9216488450038
 41
0.0
 42
8.542856965746182
 43
3.0
 71
     0
  0
DICTIONARY
  5
23ED
102
{ACAD_REACTORS
330
23EC
102
}
330
23EC
100
AcDbDictionary
280
     1
281
     1
  3
80
360
23EE
  0
DICTIONARY
  5
2404
102
{ACAD_REACTORS
330
2403
102
}
330
2403
100
AcDbDictionary
280
     1
281
     1
  3
80
360
2405
  0
DICTIONARY
  5
241B
102
{ACAD_REACTORS
330
241A
102
}
330
241A
100
AcDbDictionary
280
     1
281
     1
  3
80
360
241C
  0
DICTIONARY
  5
2432
102
{ACAD_REACTORS
330
2431
102
}
330
2431
100
AcDbDictionary
280
     1
281
     1
  3
80
360
2433
  0
XRECORD
  5
D29B
102
{ACAD_REACTORS
330
D29A
102
}
330
D29A
100
AcDbXrecord
280
     1
102
DISPLAYNAME
  1
Imperial24
102
FLAGS
 90
        0
  0
XRECORD
  5
D1E2
102
{ACAD_REACTORS
330
D1E0
102
}
330
D1E0
100
AcDbXrecord
280
     1
270
     1
271
     1
  0
XRECORD
  5
D1E1
102
{ACAD_REACTORS
330
D1E0
102
}
330
D1E0
100
AcDbXrecord
280
     1
270
     1
271
     1
  0
XRECORD
  5
D1E5
102
{ACAD_REACTORS
330
D1E0
102
}
330
D1E0
100
AcDbXrecord
280
     1
270
     1
271
     1
  0
XRECORD
  5
D1E4
102
{ACAD_REACTORS
330
D1E0
102
}
330
D1E0
100
AcDbXrecord
280
     1
270
     1
271
     1
  0
XRECORD
  5
D1E6
102
{ACAD_REACTORS
330
D1E0
102
}
330
D1E0
100
AcDbXrecord
280
     1
270
     1
271
     1
  0
XRECORD
  5
D1E3
102
{ACAD_REACTORS
330
D1E0
102
}
330
D1E0
100
AcDbXrecord
280
     1
270
     1
271
     1
  0
XRECORD
  5
D1DA
102
{ACAD_REACTORS
330
D1D8
102
}
330
D1D8
100
AcDbXrecord
280
     1
270
     1
271
     1
  0
XRECORD
  5
D1D9
102
{ACAD_REACTORS
330
D1D8
102
}
330
D1D8
100
AcDbXrecord
280
     1
270
     1
271
     1
  0
XRECORD
  5
D1DD
102
{ACAD_REACTORS
330
D1D8
102
}
330
D1D8
100
AcDbXrecord
280
     1
270
     1
271
     1
  0
XRECORD
  5
D1DC
102
{ACAD_REACTORS
330
D1D8
102
}
330
D1D8
100
AcDbXrecord
280
     1
270
     1
271
     1
  0
XRECORD
  5
D1DE
102
{ACAD_REACTORS
330
D1D8
102
}
330
D1D8
100
AcDbXrecord
280
     1
270
     1
271
     1
  0
XRECORD
  5
D1DB
102
{ACAD_REACTORS
330
D1D8
102
}
330
D1D8
100
AcDbXrecord
280
     1
270
     1
271
     1
  0
XRECORD
  5
D1EA
102
{ACAD_REACTORS
330
D1E8
102
}
330
D1E8
100
AcDbXrecord
280
     1
270
     1
271
     1
  0
XRECORD
  5
D1E9
102
{ACAD_REACTORS
330
D1E8
102
}
330
D1E8
100
AcDbXrecord
280
     1
270
     1
271
     1
  0
XRECORD
  5
D1ED
102
{ACAD_REACTORS
330
D1E8
102
}
330
D1E8
100
AcDbXrecord
280
     1
270
     1
271
     1
  0
XRECORD
  5
D1EC
102
{ACAD_REACTORS
330
D1E8
102
}
330
D1E8
100
AcDbXrecord
280
     1
270
     1
271
     1
  0
XRECORD
  5
D1EE
102
{ACAD_REACTORS
330
D1E8
102
}
330
D1E8
100
AcDbXrecord
280
     1
270
     1
271
     1
  0
XRECORD
  5
D1EB
102
{ACAD_REACTORS
330
D1E8
102
}
330
D1E8
100
AcDbXrecord
280
     1
270
     1
271
     1
  0
XRECORD
  5
D299
102
{ACAD_REACTORS
330
D298
102
}
330
D298
100
AcDbXrecord
280
     1
102
DISPLAYNAME
  1
Imperial24
102
FLAGS
 90
        0
  0
CELLSTYLEMAP
  5
D296
102
{ACAD_REACTORS
330
D295
102
}
330
D295
100
AcDbCellStyleMap
 90
        3
300
CELLSTYLE
  1
TABLEFORMAT_BEGIN
 90
        5
170
     1
 91
        0
 92
    32768
 62
   257
 93
        1
300
CONTENTFORMAT
  1
CONTENTFORMAT_BEGIN
 90
        0
 91
        0
 92
      512
 93
        0
300

 40
0.0
140
1.0
 94
        5
 62
     0
340
11
144
0.25
309
CONTENTFORMAT_END
171
     0
 94
        0
309
TABLEFORMAT_END
  1
CELLSTYLE_BEGIN
 90
        1
 91
        1
300
_TITLE
309
CELLSTYLE_END
300
CELLSTYLE
  1
TABLEFORMAT_BEGIN
 90
        5
170
     1
 91
        0
 92
        0
 62
   257
 93
        1
300
CONTENTFORMAT
  1
CONTENTFORMAT_BEGIN
 90
        0
 91
        0
 92
      512
 93
        0
300

 40
0.0
140
1.0
 94
        5
 62
     0
340
11
144
0.18
309
CONTENTFORMAT_END
171
     0
 94
        0
309
TABLEFORMAT_END
  1
CELLSTYLE_BEGIN
 90
        2
 91
        1
300
_HEADER
309
CELLSTYLE_END
300
CELLSTYLE
  1
TABLEFORMAT_BEGIN
 90
        5
170
     1
 91
        0
 92
        0
 62
   257
 93
        1
300
CONTENTFORMAT
  1
CONTENTFORMAT_BEGIN
 90
        0
 91
        0
 92
      512
 93
        0
300

 40
0.0
140
1.0
 94
        2
 62
     0
340
11
144
0.18
309
CONTENTFORMAT_END
171
     0
 94
        0
309
TABLEFORMAT_END
  1
CELLSTYLE_BEGIN
 90
        3
 91
        2
300
_DATA
309
CELLSTYLE_END
  0
XRECORD
  5
23EE
102
{ACAD_REACTORS
330
23ED
102
}
330
23ED
100
AcDbXrecord
280
     1
 10
0.8423254830985559
 20
-0.5126107372528001
 30
0.0
 10
2.117012414062909
 20
-0.5126107372528001
 30
0.0
  0
XRECORD
  5
2405
102
{ACAD_REACTORS
330
2404
102
}
330
2404
100
AcDbXrecord
280
     1
 10
0.8423254830985559
 20
-0.5126107372528001
 30
0.0
 10
2.1159189637018
 20
-0.5126107372528001
 30
0.0
  0
XRECORD
  5
241C
102
{ACAD_REACTORS
330
241B
102
}
330
241B
100
AcDbXrecord
280
     1
 10
0.8423254830985559
 20
-0.5126107372528001
 30
0.0
 10
1.927220680156389
 20
-0.5126107372528001
 30
0.0
  0
XRECORD
  5
2433
102
{ACAD_REACTORS
330
2432
102
}
330
2432
100
AcDbXrecord
280
     1
 10
0.8423254830985559
 20
-0.5126107372528001
 30
0.0
 10
1.93542138353747
 20
-0.5126107372528001
 30
0.0
  0
ENDSEC
  0
EOF
