  0
SECTION
  2
HEADER
  9
$ACADVER
  1
AC1027
  9
$ACADMAINTVER
 70
   125
  9
$DWGCODEPAGE
  3
ANSI_936
  9
$LASTSAVEDBY
  1
admin
  9
$REQUIREDVERSIONS
160
                 0
  9
$INSBASE
 10
0.0
 20
0.0
 30
0.0
  9
$EXTMIN
 10
-410.0
 20
-2.730645984884497
 30
0.0
  9
$EXTMAX
 10
-10.0
 20
287.0
 30
0.0
  9
$LIMMIN
 10
0.0
 20
0.0
  9
$LIMMAX
 10
420.0
 20
297.0
  9
$ORTHOMODE
 70
     1
  9
$REGENMODE
 70
     1
  9
$FILLMODE
 70
     1
  9
$QTEXTMODE
 70
     0
  9
$MIRRTEXT
 70
     0
  9
$LTSCALE
 40
0.35
  9
$ATTMODE
 70
     1
  9
$TEXTSIZE
 40
3.5
  9
$TRACEWID
 40
1.0
  9
$TEXTSTYLE
  7
ARIAL 3-5
  9
$CLAYER
  8
Inner thicker
  9
$CELTYPE
  6
ByLayer
  9
$CECOLOR
 62
   256
  9
$CELTSCALE
 40
1.0
  9
$DISPSILH
 70
     0
  9
$DIMSCALE
 40
0.0
  9
$DIMASZ
 40
2.5
  9
$DIMEXO
 40
0.625
  9
$DIMDLI
 40
3.75
  9
$DIMRND
 40
0.0
  9
$DIMDLE
 40
0.0
  9
$DIMEXE
 40
1.25
  9
$DIMTP
 40
0.0
  9
$DIMTM
 40
0.0
  9
$DIMTXT
 40
2.5
  9
$DIMCEN
 40
0.0
  9
$DIMTSZ
 40
0.0
  9
$DIMTOL
 70
     0
  9
$DIMLIM
 70
     0
  9
$DIMTIH
 70
     0
  9
$DIMTOH
 70
     0
  9
$DIMSE1
 70
     0
  9
$DIMSE2
 70
     0
  9
$DIMTAD
 70
     1
  9
$DIMZIN
 70
     8
  9
$DIMBLK
  1

  9
$DIMASO
 70
     1
  9
$DIMSHO
 70
     1
  9
$DIMPOST
  1

  9
$DIMAPOST
  1

  9
$DIMALT
 70
     0
  9
$DIMALTD
 70
     3
  9
$DIMALTF
 40
0.03937007874016
  9
$DIMLFAC
 40
1.0
  9
$DIMTOFL
 70
     1
  9
$DIMTVP
 40
0.0
  9
$DIMTIX
 70
     1
  9
$DIMSOXD
 70
     0
  9
$DIMSAH
 70
     0
  9
$DIMBLK1
  1

  9
$DIMBLK2
  1

  9
$DIMSTYLE
  2
Copy of ISO-25
  9
$DIMCLRD
 70
     0
  9
$DIMCLRE
 70
     0
  9
$DIMCLRT
 70
     0
  9
$DIMTFAC
 40
1.0
  9
$DIMGAP
 40
0.625
  9
$DIMJUST
 70
     0
  9
$DIMSD1
 70
     0
  9
$DIMSD2
 70
     0
  9
$DIMTOLJ
 70
     0
  9
$DIMTZIN
 70
     8
  9
$DIMALTZ
 70
     0
  9
$DIMALTTZ
 70
     0
  9
$DIMUPT
 70
     0
  9
$DIMDEC
 70
     2
  9
$DIMTDEC
 70
     2
  9
$DIMALTU
 70
     2
  9
$DIMALTTD
 70
     3
  9
$DIMTXSTY
  7
Standard
  9
$DIMAUNIT
 70
     0
  9
$DIMADEC
 70
     0
  9
$DIMALTRND
 40
0.0
  9
$DIMAZIN
 70
     0
  9
$DIMDSEP
 70
    44
  9
$DIMATFIT
 70
     0
  9
$DIMFRAC
 70
     0
  9
$DIMLDRBLK
  1

  9
$DIMLUNIT
 70
     2
  9
$DIMLWD
 70
    -2
  9
$DIMLWE
 70
    -2
  9
$DIMTMOVE
 70
     0
  9
$DIMFXL
 40
1.0
  9
$DIMFXLON
 70
     0
  9
$DIMJOGANG
 40
1.570796326794896
  9
$DIMTFILL
 70
     0
  9
$DIMTFILLCLR
 70
     0
  9
$DIMARCSYM
 70
     0
  9
$DIMLTYPE
  6

  9
$DIMLTEX1
  6

  9
$DIMLTEX2
  6

  9
$DIMTXTDIRECTION
 70
     0
  9
$LUNITS
 70
     2
  9
$LUPREC
 70
     4
  9
$SKETCHINC
 40
1.0
  9
$FILLETRAD
 40
5.0
  9
$AUNITS
 70
     0
  9
$AUPREC
 70
     0
  9
$MENU
  1
.
  9
$ELEVATION
 40
0.0
  9
$PELEVATION
 40
0.0
  9
$THICKNESS
 40
0.0
  9
$LIMCHECK
 70
     0
  9
$CHAMFERA
 40
0.0
  9
$CHAMFERB
 40
0.0
  9
$CHAMFERC
 40
0.0
  9
$CHAMFERD
 40
0.0
  9
$SKPOLY
 70
     0
  9
$TDCREATE
 40
2456251.384224537
  9
$TDUCREATE
 40
2456251.050894086
  9
$TDUPDATE
 40
2460701.625694444
  9
$TDUUPDATE
 40
2460701.292361111
  9
$TDINDWG
 40
0.1702564468
  9
$TDUSRTIMER
 40
0.1702515972
  9
$USRTIMER
 70
     1
  9
$ANGBASE
 50
0.0
  9
$ANGDIR
 70
     0
  9
$PDMODE
 70
     0
  9
$PDSIZE
 40
0.0
  9
$PLINEWID
 40
0.0
  9
$SPLFRAME
 70
     0
  9
$SPLINETYPE
 70
     6
  9
$SPLINESEGS
 70
     8
  9
$HANDSEED
  5
1A62
  9
$SURFTAB1
 70
     6
  9
$SURFTAB2
 70
     6
  9
$SURFTYPE
 70
     6
  9
$SURFU
 70
     6
  9
$SURFV
 70
     6
  9
$UCSBASE
  2

  9
$UCSNAME
  2

  9
$UCSORG
 10
0.0
 20
0.0
 30
0.0
  9
$UCSXDIR
 10
1.0
 20
0.0
 30
0.0
  9
$UCSYDIR
 10
0.0
 20
1.0
 30
0.0
  9
$UCSORTHOREF
  2

  9
$UCSORTHOVIEW
 70
     0
  9
$UCSORGTOP
 10
0.0
 20
0.0
 30
0.0
  9
$UCSORGBOTTOM
 10
0.0
 20
0.0
 30
0.0
  9
$UCSORGLEFT
 10
0.0
 20
0.0
 30
0.0
  9
$UCSORGRIGHT
 10
0.0
 20
0.0
 30
0.0
  9
$UCSORGFRONT
 10
0.0
 20
0.0
 30
0.0
  9
$UCSORGBACK
 10
0.0
 20
0.0
 30
0.0
  9
$PUCSBASE
  2

  9
$PUCSNAME
  2

  9
$PUCSORG
 10
0.0
 20
0.0
 30
0.0
  9
$PUCSXDIR
 10
1.0
 20
0.0
 30
0.0
  9
$PUCSYDIR
 10
0.0
 20
1.0
 30
0.0
  9
$PUCSORTHOREF
  2

  9
$PUCSORTHOVIEW
 70
     0
  9
$PUCSORGTOP
 10
0.0
 20
0.0
 30
0.0
  9
$PUCSORGBOTTOM
 10
0.0
 20
0.0
 30
0.0
  9
$PUCSORGLEFT
 10
0.0
 20
0.0
 30
0.0
  9
$PUCSORGRIGHT
 10
0.0
 20
0.0
 30
0.0
  9
$PUCSORGFRONT
 10
0.0
 20
0.0
 30
0.0
  9
$PUCSORGBACK
 10
0.0
 20
0.0
 30
0.0
  9
$USERI1
 70
     0
  9
$USERI2
 70
     0
  9
$USERI3
 70
     0
  9
$USERI4
 70
     0
  9
$USERI5
 70
     0
  9
$USERR1
 40
0.0
  9
$USERR2
 40
0.0
  9
$USERR3
 40
0.0
  9
$USERR4
 40
0.0
  9
$USERR5
 40
0.0
  9
$WORLDVIEW
 70
     1
  9
$SHADEDGE
 70
     3
  9
$SHADEDIF
 70
    70
  9
$TILEMODE
 70
     1
  9
$MAXACTVP
 70
    64
  9
$PINSBASE
 10
0.0
 20
0.0
 30
0.0
  9
$PLIMCHECK
 70
     0
  9
$PEXTMIN
 10
1.000000000000000E+20
 20
1.000000000000000E+20
 30
1.000000000000000E+20
  9
$PEXTMAX
 10
-1.000000000000000E+20
 20
-1.000000000000000E+20
 30
-1.000000000000000E+20
  9
$PLIMMIN
 10
0.0
 20
0.0
  9
$PLIMMAX
 10
420.0
 20
297.0
  9
$UNITMODE
 70
     0
  9
$VISRETAIN
 70
     1
  9
$PLINEGEN
 70
     0
  9
$PSLTSCALE
 70
     1
  9
$TREEDEPTH
 70
  3020
  9
$CMLSTYLE
  2
Standard
  9
$CMLJUST
 70
     0
  9
$CMLSCALE
 40
20.0
  9
$PROXYGRAPHICS
 70
     1
  9
$MEASUREMENT
 70
     1
  9
$CELWEIGHT
370
    -1
  9
$ENDCAPS
280
     0
  9
$JOINSTYLE
280
     0
  9
$LWDISPLAY
290
     0
  9
$INSUNITS
 70
     4
  9
$HYPERLINKBASE
  1

  9
$STYLESHEET
  1
monochrome.ctb
  9
$XEDIT
290
     1
  9
$CEPSNTYPE
380
     0
  9
$PSTYLEMODE
290
     1
  9
$FINGERPRINTGUID
  2
{484E697A-E60C-4369-BD6B-9AB5C5272CE2}
  9
$VERSIONGUID
  2
{4E278056-72EB-1548-9584-D3EF429C86F1}
  9
$EXTNAMES
290
     1
  9
$PSVPSCALE
 40
0.0
  9
$OLESTARTUP
290
     0
  9
$SORTENTS
280
   127
  9
$INDEXCTL
280
     0
  9
$HIDETEXT
280
     1
  9
$XCLIPFRAME
280
     2
  9
$HALOGAP
280
     0
  9
$OBSCOLOR
 70
   257
  9
$OBSLTYPE
280
     0
  9
$INTERSECTIONDISPLAY
280
     0
  9
$INTERSECTIONCOLOR
 70
   257
  9
$DIMASSOC
280
     2
  9
$PROJECTNAME
  1

  9
$CAMERADISPLAY
290
     0
  9
$LENSLENGTH
 40
50.0
  9
$CAMERAHEIGHT
 40
0.0
  9
$STEPSPERSEC
 40
2.0
  9
$STEPSIZE
 40
6.0
  9
$3DDWFPREC
 40
2.0
  9
$PSOLWIDTH
 40
0.25
  9
$PSOLHEIGHT
 40
4.0
  9
$LOFTANG1
 40
1.570796326794896
  9
$LOFTANG2
 40
1.570796326794896
  9
$LOFTMAG1
 40
0.0
  9
$LOFTMAG2
 40
0.0
  9
$LOFTPARAM
 70
     7
  9
$LOFTNORMALS
280
     1
  9
$LATITUDE
 40
37.795
  9
$LONGITUDE
 40
-122.394
  9
$NORTHDIRECTION
 40
0.0
  9
$TIMEZONE
 70
 -8000
  9
$LIGHTGLYPHDISPLAY
280
     1
  9
$TILEMODELIGHTSYNCH
280
     1
  9
$CMATERIAL
347
11
  9
$SOLIDHIST
280
     1
  9
$SHOWHIST
280
     1
  9
$DWFFRAME
280
     2
  9
$DGNFRAME
280
     0
  9
$REALWORLDSCALE
290
     1
  9
$INTERFERECOLOR
 62
     1
  9
$INTERFEREOBJVS
345
33
  9
$INTERFEREVPVS
346
30
  9
$CSHADOW
280
     0
  9
$SHADOWPLANELOCATION
 40
0.0
  0
ENDSEC
  0
SECTION
  2
CLASSES
  0
CLASS
  1
ACDBDICTIONARYWDFLT
  2
AcDbDictionaryWithDefault
  3
ObjectDBX Classes
 90
        0
 91
        1
280
     0
281
     0
  0
CLASS
  1
MATERIAL
  2
AcDbMaterial
  3
ObjectDBX Classes
 90
     1153
 91
        3
280
     0
281
     0
  0
CLASS
  1
VISUALSTYLE
  2
AcDbVisualStyle
  3
ObjectDBX Classes
 90
     4095
 91
       24
280
     0
281
     0
  0
CLASS
  1
SCALE
  2
AcDbScale
  3
ObjectDBX Classes
 90
     1153
 91
       17
280
     0
281
     0
  0
CLASS
  1
TABLESTYLE
  2
AcDbTableStyle
  3
ObjectDBX Classes
 90
     4095
 91
        1
280
     0
281
     0
  0
CLASS
  1
MLEADERSTYLE
  2
AcDbMLeaderStyle
  3
ACDB_MLEADERSTYLE_CLASS
 90
     4095
 91
        2
280
     0
281
     0
  0
CLASS
  1
EXACXREFPANELOBJECT
  2
ExAcXREFPanelObject
  3
EXAC_ESW
 90
     1025
 91
        0
280
     0
281
     0
  0
CLASS
  1
NPOCOLLECTION
  2
AcDbImpNonPersistentObjectsCollection
  3
ObjectDBX Classes
 90
     1153
 91
        0
280
     0
281
     0
  0
CLASS
  1
DICTIONARYVAR
  2
AcDbDictionaryVar
  3
ObjectDBX Classes
 90
        0
 91
        6
280
     0
281
     0
  0
CLASS
  1
SORTENTSTABLE
  2
AcDbSortentsTable
  3
ObjectDBX Classes
 90
        0
 91
        1
280
     0
281
     0
  0
CLASS
  1
DIMASSOC
  2
AcDbDimAssoc
  3
"AcDbDimAssoc|Product Desc:     AcDim ARX App For Dimension|Company:          Autodesk, Inc.|WEB Address:      www.autodesk.com"
 90
        0
 91
       10
280
     0
281
     0
  0
CLASS
  1
MULTILEADER
  2
AcDbMLeader
  3
ACDB_MLEADER_CLASS
 90
     1025
 91
        6
280
     0
281
     1
  0
CLASS
  1
ACDB_ALDIMOBJECTCONTEXTDATA_CLASS
  2
AcDbAlignedDimensionObjectContextData
  3
ObjectDBX Classes
 90
     1153
 91
        0
280
     0
281
     0
  0
CLASS
  1
ACDBSECTIONVIEWSTYLE
  2
AcDbSectionViewStyle
  3
ObjectDBX Classes
 90
     1025
 91
        1
280
     0
281
     0
  0
CLASS
  1
ACDBDETAILVIEWSTYLE
  2
AcDbDetailViewStyle
  3
ObjectDBX Classes
 90
     1025
 91
        1
280
     0
281
     0
  0
CLASS
  1
CELLSTYLEMAP
  2
AcDbCellStyleMap
  3
ObjectDBX Classes
 90
     1152
 91
        1
280
     0
281
     0
  0
ENDSEC
  0
SECTION
  2
TABLES
  0
TABLE
  2
VPORT
  5
8
330
0
100
AcDbSymbolTable
 70
     1
1001
ACAD
1000
DbSaveVer
1071
      298
  0
VPORT
  5
57
330
8
100
AcDbSymbolTableRecord
100
AcDbViewportTableRecord
  2
*Active
 70
     0
 10
0.0
 20
0.0
 11
1.0
 21
1.0
 12
-191.2552094960578
 22
146.4968401995333
 13
0.0
 23
0.0
 14
10.0
 24
10.0
 15
10.0
 25
10.0
 16
0.0
 26
0.0
 36
1.0
 17
0.0
 27
0.0
 37
0.0
 40
298.5392926751854
 41
2.030222693531283
 42
50.0
 43
0.0
 44
0.0
 50
0.0
 51
0.0
 71
     0
 72
  1000
 73
     1
 74
     3
 75
     0
 76
     0
 77
     0
 78
     0
281
     0
 65
     1
110
0.0
120
0.0
130
0.0
111
1.0
121
0.0
131
0.0
112
0.0
122
1.0
132
0.0
 79
     0
146
0.0
348
2F
 60
     3
 61
     5
292
     1
282
     1
141
0.0
142
0.0
 63
   250
421
  3355443
1001
ACAD_NAV_VCDISPLAY
1070
     3
  0
ENDTAB
  0
TABLE
  2
LTYPE
  5
5
330
0
100
AcDbSymbolTable
 70
     6
  0
LTYPE
  5
5B
330
5
100
AcDbSymbolTableRecord
100
AcDbLinetypeTableRecord
  2
ByBlock
 70
     0
  3

 72
    65
 73
     0
 40
0.0
  0
LTYPE
  5
5C
330
5
100
AcDbSymbolTableRecord
100
AcDbLinetypeTableRecord
  2
ByLayer
 70
     0
  3

 72
    65
 73
     0
 40
0.0
  0
LTYPE
  5
5D
330
5
100
AcDbSymbolTableRecord
100
AcDbLinetypeTableRecord
  2
Continuous
 70
     0
  3
Solid line
 72
    65
 73
     0
 40
0.0
  0
LTYPE
  5
102
330
5
100
AcDbSymbolTableRecord
100
AcDbLinetypeTableRecord
  2
CENTER2
 70
     0
  3
Center (.5x) ___ _ ___ _ ___ _ ___ _ ___ _ ___
 72
    65
 73
     4
 40
28.575
 49
19.05
 74
     0
 49
-3.174999999999999
 74
     0
 49
3.174999999999999
 74
     0
 49
-3.174999999999999
 74
     0
  0
LTYPE
  5
103
330
5
100
AcDbSymbolTableRecord
100
AcDbLinetypeTableRecord
  2
PHANTOM2
 70
     0
  3
Phantom (.5x) ___ _ _ ___ _ _ ___ _ _ ___ _ _
 72
    65
 73
     6
 40
31.75
 49
15.875
 74
     0
 49
-3.174999999999999
 74
     0
 49
3.174999999999999
 74
     0
 49
-3.174999999999999
 74
     0
 49
3.174999999999999
 74
     0
 49
-3.174999999999999
 74
     0
  0
LTYPE
  5
154
330
5
100
AcDbSymbolTableRecord
100
AcDbLinetypeTableRecord
  2
CENTER
 70
     0
  3
Center ____ _ ____ _ ____ _ ____ _ ____ _ ____
 72
    65
 73
     4
 40
50.8
 49
31.75
 74
     0
 49
-6.349999999999999
 74
     0
 49
6.349999999999999
 74
     0
 49
-6.349999999999999
 74
     0
  0
LTYPE
  5
159
330
5
100
AcDbSymbolTableRecord
100
AcDbLinetypeTableRecord
  2
HIDDEN
 70
     0
  3
Hidden __ __ __ __ __ __ __ __ __ __ __ __ __ _
 72
    65
 73
     2
 40
9.524999999999998
 49
6.349999999999999
 74
     0
 49
-3.174999999999999
 74
     0
  0
LTYPE
  5
1479
330
5
100
AcDbSymbolTableRecord
100
AcDbLinetypeTableRecord
  2
DASHED2
 70
     0
  3
Dashed (.5x) _ _ _ _ _ _ _ _ _ _ _ _ _ _ _ _ _
 72
    65
 73
     2
 40
9.524999999999998
 49
6.349999999999999
 74
     0
 49
-3.174999999999999
 74
     0
  0
ENDTAB
  0
TABLE
  2
LAYER
  5
2
102
{ACAD_XDICTIONARY
360
111
102
}
330
0
100
AcDbSymbolTable
 70
    10
  0
LAYER
  5
54
330
2
100
AcDbSymbolTableRecord
100
AcDbLayerTableRecord
  2
0
 70
     0
 62
     7
  6
Continuous
370
    -3
390
F
347
21
348
0
  0
LAYER
  5
150
330
2
100
AcDbSymbolTableRecord
100
AcDbLayerTableRecord
  2
Text
 70
     0
 62
     7
  6
Continuous
370
    -3
390
F
347
21
348
0
1001
AcAecLayerStandard
1000

1000

1001
AcCmTransparency
1071
        0
  0
LAYER
  5
153
330
2
100
AcDbSymbolTableRecord
100
AcDbLayerTableRecord
  2
Center
 70
     0
 62
     7
  6
CENTER
370
    20
390
F
347
21
348
0
1001
AcAecLayerStandard
1000

1000

1001
AcCmTransparency
1071
        0
  0
LAYER
  5
156
330
2
100
AcDbSymbolTableRecord
100
AcDbLayerTableRecord
  2
Dimensions
 70
     0
 62
     7
  6
Continuous
370
    -3
390
F
347
21
348
0
1001
AcAecLayerStandard
1000

1000

1001
AcCmTransparency
1071
        0
  0
LAYER
  5
158
330
2
100
AcDbSymbolTableRecord
100
AcDbLayerTableRecord
  2
Hidden
 70
     0
 62
     7
  6
HIDDEN
370
    -3
390
F
347
21
348
0
1001
AcAecLayerStandard
1000

1000

1001
AcCmTransparency
1071
        0
  0
LAYER
  5
15A
330
2
100
AcDbSymbolTableRecord
100
AcDbLayerTableRecord
  2
Outline
 70
     0
 62
     1
  6
Continuous
370
    50
390
F
347
21
348
0
1001
AcAecLayerStandard
1000

1000

1001
AcCmTransparency
1071
        0
  0
LAYER
  5
15B
330
2
100
AcDbSymbolTableRecord
100
AcDbLayerTableRecord
  2
Template
 70
     0
 62
     2
  6
Continuous
370
    50
390
F
347
21
348
0
1001
AcAecLayerStandard
1000

1000

1001
AcCmTransparency
1071
        0
  0
LAYER
  5
65E
330
2
100
AcDbSymbolTableRecord
100
AcDbLayerTableRecord
  2
Defpoints
 70
     0
 62
     7
  6
Continuous
290
     0
370
    -3
390
F
347
21
348
0
  0
LAYER
  5
1511
330
2
100
AcDbSymbolTableRecord
100
AcDbLayerTableRecord
  2
Hatched
 70
     0
 62
     6
  6
Continuous
370
    20
390
F
347
21
348
0
1001
AcAecLayerStandard
1000

1000

1001
AcCmTransparency
1071
        0
  0
LAYER
  5
1648
330
2
100
AcDbSymbolTableRecord
100
AcDbLayerTableRecord
  2
Inner thicker
 70
     0
 62
     4
  6
Continuous
370
    -3
390
F
347
21
348
0
1001
AcAecLayerStandard
1000

1000

1001
AcCmTransparency
1071
        0
  0
ENDTAB
  0
TABLE
  2
STYLE
  5
3
330
0
100
AcDbSymbolTable
 70
     6
  0
STYLE
  5
55
330
3
100
AcDbSymbolTableRecord
100
AcDbTextStyleTableRecord
  2
Standard
 70
     0
 40
0.0
 41
1.0
 50
0.0
 71
     0
 42
2.5
  3
txt
  4

  0
STYLE
  5
5A
330
3
100
AcDbSymbolTableRecord
100
AcDbTextStyleTableRecord
  2
Annotative
 70
     0
 40
0.0
 41
1.0
 50
0.0
 71
     0
 42
0.2
  3
txt
  4

1001
AcadAnnotative
1000
AnnotativeData
1002
{
1070
     1
1070
     1
1002
}
  0
STYLE
  5
83
330
3
100
AcDbSymbolTableRecord
100
AcDbTextStyleTableRecord
  2
ARIAL 5
 70
     0
 40
5.0
 41
1.0
 50
0.0
 71
     0
 42
5.0
  3
arial.ttf
  4

1001
ACAD
1000
Arial
1071
       34
  0
STYLE
  5
C8
330
3
100
AcDbSymbolTableRecord
100
AcDbTextStyleTableRecord
  2
ARIAL 2
 70
     0
 40
2.0
 41
1.0
 50
0.0
 71
     0
 42
2.0
  3
arial.ttf
  4

1001
ACAD
1000
Arial
1071
       34
  0
STYLE
  5
D3
330
3
100
AcDbSymbolTableRecord
100
AcDbTextStyleTableRecord
  2
ARIAL 3-5
 70
     0
 40
3.5
 41
1.0
 50
0.0
 71
     0
 42
3.5
  3
arial.ttf
  4

1001
ACAD
1000
Arial
1071
       34
  0
STYLE
  5
101
330
3
100
AcDbSymbolTableRecord
100
AcDbTextStyleTableRecord
  2

 70
     1
 40
0.0
 41
1.0
 50
0.0
 71
     0
 42
3.5
  3
ltypeshp.shx
  4

  0
ENDTAB
  0
TABLE
  2
VIEW
  5
6
330
0
100
AcDbSymbolTable
 70
     0
  0
ENDTAB
  0
TABLE
  2
UCS
  5
7
330
0
100
AcDbSymbolTable
 70
     0
  0
ENDTAB
  0
TABLE
  2
APPID
  5
9
330
0
100
AcDbSymbolTable
 70
    14
  0
APPID
  5
56
330
9
100
AcDbSymbolTableRecord
100
AcDbRegAppTableRecord
  2
ACAD
 70
     0
  0
APPID
  5
5E
330
9
100
AcDbSymbolTableRecord
100
AcDbRegAppTableRecord
  2
AcadAnnotative
 70
     0
  0
APPID
  5
7D
330
9
100
AcDbSymbolTableRecord
100
AcDbRegAppTableRecord
  2
ACAD_EXEMPT_FROM_CAD_STANDARDS
 70
     0
  0
APPID
  5
81
330
9
100
AcDbSymbolTableRecord
100
AcDbRegAppTableRecord
  2
AcadAnnoPO
 70
     0
  0
APPID
  5
104
330
9
100
AcDbSymbolTableRecord
100
AcDbRegAppTableRecord
  2
ACAD_NAV_VCDISPLAY
 70
     0
  0
APPID
  5
151
330
9
100
AcDbSymbolTableRecord
100
AcDbRegAppTableRecord
  2
AcAecLayerStandard
 70
     0
  0
APPID
  5
152
330
9
100
AcDbSymbolTableRecord
100
AcDbRegAppTableRecord
  2
AcCmTransparency
 70
     0
  0
APPID
  5
199
330
9
100
AcDbSymbolTableRecord
100
AcDbRegAppTableRecord
  2
ACAD_DSTYLE_DIMRADIAL_EXTENSION
 70
     0
  0
APPID
  5
642
330
9
100
AcDbSymbolTableRecord
100
AcDbRegAppTableRecord
  2
GradientColor1ACI
 70
     0
  0
APPID
  5
643
330
9
100
AcDbSymbolTableRecord
100
AcDbRegAppTableRecord
  2
GradientColor2ACI
 70
     0
  0
APPID
  5
68A
330
9
100
AcDbSymbolTableRecord
100
AcDbRegAppTableRecord
  2
ACAD_DSTYLE_DIMJAG
 70
     0
  0
APPID
  5
68B
330
9
100
AcDbSymbolTableRecord
100
AcDbRegAppTableRecord
  2
ACAD_DSTYLE_DIMTALN
 70
     0
  0
APPID
  5
7FC
330
9
100
AcDbSymbolTableRecord
100
AcDbRegAppTableRecord
  2
ACAD_DSTYLE_DIMBREAK
 70
     0
  0
APPID
  5
12EC
330
9
100
AcDbSymbolTableRecord
100
AcDbRegAppTableRecord
  2
ACAD_PSEXT
 70
     0
  0
ENDTAB
  0
TABLE
  2
DIMSTYLE
  5
A
330
0
100
AcDbSymbolTable
 70
     8
100
AcDbDimStyleTable
 71
     3
340
7FD
340
F64
340
58
  0
DIMSTYLE
105
58
330
A
100
AcDbSymbolTableRecord
100
AcDbDimStyleTableRecord
  2
ISO-25
 70
     0
 40
0.0
 41
2.5
 42
0.625
 43
3.75
 44
1.25
 50
90.0
 73
     0
 77
     1
 78
     8
140
2.5
141
0.0
143
0.03937007874016
147
0.625
171
     3
172
     1
271
     2
272
     2
274
     3
278
    44
283
     0
284
     8
289
     0
340
55
1001
AcadAnnotative
1000
AnnotativeData
1002
{
1070
     1
1070
     0
1002
}
1001
ACAD_DSTYLE_DIMJAG
1070
   388
1040
1.5
1001
ACAD_DSTYLE_DIMTALN
1070
   392
1070
     0
  0
DIMSTYLE
105
59
330
A
100
AcDbSymbolTableRecord
100
AcDbDimStyleTableRecord
  2
Annotative
 70
     0
340
55
1001
AcadAnnotative
1000
AnnotativeData
1002
{
1070
     1
1070
     1
1002
}
  0
DIMSTYLE
105
7FD
102
{ACAD_REACTORS
330
165E
330
16E5
330
17C3
330
177C
102
}
330
A
100
AcDbSymbolTableRecord
100
AcDbDimStyleTableRecord
  2
Copy of ISO-25
 70
     0
 40
0.0
 41
2.5
 42
0.625
 43
3.75
 44
1.25
 50
90.0
 73
     0
 74
     0
 77
     1
 78
     8
140
2.5
141
0.0
143
0.03937007874016
147
0.625
171
     3
172
     1
174
     1
271
     2
272
     2
274
     3
278
    44
283
     0
284
     8
289
     0
340
55
1001
ACAD_DSTYLE_DIMBREAK
1070
   391
1040
3.75
1001
ACAD_DSTYLE_DIMJAG
1070
   388
1040
1.5
1001
ACAD_DSTYLE_DIMTALN
1070
   392
1070
     0
  0
DIMSTYLE
105
F64
330
A
100
AcDbSymbolTableRecord
100
AcDbDimStyleTableRecord
  2
Copy(2) of ISO-25
 70
     0
 40
0.0
 41
2.5
 42
0.625
 43
3.75
 44
1.25
 50
90.0
 73
     0
 74
     0
 77
     1
 78
     8
 90
        2
140
2.5
141
0.0
143
0.03937007874016
147
0.625
171
     3
175
     1
271
     2
272
     2
274
     3
278
    44
279
     2
283
     0
284
     8
290
     1
340
55
1001
ACAD_DSTYLE_DIMBREAK
1070
   391
1040
3.75
1001
AcadAnnotative
1000
AnnotativeData
1002
{
1070
     1
1070
     1
1002
}
1001
ACAD_DSTYLE_DIMJAG
1070
   388
1040
1.5
1001
ACAD_DSTYLE_DIMTALN
1070
   392
1070
     0
  0
DIMSTYLE
105
12E8
330
A
100
AcDbSymbolTableRecord
100
AcDbDimStyleTableRecord
  2
Tolerance standard
 70
     0
 41
3.0
 42
2.0
 43
10.0
 44
2.0
 50
90.0
 73
     0
 74
     0
 77
     1
 78
     8
140
3.5
141
2.5
143
0.03937007874016
147
1.5
171
     3
172
     1
271
     2
272
     2
274
     3
278
    44
284
     8
340
55
1001
ACAD_DSTYLE_DIMBREAK
1070
   391
1040
3.75
1001
ACAD_DSTYLE_DIMJAG
1070
   388
1040
1.5
1001
ACAD_DSTYLE_DIMTALN
1070
   392
1070
     0
  0
DIMSTYLE
105
12E9
330
A
100
AcDbSymbolTableRecord
100
AcDbDimStyleTableRecord
  2
Standard
 70
     0
 41
3.0
 42
2.0
 43
10.0
 44
2.0
 50
90.0
 73
     0
 74
     0
 77
     1
 78
     8
140
3.5
141
0.0
143
0.03937007874016
147
1.25
171
     3
172
     1
271
     2
272
     2
274
     3
284
     8
340
55
1001
ACAD_DSTYLE_DIMBREAK
1070
   391
1040
3.75
1001
ACAD_DSTYLE_DIMJAG
1070
   388
1040
1.5
1001
ACAD_DSTYLE_DIMTALN
1070
   392
1070
     0
  0
DIMSTYLE
105
12EA
330
A
100
AcDbSymbolTableRecord
100
AcDbDimStyleTableRecord
  2
Leader
 70
     0
 41
1.5
 42
2.0
 43
10.0
 44
2.0
 50
90.0
 78
     8
140
3.5
141
0.0
143
0.03937007874016
147
1.25
171
     3
271
     2
272
     2
274
     3
284
     8
340
55
342
12DF
1001
ACAD_DSTYLE_DIMBREAK
1070
   391
1040
3.75
1001
ACAD_DSTYLE_DIMJAG
1070
   388
1040
1.5
1001
ACAD_DSTYLE_DIMTALN
1070
   392
1070
     0
  0
DIMSTYLE
105
12EB
330
A
100
AcDbSymbolTableRecord
100
AcDbDimStyleTableRecord
  2
Tolerance
 70
     0
 41
3.0
 42
2.0
 43
10.0
 44
2.0
 47
0.05
 48
0.02
 50
90.0
 72
     1
 73
     0
 74
     0
 77
     1
 78
     8
140
3.5
141
0.0
143
0.03937007874016
147
1.25
171
     3
172
     1
271
     2
272
     2
274
     3
284
     8
340
55
342
12E4
1001
ACAD_DSTYLE_DIMBREAK
1070
   391
1040
3.75
1001
ACAD_DSTYLE_DIMJAG
1070
   388
1040
1.5
1001
ACAD_DSTYLE_DIMTALN
1070
   392
1070
     0
  0
ENDTAB
  0
TABLE
  2
BLOCK_RECORD
  5
1
330
0
100
AcDbSymbolTable
 70
     9
  0
BLOCK_RECORD
  5
6C
102
{ACAD_XDICTIONARY
360
93
102
}
330
1
100
AcDbSymbolTableRecord
100
AcDbBlockTableRecord
  2
*Model_Space
340
6F
 70
     0
280
     1
281
     0
  0
BLOCK_RECORD
  5
68
330
1
100
AcDbSymbolTableRecord
100
AcDbBlockTableRecord
  2
*Paper_Space
340
6B
 70
     0
280
     1
281
     0
  0
BLOCK_RECORD
  5
70
330
1
100
AcDbSymbolTableRecord
100
AcDbBlockTableRecord
  2
*Paper_Space0
340
73
 70
     0
280
     1
281
     0
  0
BLOCK_RECORD
  5
12DF
330
1
100
AcDbSymbolTableRecord
100
AcDbBlockTableRecord
  2
_Dot
340
0
 70
     0
280
     1
281
     0
  0
BLOCK_RECORD
  5
12E4
330
1
100
AcDbSymbolTableRecord
100
AcDbBlockTableRecord
  2
_Oblique
340
0
 70
     0
280
     1
281
     0
  0
BLOCK_RECORD
  5
165F
330
1
100
AcDbSymbolTableRecord
100
AcDbBlockTableRecord
  2
*D3
340
0
 70
     0
280
     1
281
     0
  0
BLOCK_RECORD
  5
16E6
330
1
100
AcDbSymbolTableRecord
100
AcDbBlockTableRecord
  2
*D4
340
0
 70
     0
280
     1
281
     0
  0
BLOCK_RECORD
  5
177D
330
1
100
AcDbSymbolTableRecord
100
AcDbBlockTableRecord
  2
*D5
340
0
 70
     0
280
     1
281
     0
  0
BLOCK_RECORD
  5
17B1
330
1
100
AcDbSymbolTableRecord
100
AcDbBlockTableRecord
  2
_DetailCallout
340
0
 70
     4
280
     1
281
     0
  0
BLOCK_RECORD
  5
17B8
330
1
100
AcDbSymbolTableRecord
100
AcDbBlockTableRecord
  2
_TagCircle
340
0
 70
     4
280
     1
281
     0
  0
BLOCK_RECORD
  5
17C4
330
1
100
AcDbSymbolTableRecord
100
AcDbBlockTableRecord
  2
*D8
340
0
 70
     0
280
     1
281
     0
  0
ENDTAB
  0
ENDSEC
  0
SECTION
  2
BLOCKS
  0
BLOCK
  5
6D
330
6C
100
AcDbEntity
  8
0
100
AcDbBlockBegin
  2
*Model_Space
 70
     0
 10
0.0
 20
0.0
 30
0.0
  3
*Model_Space
  1

  0
ENDBLK
  5
6E
330
6C
100
AcDbEntity
  8
0
100
AcDbBlockEnd
  0
BLOCK
  5
69
330
68
100
AcDbEntity
 67
     1
  8
0
100
AcDbBlockBegin
  2
*Paper_Space
 70
     0
 10
0.0
 20
0.0
 30
0.0
  3
*Paper_Space
  1

  0
ENDBLK
  5
6A
330
68
100
AcDbEntity
 67
     1
  8
0
100
AcDbBlockEnd
  0
BLOCK
  5
71
330
70
100
AcDbEntity
 67
     1
  8
0
100
AcDbBlockBegin
  2
*Paper_Space0
 70
     0
 10
0.0
 20
0.0
 30
0.0
  3
*Paper_Space0
  1

  0
ENDBLK
  5
72
330
70
100
AcDbEntity
 67
     1
  8
0
100
AcDbBlockEnd
  0
BLOCK
  5
12E0
330
12DF
100
AcDbEntity
  8
0
100
AcDbBlockBegin
  2
_Dot
 70
     0
 10
0.0
 20
0.0
 30
0.0
  3
_Dot
  1

  0
LWPOLYLINE
  5
12E1
330
12DF
100
AcDbEntity
  8
0
  6
ByBlock
 62
     0
100
AcDbPolyline
 90
        2
 70
     1
 43
0.5
 10
-0.25
 20
0.0
 42
1.0
 10
0.25
 20
0.0
 42
1.0
  0
LINE
  5
12E2
330
12DF
100
AcDbEntity
  8
0
  6
ByBlock
 62
     0
370
    -2
100
AcDbLine
 10
-0.5
 20
0.0
 30
0.0
 11
-1.0
 21
0.0
 31
0.0
  0
ENDBLK
  5
12E3
330
12DF
100
AcDbEntity
  8
0
100
AcDbBlockEnd
  0
BLOCK
  5
12E5
330
12E4
100
AcDbEntity
  8
0
100
AcDbBlockBegin
  2
_Oblique
 70
     0
 10
0.0
 20
0.0
 30
0.0
  3
_Oblique
  1

  0
LINE
  5
12E6
330
12E4
100
AcDbEntity
  8
0
  6
ByBlock
 62
     0
370
    -2
100
AcDbLine
 10
-0.5
 20
-0.5
 30
0.0
 11
0.5
 21
0.5
 31
0.0
  0
ENDBLK
  5
12E7
330
12E4
100
AcDbEntity
  8
0
100
AcDbBlockEnd
  0
BLOCK
  5
1660
330
165F
100
AcDbEntity
  8
0
100
AcDbBlockBegin
  2
*D3
 70
     1
 10
0.0
 20
0.0
 30
0.0
  3
*D3
  1

  0
LINE
  5
166C
330
165F
100
AcDbEntity
  8
Dimensions
 62
     0
440
 16777216
370
    -2
100
AcDbLine
 10
-377.2818149726363
 20
50.57743193385954
 30
0.0
 11
-404.2378491873471
 21
50.57743193385955
 31
0.0
  0
LINE
  5
166D
330
165F
100
AcDbEntity
  8
Dimensions
 62
     0
440
 16777216
370
    -2
100
AcDbLine
 10
-370.7818149726363
 20
168.5774319338595
 30
0.0
 11
-404.2378491873471
 21
168.5774319338595
 31
0.0
  0
LINE
  5
166E
330
165F
100
AcDbEntity
  8
Dimensions
 62
     0
440
 16777216
370
    -2
100
AcDbLine
 10
-402.9878491873471
 20
53.07743193385955
 30
0.0
 11
-402.9878491873471
 21
166.0774319338595
 31
0.0
  0
SOLID
  5
166F
330
165F
100
AcDbEntity
  8
Dimensions
 62
     0
440
 16777216
100
AcDbTrace
 10
-403.4045158540139
 20
53.07743193385955
 30
0.0
 11
-402.5711825206805
 21
53.07743193385955
 31
0.0
 12
-402.9878491873471
 22
50.57743193385955
 32
0.0
 13
-402.9878491873471
 23
50.57743193385955
 33
0.0
  0
SOLID
  5
1670
330
165F
100
AcDbEntity
  8
Dimensions
 62
     0
440
 16777216
100
AcDbTrace
 10
-403.4045158540138
 20
166.0774319338595
 30
0.0
 11
-402.5711825206804
 21
166.0774319338595
 31
0.0
 12
-402.9878491873471
 22
168.5774319338595
 32
0.0
 13
-402.9878491873471
 23
168.5774319338595
 33
0.0
  0
MTEXT
  5
1671
330
165F
100
AcDbEntity
  8
Dimensions
 62
     0
440
 16777216
100
AcDbMText
 10
-404.8628491873471
 20
109.5774319338595
 30
0.0
 40
2.5
 41
0.0
 46
0.0
 71
     5
 72
     1
  1
118
 11
0.0000000000000001
 21
1.0
 31
0.0
 73
     1
 44
1.0
  0
POINT
  5
1672
330
165F
100
AcDbEntity
  8
Defpoints
 62
     0
440
 16777216
100
AcDbPoint
 10
-376.6568149726363
 20
50.57743193385954
 30
0.0
  0
POINT
  5
1673
330
165F
100
AcDbEntity
  8
Defpoints
 62
     0
440
 16777216
100
AcDbPoint
 10
-370.1568149726363
 20
168.5774319338595
 30
0.0
  0
POINT
  5
1674
330
165F
100
AcDbEntity
  8
Defpoints
 62
     0
440
 16777216
100
AcDbPoint
 10
-402.9878491873471
 20
168.5774319338595
 30
0.0
  0
ENDBLK
  5
1661
330
165F
100
AcDbEntity
  8
0
100
AcDbBlockEnd
  0
BLOCK
  5
16E7
330
16E6
100
AcDbEntity
  8
0
100
AcDbBlockBegin
  2
*D4
 70
     1
 10
0.0
 20
0.0
 30
0.0
  3
*D4
  1

  0
LINE
  5
16F3
330
16E6
100
AcDbEntity
  8
Dimensions
 62
     0
440
 16777216
370
    -2
100
AcDbLine
 10
-377.2818149726363
 20
50.57743193385954
 30
0.0
 11
-394.8204106277221
 21
50.57743193385954
 31
0.0
  0
LINE
  5
16F4
330
16E6
100
AcDbEntity
  8
Dimensions
 62
     0
440
 16777216
370
    -2
100
AcDbLine
 10
-377.2818149726363
 20
110.5774319338595
 30
0.0
 11
-394.8204106277221
 21
110.5774319338595
 31
0.0
  0
LINE
  5
16F5
330
16E6
100
AcDbEntity
  8
Dimensions
 62
     0
440
 16777216
370
    -2
100
AcDbLine
 10
-393.5704106277222
 20
53.07743193385954
 30
0.0
 11
-393.5704106277222
 21
108.0774319338595
 31
0.0
  0
SOLID
  5
16F6
330
16E6
100
AcDbEntity
  8
Dimensions
 62
     0
440
 16777216
100
AcDbTrace
 10
-393.9870772943888
 20
53.07743193385954
 30
0.0
 11
-393.1537439610555
 21
53.07743193385954
 31
0.0
 12
-393.5704106277222
 22
50.57743193385954
 32
0.0
 13
-393.5704106277222
 23
50.57743193385954
 33
0.0
  0
SOLID
  5
16F7
330
16E6
100
AcDbEntity
  8
Dimensions
 62
     0
440
 16777216
100
AcDbTrace
 10
-393.9870772943888
 20
108.0774319338595
 30
0.0
 11
-393.1537439610555
 21
108.0774319338595
 31
0.0
 12
-393.5704106277222
 22
110.5774319338595
 32
0.0
 13
-393.5704106277222
 23
110.5774319338595
 33
0.0
  0
MTEXT
  5
16F8
330
16E6
100
AcDbEntity
  8
Dimensions
 62
     0
440
 16777216
100
AcDbMText
 10
-395.4454106277221
 20
80.57743193385949
 30
0.0
 40
2.5
 41
0.0
 46
0.0
 71
     5
 72
     1
  1
60
 11
0.0000000000000001
 21
1.0
 31
0.0
 73
     1
 44
1.0
  0
POINT
  5
16F9
330
16E6
100
AcDbEntity
  8
Defpoints
 62
     0
440
 16777216
100
AcDbPoint
 10
-376.6568149726363
 20
50.57743193385954
 30
0.0
  0
POINT
  5
16FA
330
16E6
100
AcDbEntity
  8
Defpoints
 62
     0
440
 16777216
100
AcDbPoint
 10
-376.6568149726363
 20
110.5774319338595
 30
0.0
  0
POINT
  5
16FB
330
16E6
100
AcDbEntity
  8
Defpoints
 62
     0
440
 16777216
100
AcDbPoint
 10
-393.5704106277222
 20
110.5774319338595
 30
0.0
  0
ENDBLK
  5
16E8
330
16E6
100
AcDbEntity
  8
0
100
AcDbBlockEnd
  0
BLOCK
  5
177E
330
177D
100
AcDbEntity
  8
0
100
AcDbBlockBegin
  2
*D5
 70
     1
 10
0.0
 20
0.0
 30
0.0
  3
*D5
  1

  0
LINE
  5
178A
330
177D
100
AcDbEntity
  8
Dimensions
 62
     0
440
 16777216
370
    -2
100
AcDbLine
 10
-306.4568149726367
 20
109.9524319338595
 30
0.0
 11
-306.4568149726367
 21
35.41216412797121
 31
0.0
  0
LINE
  5
178B
330
177D
100
AcDbEntity
  8
Dimensions
 62
     0
440
 16777216
370
    -2
100
AcDbLine
 10
-386.4568149726366
 20
109.9524319338595
 30
0.0
 11
-386.4568149726366
 21
35.41216412797121
 31
0.0
  0
LINE
  5
178C
330
177D
100
AcDbEntity
  8
Dimensions
 62
     0
440
 16777216
370
    -2
100
AcDbLine
 10
-308.9568149726367
 20
36.66216412797121
 30
0.0
 11
-383.9568149726366
 21
36.66216412797121
 31
0.0
  0
SOLID
  5
178D
330
177D
100
AcDbEntity
  8
Dimensions
 62
     0
440
 16777216
100
AcDbTrace
 10
-308.9568149726367
 20
37.07883079463787
 30
0.0
 11
-308.9568149726367
 21
36.24549746130455
 31
0.0
 12
-306.4568149726367
 22
36.66216412797121
 32
0.0
 13
-306.4568149726367
 23
36.66216412797121
 33
0.0
  0
SOLID
  5
178E
330
177D
100
AcDbEntity
  8
Dimensions
 62
     0
440
 16777216
100
AcDbTrace
 10
-383.9568149726366
 20
37.07883079463787
 30
0.0
 11
-383.9568149726366
 21
36.24549746130455
 31
0.0
 12
-386.4568149726366
 22
36.66216412797121
 32
0.0
 13
-386.4568149726366
 23
36.66216412797121
 33
0.0
  0
MTEXT
  5
178F
330
177D
100
AcDbEntity
  8
Dimensions
 62
     0
440
 16777216
100
AcDbMText
 10
-346.4568149726367
 20
38.53716412797121
 30
0.0
 40
2.5
 41
0.0
 46
0.0
 71
     5
 72
     1
  1
80
 73
     1
 44
1.0
  0
POINT
  5
1790
330
177D
100
AcDbEntity
  8
Defpoints
 62
     0
440
 16777216
100
AcDbPoint
 10
-306.4568149726367
 20
110.5774319338595
 30
0.0
  0
POINT
  5
1791
330
177D
100
AcDbEntity
  8
Defpoints
 62
     0
440
 16777216
100
AcDbPoint
 10
-386.4568149726366
 20
110.5774319338595
 30
0.0
  0
POINT
  5
1792
330
177D
100
AcDbEntity
  8
Defpoints
 62
     0
440
 16777216
100
AcDbPoint
 10
-386.4568149726366
 20
36.66216412797121
 30
0.0
  0
ENDBLK
  5
177F
330
177D
100
AcDbEntity
  8
0
100
AcDbBlockEnd
  0
BLOCK
  5
17B6
330
17B1
100
AcDbEntity
  8
0
100
AcDbBlockBegin
  2
_DetailCallout
 70
     2
 10
0.0
 20
0.0
 30
0.0
  3
_DetailCallout
  1

  0
CIRCLE
  5
17B2
330
17B1
100
AcDbEntity
  8
0
  6
ByBlock
 62
     0
440
 16777216
370
    -2
100
AcDbCircle
 10
0.0
 20
0.0
 30
0.0
 40
8.0
  0
LINE
  5
17B3
330
17B1
100
AcDbEntity
  8
0
  6
ByBlock
 62
     0
440
 16777216
370
    -2
100
AcDbLine
 10
8.0
 20
0.0
 30
0.0
 11
-8.0
 21
0.0
 31
0.0
  0
ATTDEF
  5
17B4
330
17B1
100
AcDbEntity
  8
Dimensions
 62
     0
440
 16777216
100
AcDbText
 10
-14.43622100954979
 20
1.0
 30
0.0
 40
3.0
  1
VIEWNUMBER
  7
ARIAL 3-5
 72
     1
 11
0.0
 21
1.0
 31
0.0
100
AcDbAttributeDefinition
280
     0
  3
Enter view number
  2
VIEWNUMBER
 70
     0
280
     0
  0
ATTDEF
  5
17B5
330
17B1
100
AcDbEntity
  8
Dimensions
 62
     0
440
 16777216
100
AcDbText
 10
-16.06718963165075
 20
-6.0
 30
0.0
 40
3.0
  1
SHEETNUMBER
  7
ARIAL 3-5
 72
     1
 11
0.0
 21
-6.0
 31
0.0
100
AcDbAttributeDefinition
280
     0
  3
Enter sheet number
  2
SHEETNUMBER
 70
     0
280
     0
  0
ENDBLK
  5
17B7
330
17B1
100
AcDbEntity
  8
0
100
AcDbBlockEnd
  0
BLOCK
  5
17BB
330
17B8
100
AcDbEntity
  8
0
100
AcDbBlockBegin
  2
_TagCircle
 70
     2
 10
0.0
 20
0.0
 30
0.0
  3
_TagCircle
  1

  0
CIRCLE
  5
17B9
330
17B8
100
AcDbEntity
  8
0
  6
ByBlock
 62
     0
440
 16777216
370
    -2
100
AcDbCircle
 10
0.0
 20
0.0
 30
0.0
 40
4.0
  0
ATTDEF
  5
17BA
330
17B8
100
AcDbEntity
  8
Dimensions
 62
     0
440
 16777216
100
AcDbText
 10
-13.38847203274215
 20
-1.5
 30
0.0
 40
3.0
  1
TAGNUMBER
  7
ARIAL 3-5
 72
     1
 11
0.0
 21
-1.5
 31
0.0
100
AcDbAttributeDefinition
280
     0
  3
Enter tag number
  2
TAGNUMBER
 70
     0
280
     0
  0
ENDBLK
  5
17BC
330
17B8
100
AcDbEntity
  8
0
100
AcDbBlockEnd
  0
BLOCK
  5
17C5
330
17C4
100
AcDbEntity
  8
0
100
AcDbBlockBegin
  2
*D8
 70
     1
 10
0.0
 20
0.0
 30
0.0
  3
*D8
  1

  0
LINE
  5
17D1
330
17C4
100
AcDbEntity
  8
Dimensions
 62
     0
440
 16777216
370
    -2
100
AcDbLine
 10
-141.3139190852539
 20
49.95243193385954
 30
0.0
 11
-141.3139190852539
 21
19.45414035482736
 31
0.0
  0
LINE
  5
17D2
330
17C4
100
AcDbEntity
  8
Dimensions
 62
     0
440
 16777216
370
    -2
100
AcDbLine
 10
-283.3139190852539
 20
49.95243193385955
 30
0.0
 11
-283.3139190852539
 21
19.45414035482736
 31
0.0
  0
LINE
  5
17D3
330
17C4
100
AcDbEntity
  8
Dimensions
 62
     0
440
 16777216
370
    -2
100
AcDbLine
 10
-143.8139190852539
 20
20.70414035482736
 30
0.0
 11
-280.8139190852539
 21
20.70414035482736
 31
0.0
  0
SOLID
  5
17D4
330
17C4
100
AcDbEntity
  8
Dimensions
 62
     0
440
 16777216
100
AcDbTrace
 10
-143.8139190852539
 20
21.12080702149403
 30
0.0
 11
-143.8139190852539
 21
20.28747368816069
 31
0.0
 12
-141.3139190852539
 22
20.70414035482736
 32
0.0
 13
-141.3139190852539
 23
20.70414035482736
 33
0.0
  0
SOLID
  5
17D5
330
17C4
100
AcDbEntity
  8
Dimensions
 62
     0
440
 16777216
100
AcDbTrace
 10
-280.8139190852539
 20
21.12080702149403
 30
0.0
 11
-280.8139190852539
 21
20.28747368816069
 31
0.0
 12
-283.3139190852539
 22
20.70414035482736
 32
0.0
 13
-283.3139190852539
 23
20.70414035482736
 33
0.0
  0
MTEXT
  5
17D6
330
17C4
100
AcDbEntity
  8
Dimensions
 62
     0
440
 16777216
100
AcDbMText
 10
-212.3139190852539
 20
22.57914035482736
 30
0.0
 40
2.5
 41
0.0
 46
0.0
 71
     5
 72
     1
  1
142
 73
     1
 44
1.0
  0
POINT
  5
17D7
330
17C4
100
AcDbEntity
  8
Defpoints
 62
     0
440
 16777216
100
AcDbPoint
 10
-141.3139190852539
 20
50.57743193385954
 30
0.0
  0
POINT
  5
17D8
330
17C4
100
AcDbEntity
  8
Defpoints
 62
     0
440
 16777216
100
AcDbPoint
 10
-283.3139190852539
 20
50.57743193385955
 30
0.0
  0
POINT
  5
17D9
330
17C4
100
AcDbEntity
  8
Defpoints
 62
     0
440
 16777216
100
AcDbPoint
 10
-283.3139190852539
 20
20.70414035482736
 30
0.0
  0
ENDBLK
  5
17C6
330
17C4
100
AcDbEntity
  8
0
100
AcDbBlockEnd
  0
ENDSEC
  0
SECTION
  2
ENTITIES
  0
LWPOLYLINE
  5
95
330
6C
100
AcDbEntity
  8
0
100
AcDbPolyline
 90
        4
 70
     1
 43
0.0
 10
-10.0
 20
10.0
 10
-410.0
 20
10.0
 10
-410.0
 20
287.0
 10
-10.0
 20
287.0
  0
LINE
  5
99
330
6C
100
AcDbEntity
  8
0
100
AcDbLine
 10
-10.0
 20
10.0
 30
0.0
 11
-25.0
 21
10.0
 31
0.0
  0
LINE
  5
9A
330
6C
100
AcDbEntity
  8
0
100
AcDbLine
 10
-25.0
 20
10.0
 30
0.0
 11
-75.0
 21
10.0
 31
0.0
  0
LINE
  5
9B
330
6C
100
AcDbEntity
  8
0
100
AcDbLine
 10
-75.0
 20
10.0
 30
0.0
 11
-100.0
 21
10.0
 31
0.0
  0
LINE
  5
9C
330
6C
100
AcDbEntity
  8
0
100
AcDbLine
 10
-100.0
 20
10.0
 30
0.0
 11
-130.0
 21
10.0
 31
0.0
  0
LINE
  5
9D
330
6C
100
AcDbEntity
  8
0
100
AcDbLine
 10
-25.0
 20
10.0
 30
0.0
 11
-25.0
 21
20.0
 31
0.0
  0
LINE
  5
9F
330
6C
100
AcDbEntity
  8
0
100
AcDbLine
 10
-75.0
 20
10.0
 30
0.0
 11
-75.0
 21
20.0
 31
0.0
  0
LINE
  5
A0
330
6C
100
AcDbEntity
  8
0
100
AcDbLine
 10
-100.0
 20
10.0
 30
0.0
 11
-100.0
 21
20.0
 31
0.0
  0
LINE
  5
A8
330
6C
100
AcDbEntity
  8
0
100
AcDbLine
 10
-130.0
 20
10.0
 30
0.0
 11
-130.0
 21
17.5
 31
0.0
  0
LINE
  5
A9
330
6C
100
AcDbEntity
  8
0
100
AcDbLine
 10
-130.0
 20
17.5
 30
0.0
 11
-130.0
 21
25.0
 31
0.0
  0
LINE
  5
AA
330
6C
100
AcDbEntity
  8
0
100
AcDbLine
 10
-130.0
 20
25.0
 30
0.0
 11
-130.0
 21
32.5
 31
0.0
  0
LINE
  5
AB
330
6C
100
AcDbEntity
  8
0
100
AcDbLine
 10
-130.0
 20
32.5
 30
0.0
 11
-130.0
 21
40.0
 31
0.0
  0
LINE
  5
AC
330
6C
100
AcDbEntity
  8
0
100
AcDbLine
 10
-130.0
 20
40.0
 30
0.0
 11
-100.0
 21
40.0
 31
0.0
  0
LINE
  5
AD
330
6C
100
AcDbEntity
  8
0
100
AcDbLine
 10
-100.0
 20
40.0
 30
0.0
 11
-75.0
 21
40.0
 31
0.0
  0
LINE
  5
AE
330
6C
100
AcDbEntity
  8
0
100
AcDbLine
 10
-75.0
 20
40.0
 30
0.0
 11
-10.0
 21
40.0
 31
0.0
  0
LINE
  5
AF
330
6C
100
AcDbEntity
  8
0
100
AcDbLine
 10
-100.0
 20
20.0
 30
0.0
 11
-10.0
 21
20.0
 31
0.0
  0
LINE
  5
B5
330
6C
100
AcDbEntity
  8
0
100
AcDbLine
 10
-100.0
 20
20.0
 30
0.0
 11
-100.0
 21
40.0
 31
0.0
  0
LINE
  5
BB
330
6C
100
AcDbEntity
  8
0
100
AcDbLine
 10
-75.0
 20
20.0
 30
0.0
 11
-74.99999999999999
 21
40.0
 31
0.0
  0
LINE
  5
BC
330
6C
100
AcDbEntity
  8
0
100
AcDbLine
 10
-130.0
 20
32.5
 30
0.0
 11
-100.0
 21
32.5
 31
0.0
  0
LINE
  5
BD
330
6C
100
AcDbEntity
  8
0
100
AcDbLine
 10
-130.0
 20
25.0
 30
0.0
 11
-100.0
 21
25.0
 31
0.0
  0
LINE
  5
BE
330
6C
100
AcDbEntity
  8
0
100
AcDbLine
 10
-130.0
 20
17.5
 30
0.0
 11
-100.0
 21
17.5
 31
0.0
  0
LINE
  5
BF
330
6C
100
AcDbEntity
  8
0
100
AcDbLine
 10
-130.0
 20
40.0
 30
0.0
 11
-130.0
 21
48.0
 31
0.0
  0
LINE
  5
C0
330
6C
100
AcDbEntity
  8
0
100
AcDbLine
 10
-130.0
 20
48.0
 30
0.0
 11
-10.0
 21
48.0
 31
0.0
  0
TEXT
  5
C2
330
6C
100
AcDbEntity
  8
0
100
AcDbText
 10
-130.0
 20
41.9254106822359
 30
0.0
 40
5.0
  1
  MECHANICAL ENGINEERING - GRANVILLE COLLEGE  
 41
0.6494988093260231
  7
ARIAL 5
 72
     5
 11
-10.0
 21
41.9254106822359
 31
0.0
100
AcDbText
  0
MTEXT
  5
CE
330
6C
100
AcDbEntity
  8
0
100
AcDbMText
 10
-130.0
 20
39.21076927280137
 30
0.0
 40
2.0
 41
30.0
 46
0.0
 71
     1
 72
     5
  1
 DRAWN
  7
ARIAL 2
 73
     1
 44
1.0
1001
ACAD
1000
ACAD_MTEXT_COLUMN_INFO_BEGIN
1070
    75
1070
     2
1070
    79
1070
     0
1070
    76
1070
     1
1070
    78
1070
     0
1070
    48
1040
30.0
1070
    49
1040
10.0
1070
    50
1070
     1
1040
0.0
1000
ACAD_MTEXT_COLUMN_INFO_END
  0
MTEXT
  5
CF
330
6C
100
AcDbEntity
  8
0
100
AcDbMText
 10
-130.0
 20
31.71076927280137
 30
0.0
 40
2.0
 41
30.00000000000002
 46
0.0
 71
     1
 72
     5
  1
 DATE
  7
ARIAL 2
 73
     1
 44
1.0
1001
ACAD
1000
ACAD_MTEXT_COLUMN_INFO_BEGIN
1070
    75
1070
     2
1070
    79
1070
     0
1070
    76
1070
     1
1070
    78
1070
     0
1070
    48
1040
30.00000000000002
1070
    49
1040
10.0
1070
    50
1070
     1
1040
0.0
1000
ACAD_MTEXT_COLUMN_INFO_END
  0
MTEXT
  5
D0
330
6C
100
AcDbEntity
  8
0
100
AcDbMText
 10
-130.0
 20
24.21076927280137
 30
0.0
 40
2.0
 41
30.0
 46
0.0
 71
     1
 72
     5
  1
 CHECKED
  7
ARIAL 2
 73
     1
 44
1.0
1001
ACAD
1000
ACAD_MTEXT_COLUMN_INFO_BEGIN
1070
    75
1070
     2
1070
    79
1070
     0
1070
    76
1070
     1
1070
    78
1070
     0
1070
    48
1040
30.0
1070
    49
1040
10.0
1070
    50
1070
     1
1040
0.0
1000
ACAD_MTEXT_COLUMN_INFO_END
  0
MTEXT
  5
D1
330
6C
100
AcDbEntity
  8
0
100
AcDbMText
 10
-130.0
 20
16.71076927280137
 30
0.0
 40
2.0
 41
30.0
 46
0.0
 71
     1
 72
     5
  1
 SCALE
  7
ARIAL 2
 73
     1
 44
1.0
1001
ACAD
1000
ACAD_MTEXT_COLUMN_INFO_BEGIN
1070
    75
1070
     2
1070
    79
1070
     0
1070
    76
1070
     1
1070
    78
1070
     0
1070
    48
1040
30.0
1070
    49
1040
10.0
1070
    50
1070
     1
1040
0.0
1000
ACAD_MTEXT_COLUMN_INFO_END
  0
MTEXT
  5
D2
330
6C
100
AcDbEntity
  8
0
100
AcDbMText
 10
-17.5
 20
19.30941967151148
 30
0.0
 40
2.0
 41
15.0
 46
0.0
 71
     2
 72
     5
  1
REV
  7
ARIAL 2
 73
     1
 44
1.0
1001
ACAD
1000
ACAD_MTEXT_COLUMN_INFO_BEGIN
1070
    75
1070
     2
1070
    79
1070
     0
1070
    76
1070
     1
1070
    78
1070
     0
1070
    48
1040
15.0
1070
    49
1040
10.0
1070
    50
1070
     1
1040
0.0
1000
ACAD_MTEXT_COLUMN_INFO_END
  0
MTEXT
  5
D4
330
6C
100
AcDbEntity
  8
0
100
AcDbMText
 10
-101.7260410697422
 20
20.00074986148638
 30
0.0
 40
3.5
 41
30.0
 46
0.0
 71
     6
 72
     5
  1
{\H0.85714x;C.Taylor}     
  7
ARIAL 3-5
 73
     1
 44
1.0
1001
ACAD
1000
ACAD_MTEXT_COLUMN_INFO_BEGIN
1070
    75
1070
     2
1070
    79
1070
     0
1070
    76
1070
     1
1070
    78
1070
     0
1070
    48
1040
30.0
1070
    49
1040
17.5
1070
    50
1070
     1
1040
0.0
1000
ACAD_MTEXT_COLUMN_INFO_END
  0
LINE
  5
EC
330
6C
100
AcDbEntity
  8
0
  6
CENTER2
 48
0.25
370
    18
100
AcDbLine
 10
-98.74084980957878
 20
29.84552677563988
 30
0.0
 11
-75.74084980957877
 21
29.84552677563988
 31
0.0
  0
LINE
  5
ED
330
6C
100
AcDbEntity
  8
0
100
AcDbLine
 10
-98.74084980957878
 20
29.84552677563988
 30
0.0
 11
-93.74084980957878
 21
29.84552677563988
 31
0.0
  0
LINE
  5
EE
330
6C
100
AcDbEntity
  8
0
  6
CENTER2
 48
0.25
370
    18
100
AcDbLine
 10
-93.74084980957878
 20
24.62343195591529
 30
0.0
 11
-93.74084980957878
 21
34.84552677563988
 31
0.0
  0
CIRCLE
  5
F1
330
6C
100
AcDbEntity
  8
0
100
AcDbCircle
 10
-93.74084980957878
 20
29.84552677563988
 30
0.0
 40
4.0
  0
CIRCLE
  5
F2
330
6C
100
AcDbEntity
  8
0
100
AcDbCircle
 10
-93.74084980957878
 20
29.84552677563988
 30
0.0
 40
2.0
  0
LINE
  5
F6
330
6C
100
AcDbEntity
  8
0
100
AcDbLine
 10
-76.74084980957878
 20
33.84552677563988
 30
0.0
 11
-76.74084980957878
 21
25.84552677563988
 31
0.0
  0
LINE
  5
F7
330
6C
100
AcDbEntity
  8
0
100
AcDbLine
 10
-76.74084980957878
 20
25.84552677563988
 30
0.0
 11
-84.74084980957877
 21
27.84552677563989
 31
0.0
  0
LINE
  5
F8
330
6C
100
AcDbEntity
  8
0
100
AcDbLine
 10
-84.74084980957877
 20
27.84552677563989
 30
0.0
 11
-84.74084980957877
 21
31.84552677563988
 31
0.0
  0
LINE
  5
F9
330
6C
100
AcDbEntity
  8
0
100
AcDbLine
 10
-84.74084980957877
 20
31.84552677563988
 30
0.0
 11
-76.74084980957878
 21
33.84552677563988
 31
0.0
  0
MTEXT
  5
107
330
6C
100
AcDbEntity
  8
0
100
AcDbMText
 10
-21.26505000316729
 20
1.249572296152337
 30
0.0
 40
5.0
 41
14.80910859573578
 46
0.0
 71
     5
 72
     5
  1
A
  7
ARIAL 5
 73
     1
 44
1.0
1001
ACAD
1000
ACAD_MTEXT_COLUMN_INFO_BEGIN
1070
    75
1070
     2
1070
    79
1070
     0
1070
    76
1070
     1
1070
    78
1070
     0
1070
    48
1040
14.80910859573578
1070
    49
1040
25.0
1070
    50
1070
     1
1040
0.0
1000
ACAD_MTEXT_COLUMN_INFO_END
  0
MTEXT
  5
108
330
6C
100
AcDbEntity
  8
0
100
AcDbMText
 10
-87.5
 20
15.0
 30
0.0
 40
5.0
 41
25.0
 46
0.0
 71
     5
 72
     5
  1
A3
  7
ARIAL 5
 73
     1
 44
1.0
1001
ACAD
1000
ACAD_MTEXT_COLUMN_INFO_BEGIN
1070
    75
1070
     2
1070
    79
1070
     0
1070
    76
1070
     1
1070
    78
1070
     0
1070
    48
1040
25.0
1070
    49
1040
25.0
1070
    50
1070
     1
1040
0.0
1000
ACAD_MTEXT_COLUMN_INFO_END
  0
MTEXT
  5
109
330
6C
100
AcDbEntity
  8
0
100
AcDbMText
 10
-42.5
 20
30.0
 30
0.0
 40
5.0
 41
65.0
 46
0.0
 71
     5
 72
     5
  1
MACHINIST JACK
  7
ARIAL 5
 73
     1
 44
1.0
1001
ACAD
1000
ACAD_MTEXT_COLUMN_INFO_BEGIN
1070
    75
1070
     2
1070
    79
1070
     0
1070
    76
1070
     1
1070
    78
1070
     0
1070
    48
1040
65.0
1070
    49
1040
25.0
1070
    50
1070
     1
1040
0.0
1000
ACAD_MTEXT_COLUMN_INFO_END
  0
MTEXT
  5
10A
330
6C
100
AcDbEntity
  8
0
100
AcDbMText
 10
-50.0
 20
15.0
 30
0.0
 40
5.0
 41
50.0
 46
0.0
 71
     5
 72
     5
  1
NO. 2
  7
ARIAL 5
 73
     1
 44
1.0
1001
ACAD
1000
ACAD_MTEXT_COLUMN_INFO_BEGIN
1070
    75
1070
     2
1070
    79
1070
     0
1070
    76
1070
     1
1070
    78
1070
     0
1070
    48
1040
50.0
1070
    49
1040
25.0
1070
    50
1070
     1
1040
0.0
1000
ACAD_MTEXT_COLUMN_INFO_END
  0
MTEXT
  5
90E
330
6C
100
AcDbEntity
  8
0
100
AcDbMText
 10
-128.67814599557
 20
36.25
 30
0.0
 40
2.0
 41
28.67814599557004
 46
0.0
 71
     1
 72
     5
  1
Khalil Khalil
  7
ARIAL 3-5
 73
     1
 44
1.0
1001
ACAD
1000
ACAD_MTEXT_COLUMN_INFO_BEGIN
1070
    75
1070
     2
1070
    79
1070
     0
1070
    76
1070
     1
1070
    78
1070
     0
1070
    48
1040
28.67814599557004
1070
    49
1040
17.5
1070
    50
1070
     1
1040
0.0
1000
ACAD_MTEXT_COLUMN_INFO_END
  0
MTEXT
  5
919
330
6C
100
AcDbEntity
  8
0
100
AcDbMText
 10
-19.28597696956194
 20
15.49245531066117
 30
0.0
 40
3.5
 41
12.03080225103531
 46
0.0
 71
     1
 72
     5
  1
A
  7
ARIAL 3-5
 73
     1
 44
1.0
1001
ACAD
1000
ACAD_MTEXT_COLUMN_INFO_BEGIN
1070
    75
1070
     2
1070
    79
1070
     0
1070
    76
1070
     1
1070
    78
1070
     0
1070
    48
1040
12.03080225103531
1070
    49
1040
17.5
1070
    50
1070
     1
1040
0.0
1000
ACAD_MTEXT_COLUMN_INFO_END
  0
MTEXT
  5
91A
330
6C
100
AcDbEntity
  8
0
100
AcDbMText
 10
-128.1586883427453
 20
28.75
 30
0.0
 40
2.0
 41
26.75201336730652
 46
0.0
 71
     1
 72
     5
  1
19/11/2012
  7
ARIAL 3-5
 73
     1
 44
1.0
1001
ACAD
1000
ACAD_MTEXT_COLUMN_INFO_BEGIN
1070
    75
1070
     2
1070
    79
1070
     0
1070
    76
1070
     1
1070
    78
1070
     0
1070
    48
1040
26.75201336730652
1070
    49
1040
17.5
1070
    50
1070
     1
1040
0.0
1000
ACAD_MTEXT_COLUMN_INFO_END
  0
LINE
  5
1208
102
{ACAD_REACTORS
330
17DA
102
}
330
6C
100
AcDbEntity
  8
Outline
100
AcDbLine
 10
-283.3139190852539
 20
50.57743193385954
 30
0.0
 11
-141.3139190852539
 21
50.57743193385954
 31
0.0
  0
LINE
  5
120A
330
6C
100
AcDbEntity
  8
Outline
100
AcDbLine
 10
-253.3915569593245
 20
64.57743193385955
 30
0.0
 11
-283.3139190852539
 21
64.57743193385955
 31
0.0
  0
LINE
  5
120B
102
{ACAD_REACTORS
330
17DA
102
}
330
6C
100
AcDbEntity
  8
Outline
100
AcDbLine
 10
-283.3139190852539
 20
64.57743193385955
 30
0.0
 11
-283.3139190852539
 21
50.57743193385954
 31
0.0
  0
ARC
  5
120F
330
6C
100
AcDbEntity
  8
Outline
100
AcDbCircle
 10
-212.3139190852539
 20
112.5774319338595
 30
0.0
 40
20.0
100
AcDbArc
 50
18.83046961768112
 51
161.1695303823188
  0
LINE
  5
1214
330
6C
100
AcDbEntity
  8
Outline
100
AcDbLine
 10
-248.6591682246703
 20
67.96358656824427
 30
0.0
 11
-231.2434740238708
 21
119.0328133963206
 31
0.0
  0
LINE
  5
1215
330
6C
100
AcDbEntity
  8
Outline
100
AcDbLine
 10
-175.9686699458376
 20
67.96358656824427
 30
0.0
 11
-193.3843641466371
 21
119.0328133963206
 31
0.0
  0
ARC
  5
1216
330
6C
100
AcDbEntity
  8
Outline
100
AcDbCircle
 10
-253.3915569593245
 20
69.57743193385955
 30
0.0
 40
5.0
100
AcDbArc
 50
270.0
 51
341.1695303823189
  0
LINE
  5
1217
330
6C
100
AcDbEntity
  8
Outline
100
AcDbLine
 10
-171.2362812111834
 20
64.57743193385955
 30
0.0
 11
-141.313919085254
 21
64.57743193385955
 31
0.0
  0
ARC
  5
1218
330
6C
100
AcDbEntity
  8
Outline
100
AcDbCircle
 10
-171.2362812111834
 20
69.57743193385955
 30
0.0
 40
5.0
100
AcDbArc
 50
198.8304696176811
 51
270.0
  0
LINE
  5
1219
102
{ACAD_REACTORS
330
17C2
102
}
330
6C
100
AcDbEntity
  8
Outline
100
AcDbLine
 10
-171.2362812111834
 20
64.57743193385955
 30
0.0
 11
-253.3915569593245
 21
64.57743193385955
 31
0.0
  0
LINE
  5
1227
330
6C
100
AcDbEntity
  8
Center
100
AcDbLine
 10
-267.3139190852539
 20
44.74028418862781
 30
0.0
 11
-267.3139190852539
 21
69.96195134419645
 31
0.0
  0
LINE
  5
1229
330
6C
100
AcDbEntity
  8
Center
100
AcDbLine
 10
-157.3139190852539
 20
43.77552033019173
 30
0.0
 11
-157.3139190852539
 21
69.13501227511824
 31
0.0
  0
LINE
  5
1237
330
6C
100
AcDbEntity
  8
Hidden
100
AcDbLine
 10
-260.3139190852539
 20
50.57743193385954
 30
0.0
 11
-260.3139190852539
 21
64.57743193385953
 31
0.0
  0
LINE
  5
1239
330
6C
100
AcDbEntity
  8
Hidden
100
AcDbLine
 10
-274.3139190852539
 20
64.57743193385955
 30
0.0
 11
-274.3139190852539
 21
50.57743193385954
 31
0.0
  0
LINE
  5
123B
330
6C
100
AcDbEntity
  8
Hidden
100
AcDbLine
 10
-164.3139190852539
 20
50.57743193385954
 30
0.0
 11
-164.3139190852539
 21
64.57743193385955
 31
0.0
  0
LINE
  5
123D
330
6C
100
AcDbEntity
  8
Hidden
100
AcDbLine
 10
-150.3139190852539
 20
64.57743193385955
 30
0.0
 11
-150.3139190852539
 21
50.57743193385954
 31
0.0
  0
LINE
  5
124A
330
6C
100
AcDbEntity
  8
Center
100
AcDbLine
 10
-212.3139190852539
 20
206.23350445681
 30
0.0
 11
-212.3139190852539
 21
29.7772862156271
 31
0.0
  0
LINE
  5
1259
330
6C
100
AcDbEntity
  8
Outline
100
AcDbLine
 10
-196.3139190852539
 20
162.5774319338595
 30
0.0
 11
-228.3139190852539
 21
162.5774319338595
 31
0.0
  0
ARC
  5
1284
330
6C
100
AcDbEntity
  8
Outline
100
AcDbCircle
 10
-212.3139190852539
 20
112.5774319338595
 30
0.0
 40
22.0
100
AcDbArc
 50
172.9689979971182
 51
185.7895077109757
  0
LINE
  5
1285
330
6C
100
AcDbEntity
  8
Outline
100
AcDbLine
 10
-228.3139190852539
 20
162.5774319338595
 30
0.0
 11
-234.1484805026622
 21
115.2703722802889
 31
0.0
  0
LINE
  5
1286
102
{ACAD_REACTORS
330
17ED
102
}
330
6C
100
AcDbEntity
  8
Outline
100
AcDbLine
 10
-196.3139190852539
 20
162.5774319338595
 30
0.0
 11
-190.4793576678457
 21
115.2703722802889
 31
0.0
  0
LINE
  5
12B8
330
6C
100
AcDbEntity
  8
Outline
100
AcDbLine
 10
-212.3139190852539
 20
206.23350445681
 30
0.0
 11
-212.3139190852539
 21
213.7378946944497
 31
0.0
  0
HATCH
  5
12B9
330
6C
100
AcDbEntity
  8
Outline
100
AcDbHatch
 10
0.0
 20
0.0
 30
0.0
210
0.0
220
0.0
230
1.0
  2
SOLID
 70
     1
 71
     1
 91
        1
 92
        7
 72
     0
 73
     1
 93
        3
 10
-205.8112676144997
 20
211.0104869486142
 10
-212.3112676144997
 20
209.9271536152809
 10
-205.8112676144997
 20
208.8438202819476
 97
        3
330
12BC
330
12BA
330
12BB
 75
     1
 76
     1
 47
0.1886026412386449
 98
        1
 10
-206.5123238637211
 20
209.8735739400564
450
        0
451
        0
460
0.0
461
0.0
452
        0
462
1.0
453
        2
463
0.0
 63
     5
421
      255
463
1.0
 63
     2
421
 16776960
470
LINEAR
1001
GradientColor1ACI
1070
     5
1001
GradientColor2ACI
1070
     2
1001
ACAD
1010
0.0
1020
0.0
1030
0.0
  0
LINE
  5
12BA
102
{ACAD_REACTORS
330
12B9
102
}
330
6C
100
AcDbEntity
  8
Outline
100
AcDbLine
 10
-205.8112676144997
 20
208.8438202819476
 30
0.0
 11
-205.8112676144997
 21
211.0104869486142
 31
0.0
  0
LINE
  5
12BB
102
{ACAD_REACTORS
330
12B9
102
}
330
6C
100
AcDbEntity
  8
Outline
100
AcDbLine
 10
-205.8112676144997
 20
211.0104869486142
 30
0.0
 11
-212.3112676144997
 21
209.9271536152809
 31
0.0
  0
LINE
  5
12BC
102
{ACAD_REACTORS
330
12B9
102
}
330
6C
100
AcDbEntity
  8
Outline
100
AcDbLine
 10
-212.3112676144997
 20
209.9271536152809
 30
0.0
 11
-205.8112676144997
 21
208.8438202819476
 31
0.0
  0
LINE
  5
12BD
330
6C
100
AcDbEntity
  8
Outline
100
AcDbLine
 10
-205.8112676144997
 20
209.9271536152809
 30
0.0
 11
-197.4368853523098
 21
209.9271536152809
 31
0.0
  0
MTEXT
  5
12BE
330
6C
100
AcDbEntity
  8
Outline
100
AcDbMText
 10
-202.5622848039204
 20
215.672330508557
 30
0.0
 40
4.0
 41
6.500162295121526
 46
0.0
 71
     1
 72
     5
  1
A
 73
     1
 44
1.0
1001
ACAD
1000
ACAD_MTEXT_COLUMN_INFO_BEGIN
1070
    75
1070
     2
1070
    79
1070
     0
1070
    76
1070
     1
1070
    78
1070
     0
1070
    48
1040
6.500162295121526
1070
    49
1040
12.5
1070
    50
1070
     1
1040
0.0
1000
ACAD_MTEXT_COLUMN_INFO_END
  0
LINE
  5
12CC
330
6C
100
AcDbEntity
  8
Outline
100
AcDbLine
 10
-212.3139190852539
 20
29.7772862156271
 30
0.0
 11
-212.3139190852539
 21
37.28167645326676
 31
0.0
  0
HATCH
  5
12CD
330
6C
100
AcDbEntity
  8
Outline
100
AcDbHatch
 10
0.0
 20
0.0
 30
0.0
210
0.0
220
0.0
230
1.0
  2
SOLID
 70
     1
 71
     1
 91
        1
 92
        7
 72
     0
 73
     1
 93
        3
 10
-205.8112676144997
 20
34.55426870743134
 10
-212.3112676144997
 20
33.47093537409796
 10
-205.8112676144997
 20
32.3876020407647
 97
        3
330
12D0
330
12CE
330
12CF
 75
     1
 76
     1
 47
0.1886026412386449
 98
        1
 10
-206.5123238637211
 20
33.41735569887351
450
        0
451
        0
460
0.0
461
0.0
452
        0
462
1.0
453
        2
463
0.0
 63
     5
421
      255
463
1.0
 63
     2
421
 16776960
470
LINEAR
1001
GradientColor1ACI
1070
     5
1001
GradientColor2ACI
1070
     2
1001
ACAD
1010
0.0
1020
0.0
1030
0.0
  0
LINE
  5
12CE
102
{ACAD_REACTORS
330
12CD
102
}
330
6C
100
AcDbEntity
  8
Outline
100
AcDbLine
 10
-205.8112676144997
 20
32.3876020407647
 30
0.0
 11
-205.8112676144997
 21
34.55426870743134
 31
0.0
  0
LINE
  5
12CF
102
{ACAD_REACTORS
330
12CD
102
}
330
6C
100
AcDbEntity
  8
Outline
100
AcDbLine
 10
-205.8112676144997
 20
34.55426870743134
 30
0.0
 11
-212.3112676144997
 21
33.47093537409796
 31
0.0
  0
LINE
  5
12D0
102
{ACAD_REACTORS
330
12CD
102
}
330
6C
100
AcDbEntity
  8
Outline
100
AcDbLine
 10
-212.3112676144997
 20
33.47093537409796
 30
0.0
 11
-205.8112676144997
 21
32.3876020407647
 31
0.0
  0
LINE
  5
12D1
330
6C
100
AcDbEntity
  8
Outline
100
AcDbLine
 10
-205.8112676144997
 20
33.47093537409796
 30
0.0
 11
-197.4368853523098
 21
33.47093537409796
 31
0.0
  0
MTEXT
  5
12D2
330
6C
100
AcDbEntity
  8
Outline
100
AcDbMText
 10
-202.5622848039204
 20
39.21611226737411
 30
0.0
 40
4.0
 41
6.500162295121526
 46
0.0
 71
     1
 72
     5
  1
A
 73
     1
 44
1.0
1001
ACAD
1000
ACAD_MTEXT_COLUMN_INFO_BEGIN
1070
    75
1070
     2
1070
    79
1070
     0
1070
    76
1070
     1
1070
    78
1070
     0
1070
    48
1040
6.500162295121526
1070
    49
1040
12.5
1070
    50
1070
     1
1040
0.0
1000
ACAD_MTEXT_COLUMN_INFO_END
  0
LINE
  5
1371
330
6C
100
AcDbEntity
  8
Template
100
AcDbLine
 10
-10.0
 20
55.40231127424849
 30
0.0
 11
-121.3260393054793
 21
55.40231127424849
 31
0.0
  0
LINE
  5
1372
330
6C
100
AcDbEntity
  8
Template
100
AcDbLine
 10
-121.3260393054793
 20
55.40231127424849
 30
0.0
 11
-121.3260393054793
 21
63.4023112742485
 31
0.0
  0
LINE
  5
1373
330
6C
100
AcDbEntity
  8
Template
100
AcDbLine
 10
-121.3260393054793
 20
63.4023112742485
 30
0.0
 11
-121.3260393054793
 21
99.4023112742485
 31
0.0
  0
LINE
  5
1374
330
6C
100
AcDbEntity
  8
Template
100
AcDbLine
 10
-121.3260393054793
 20
63.4023112742485
 30
0.0
 11
-10.0
 21
63.40231127424852
 31
0.0
  0
LINE
  5
1375
330
6C
100
AcDbEntity
  8
Template
100
AcDbLine
 10
-10.0
 20
69.40231127424849
 30
0.0
 11
-121.3260393054793
 21
69.40231127424849
 31
0.0
  0
LINE
  5
1376
330
6C
100
AcDbEntity
  8
Template
100
AcDbLine
 10
-121.3260393054793
 20
75.40231127424849
 30
0.0
 11
-10.0
 21
75.40231127424849
 31
0.0
  0
LINE
  5
1377
330
6C
100
AcDbEntity
  8
Template
100
AcDbLine
 10
-10.0
 20
81.40231127424849
 30
0.0
 11
-121.3260393054793
 21
81.40231127424849
 31
0.0
  0
LINE
  5
1378
330
6C
100
AcDbEntity
  8
Template
100
AcDbLine
 10
-121.3260393054793
 20
87.40231127424848
 30
0.0
 11
-10.0
 21
87.40231127424852
 31
0.0
  0
LINE
  5
1379
330
6C
100
AcDbEntity
  8
Template
100
AcDbLine
 10
-10.0
 20
93.40231127424848
 30
0.0
 11
-121.3260393054793
 21
93.40231127424848
 31
0.0
  0
LINE
  5
137A
330
6C
100
AcDbEntity
  8
Template
100
AcDbLine
 10
-121.3260393054793
 20
99.4023112742485
 30
0.0
 11
-10.0
 21
99.4023112742485
 31
0.0
  0
LINE
  5
137C
330
6C
100
AcDbEntity
  8
Template
100
AcDbLine
 10
-107.9397468472371
 20
55.40231127424849
 30
0.0
 11
-107.9397468472371
 21
99.4023112742485
 31
0.0
  0
LINE
  5
137D
330
6C
100
AcDbEntity
  8
Template
100
AcDbLine
 10
-52.29341927535824
 20
55.40231127424847
 30
0.0
 11
-52.29341927535824
 21
99.4023112742485
 31
0.0
  0
LINE
  5
137E
330
6C
100
AcDbEntity
  8
Template
100
AcDbLine
 10
-38.43829924913553
 20
99.4023112742485
 30
0.0
 11
-38.43829924913553
 21
55.40231127424849
 31
0.0
  0
MTEXT
  5
1380
330
6C
100
AcDbEntity
  8
Template
100
AcDbMText
 10
-116.4450891266785
 20
97.82563579860207
 30
0.0
 40
2.5
 41
8.152771518991812
 46
0.0
 71
     1
 72
     5
  1
6
 73
     1
 44
1.0
1001
ACAD
1000
ACAD_MTEXT_COLUMN_INFO_BEGIN
1070
    75
1070
     2
1070
    79
1070
     0
1070
    76
1070
     1
1070
    78
1070
     0
1070
    48
1040
8.152771518991812
1070
    49
1040
12.5
1070
    50
1070
     1
1040
0.0
1000
ACAD_MTEXT_COLUMN_INFO_END
  0
MTEXT
  5
1381
330
6C
100
AcDbEntity
  8
Template
100
AcDbMText
 10
-116.3798548361403
 20
91.7023112742485
 30
0.0
 40
2.5
 41
6.522216922761344
 46
0.0
 71
     1
 72
     5
  1
5
 73
     1
 44
1.0
1001
ACAD
1000
ACAD_MTEXT_COLUMN_INFO_BEGIN
1070
    75
1070
     2
1070
    79
1070
     0
1070
    76
1070
     1
1070
    78
1070
     0
1070
    48
1040
6.522216922761344
1070
    49
1040
12.5
1070
    50
1070
     1
1040
0.0
1000
ACAD_MTEXT_COLUMN_INFO_END
  0
MTEXT
  5
1382
330
6C
100
AcDbEntity
  8
Template
100
AcDbMText
 10
-116.3798548361403
 20
85.7023112742485
 30
0.0
 40
2.5
 41
4.119295052497591
 46
0.0
 71
     1
 72
     5
  1
4
 73
     1
 44
1.0
1001
ACAD
1000
ACAD_MTEXT_COLUMN_INFO_BEGIN
1070
    75
1070
     2
1070
    79
1070
     0
1070
    76
1070
     1
1070
    78
1070
     0
1070
    48
1040
4.119295052497591
1070
    49
1040
12.5
1070
    50
1070
     1
1040
0.0
1000
ACAD_MTEXT_COLUMN_INFO_END
  0
MTEXT
  5
1383
330
6C
100
AcDbEntity
  8
Template
100
AcDbMText
 10
-116.3798548361403
 20
79.7023112742485
 30
0.0
 40
2.5
 41
9.773699250515164
 46
0.0
 71
     1
 72
     5
  1
3
 73
     1
 44
1.0
1001
ACAD
1000
ACAD_MTEXT_COLUMN_INFO_BEGIN
1070
    75
1070
     2
1070
    79
1070
     0
1070
    76
1070
     1
1070
    78
1070
     0
1070
    48
1040
9.773699250515164
1070
    49
1040
12.5
1070
    50
1070
     1
1040
0.0
1000
ACAD_MTEXT_COLUMN_INFO_END
  0
MTEXT
  5
1384
330
6C
100
AcDbEntity
  8
Template
100
AcDbMText
 10
-116.3798548361403
 20
73.7023112742485
 30
0.0
 40
2.5
 41
5.631511151128506
 46
0.0
 71
     1
 72
     5
  1
2
 73
     1
 44
1.0
1001
ACAD
1000
ACAD_MTEXT_COLUMN_INFO_BEGIN
1070
    75
1070
     2
1070
    79
1070
     0
1070
    76
1070
     1
1070
    78
1070
     0
1070
    48
1040
5.631511151128506
1070
    49
1040
12.5
1070
    50
1070
     1
1040
0.0
1000
ACAD_MTEXT_COLUMN_INFO_END
  0
MTEXT
  5
1385
330
6C
100
AcDbEntity
  8
Template
100
AcDbMText
 10
-116.3798548361403
 20
67.7023112742485
 30
0.0
 40
2.5
 41
5.538430013940114
 46
0.0
 71
     1
 72
     5
  1
1
 73
     1
 44
1.0
1001
ACAD
1000
ACAD_MTEXT_COLUMN_INFO_BEGIN
1070
    75
1070
     2
1070
    79
1070
     0
1070
    76
1070
     1
1070
    78
1070
     0
1070
    48
1040
5.538430013940114
1070
    49
1040
12.5
1070
    50
1070
     1
1040
0.0
1000
ACAD_MTEXT_COLUMN_INFO_END
  0
MTEXT
  5
1386
330
6C
100
AcDbEntity
  8
Template
100
AcDbMText
 10
-118.9950897212554
 20
60.49996206911746
 30
0.0
 40
2.5
 41
17.31340880585662
 46
0.0
 71
     1
 72
     5
  1
ITEM
 73
     1
 44
1.0
1001
ACAD
1000
ACAD_MTEXT_COLUMN_INFO_BEGIN
1070
    75
1070
     2
1070
    79
1070
     0
1070
    76
1070
     1
1070
    78
1070
     0
1070
    48
1040
17.31340880585662
1070
    49
1040
12.5
1070
    50
1070
     1
1040
0.0
1000
ACAD_MTEXT_COLUMN_INFO_END
  0
MTEXT
  5
1388
330
6C
100
AcDbEntity
  8
Template
100
AcDbMText
 10
-106.3798548361403
 20
97.7023112742485
 30
0.0
 40
2.5
 41
55.65966226968317
 46
0.0
 71
     1
 72
     5
  1
LOCK NUT
 73
     1
 44
1.0
1001
ACAD
1000
ACAD_MTEXT_COLUMN_INFO_BEGIN
1070
    75
1070
     2
1070
    79
1070
     0
1070
    76
1070
     1
1070
    78
1070
     0
1070
    48
1040
55.65966226968317
1070
    49
1040
12.5
1070
    50
1070
     1
1040
0.0
1000
ACAD_MTEXT_COLUMN_INFO_END
  0
MTEXT
  5
1389
330
6C
100
AcDbEntity
  8
Template
100
AcDbMText
 10
-106.3798548361403
 20
91.7023112742485
 30
0.0
 40
2.5
 41
53.30308065202576
 46
0.0
 71
     1
 72
     5
  1
SCREW
 73
     1
 44
1.0
1001
ACAD
1000
ACAD_MTEXT_COLUMN_INFO_BEGIN
1070
    75
1070
     2
1070
    79
1070
     0
1070
    76
1070
     1
1070
    78
1070
     0
1070
    48
1040
53.30308065202576
1070
    49
1040
12.5
1070
    50
1070
     1
1040
0.0
1000
ACAD_MTEXT_COLUMN_INFO_END
  0
MTEXT
  5
138A
330
6C
100
AcDbEntity
  8
Template
100
AcDbMText
 10
-106.3798548361403
 20
85.7023112742485
 30
0.0
 40
2.5
 41
29.73727178625381
 46
0.0
 71
     1
 72
     5
  1
STANDARD NUT
 73
     1
 44
1.0
1001
ACAD
1000
ACAD_MTEXT_COLUMN_INFO_BEGIN
1070
    75
1070
     2
1070
    79
1070
     0
1070
    76
1070
     1
1070
    78
1070
     0
1070
    48
1040
29.73727178625381
1070
    49
1040
12.5
1070
    50
1070
     1
1040
0.0
1000
ACAD_MTEXT_COLUMN_INFO_END
  0
MTEXT
  5
138B
330
6C
100
AcDbEntity
  8
Template
100
AcDbMText
 10
-106.3798548361403
 20
79.7023112742485
 30
0.0
 40
2.5
 41
30.27285825169224
 46
0.0
 71
     1
 72
     5
  1
BOLT
 73
     1
 44
1.0
1001
ACAD
1000
ACAD_MTEXT_COLUMN_INFO_BEGIN
1070
    75
1070
     2
1070
    79
1070
     0
1070
    76
1070
     1
1070
    78
1070
     0
1070
    48
1040
30.27285825169224
1070
    49
1040
12.5
1070
    50
1070
     1
1040
0.0
1000
ACAD_MTEXT_COLUMN_INFO_END
  0
MTEXT
  5
138C
330
6C
100
AcDbEntity
  8
Template
100
AcDbMText
 10
-106.3798548361403
 20
73.7023112742485
 30
0.0
 40
2.5
 41
24.59563996345242
 46
0.0
 71
     1
 72
     5
  1
SWIVEL
 73
     1
 44
1.0
1001
ACAD
1000
ACAD_MTEXT_COLUMN_INFO_BEGIN
1070
    75
1070
     2
1070
    79
1070
     0
1070
    76
1070
     1
1070
    78
1070
     0
1070
    48
1040
24.59563996345242
1070
    49
1040
12.5
1070
    50
1070
     1
1040
0.0
1000
ACAD_MTEXT_COLUMN_INFO_END
  0
MTEXT
  5
138D
330
6C
100
AcDbEntity
  8
Template
100
AcDbMText
 10
-106.3798548361403
 20
67.7023112742485
 30
0.0
 40
2.5
 41
28.98744956491169
 46
0.0
 71
     1
 72
     5
  1
BASE
 73
     1
 44
1.0
1001
ACAD
1000
ACAD_MTEXT_COLUMN_INFO_BEGIN
1070
    75
1070
     2
1070
    79
1070
     0
1070
    76
1070
     1
1070
    78
1070
     0
1070
    48
1040
28.98744956491169
1070
    49
1040
12.5
1070
    50
1070
     1
1040
0.0
1000
ACAD_MTEXT_COLUMN_INFO_END
  0
MTEXT
  5
138F
330
6C
100
AcDbEntity
  8
Template
100
AcDbMText
 10
-46.13217353735172
 20
97.7023112742485
 30
0.0
 40
2.5
 41
4.563725072797637
 46
0.0
 71
     1
 72
     5
  1
1
 73
     1
 44
1.0
1001
ACAD
1000
ACAD_MTEXT_COLUMN_INFO_BEGIN
1070
    75
1070
     2
1070
    79
1070
     0
1070
    76
1070
     1
1070
    78
1070
     0
1070
    48
1040
4.563725072797637
1070
    49
1040
12.5
1070
    50
1070
     1
1040
0.0
1000
ACAD_MTEXT_COLUMN_INFO_END
  0
MTEXT
  5
1390
330
6C
100
AcDbEntity
  8
Template
100
AcDbMText
 10
-46.13217353735172
 20
91.7023112742485
 30
0.0
 40
2.5
 41
4.376175208110112
 46
0.0
 71
     1
 72
     5
  1
1
 73
     1
 44
1.0
1001
ACAD
1000
ACAD_MTEXT_COLUMN_INFO_BEGIN
1070
    75
1070
     2
1070
    79
1070
     0
1070
    76
1070
     1
1070
    78
1070
     0
1070
    48
1040
4.376175208110112
1070
    49
1040
12.5
1070
    50
1070
     1
1040
0.0
1000
ACAD_MTEXT_COLUMN_INFO_END
  0
MTEXT
  5
1391
330
6C
100
AcDbEntity
  8
Template
100
AcDbMText
 10
-46.13217353735172
 20
85.7023112742485
 30
0.0
 40
2.5
 41
4.1422938637794
 46
0.0
 71
     1
 72
     5
  1
1
 73
     1
 44
1.0
1001
ACAD
1000
ACAD_MTEXT_COLUMN_INFO_BEGIN
1070
    75
1070
     2
1070
    79
1070
     0
1070
    76
1070
     1
1070
    78
1070
     0
1070
    48
1040
4.1422938637794
1070
    49
1040
12.5
1070
    50
1070
     1
1040
0.0
1000
ACAD_MTEXT_COLUMN_INFO_END
  0
MTEXT
  5
1392
330
6C
100
AcDbEntity
  8
Template
100
AcDbMText
 10
-46.13217353735172
 20
79.7023112742485
 30
0.0
 40
2.5
 41
5.299868782697899
 46
0.0
 71
     1
 72
     5
  1
1
 73
     1
 44
1.0
1001
ACAD
1000
ACAD_MTEXT_COLUMN_INFO_BEGIN
1070
    75
1070
     2
1070
    79
1070
     0
1070
    76
1070
     1
1070
    78
1070
     0
1070
    48
1040
5.299868782697899
1070
    49
1040
12.5
1070
    50
1070
     1
1040
0.0
1000
ACAD_MTEXT_COLUMN_INFO_END
  0
MTEXT
  5
1393
330
6C
100
AcDbEntity
  8
Template
100
AcDbMText
 10
-46.13217353735172
 20
73.7023112742485
 30
0.0
 40
2.5
 41
5.826038934540861
 46
0.0
 71
     1
 72
     5
  1
1
 73
     1
 44
1.0
1001
ACAD
1000
ACAD_MTEXT_COLUMN_INFO_BEGIN
1070
    75
1070
     2
1070
    79
1070
     0
1070
    76
1070
     1
1070
    78
1070
     0
1070
    48
1040
5.826038934540861
1070
    49
1040
12.5
1070
    50
1070
     1
1040
0.0
1000
ACAD_MTEXT_COLUMN_INFO_END
  0
MTEXT
  5
1394
330
6C
100
AcDbEntity
  8
Template
100
AcDbMText
 10
-46.13217353735172
 20
67.7023112742485
 30
0.0
 40
2.5
 41
5.615571166235781
 46
0.0
 71
     1
 72
     5
  1
1
 73
     1
 44
1.0
1001
ACAD
1000
ACAD_MTEXT_COLUMN_INFO_BEGIN
1070
    75
1070
     2
1070
    79
1070
     0
1070
    76
1070
     1
1070
    78
1070
     0
1070
    48
1040
5.615571166235781
1070
    49
1040
12.5
1070
    50
1070
     1
1040
0.0
1000
ACAD_MTEXT_COLUMN_INFO_END
  0
MTEXT
  5
1395
330
6C
100
AcDbEntity
  8
Template
100
AcDbMText
 10
-84.92558189347278
 20
60.49996206911746
 30
0.0
 40
2.5
 41
69.14054434742539
 46
0.0
 71
     1
 72
     5
  1
DESCRIPTION
 73
     1
 44
1.0
1001
ACAD
1000
ACAD_MTEXT_COLUMN_INFO_BEGIN
1070
    75
1070
     2
1070
    79
1070
     0
1070
    76
1070
     1
1070
    78
1070
     0
1070
    48
1040
69.14054434742539
1070
    49
1040
12.5
1070
    50
1070
     1
1040
0.0
1000
ACAD_MTEXT_COLUMN_INFO_END
  0
MTEXT
  5
1396
330
6C
100
AcDbEntity
  8
Template
100
AcDbMText
 10
-45.15938889742756
 20
59.78415946905793
 30
0.0
 40
2.5
 41
8.328094797610219
 46
0.0
 71
     5
 72
     5
  1
QTY
 73
     1
 44
1.0
1001
ACAD
1000
ACAD_MTEXT_COLUMN_INFO_BEGIN
1070
    75
1070
     2
1070
    79
1070
     0
1070
    76
1070
     1
1070
    78
1070
     0
1070
    48
1040
8.328094797610219
1070
    49
1040
12.5
1070
    50
1070
     1
1040
7.403055959007833
1000
ACAD_MTEXT_COLUMN_INFO_END
  0
MTEXT
  5
1398
330
6C
100
AcDbEntity
  8
Template
100
AcDbMText
 10
-21.5791778384139
 20
59.28117727666279
 30
0.0
 40
2.5
 41
24.99999999999995
 46
0.0
 71
     5
 72
     5
  1
REMARKS
 73
     1
 44
1.0
1001
ACAD
1000
ACAD_MTEXT_COLUMN_INFO_BEGIN
1070
    75
1070
     2
1070
    79
1070
     0
1070
    76
1070
     1
1070
    78
1070
     0
1070
    48
1040
24.99999999999995
1070
    49
1040
12.5
1070
    50
1070
     1
1040
0.0
1000
ACAD_MTEXT_COLUMN_INFO_END
  0
LINE
  5
1423
330
6C
100
AcDbEntity
  8
Outline
100
AcDbLine
 10
-141.313919085254
 20
64.57743193385955
 30
0.0
 11
-141.313919085254
 21
50.57743193385954
 31
0.0
  0
CIRCLE
  5
149C
330
6C
100
AcDbEntity
  8
Hidden
100
AcDbCircle
 10
-212.3139190852548
 20
112.5774319338587
 30
0.0
 40
8.0
  0
LINE
  5
149D
330
6C
100
AcDbEntity
  8
Outline
100
AcDbLine
 10
-212.3139190852548
 20
162.5774319338587
 30
0.0
 11
-228.3139190852548
 21
162.5774319338587
 31
0.0
  0
LINE
  5
149E
330
6C
100
AcDbEntity
  8
Outline
100
AcDbLine
 10
-228.3139190852548
 20
162.5774319338587
 30
0.0
 11
-234.148480502663
 21
115.2703722802881
 31
0.0
  0
LINE
  5
149F
330
6C
100
AcDbEntity
  8
Outline
100
AcDbLine
 10
-212.3139190852548
 20
162.5774319338587
 30
0.0
 11
-196.3139190852548
 21
162.5774319338587
 31
0.0
  0
LINE
  5
14A0
330
6C
100
AcDbEntity
  8
Outline
100
AcDbLine
 10
-196.3139190852548
 20
162.5774319338587
 30
0.0
 11
-190.4793576678466
 21
115.2703722802881
 31
0.0
  0
LINE
  5
14A1
330
6C
100
AcDbEntity
  8
Hidden
100
AcDbLine
 10
-222.3139190852549
 20
128.5774319338587
 30
0.0
 11
-222.3139190852549
 21
170.5774319338587
 31
0.0
  0
LINE
  5
14A2
330
6C
100
AcDbEntity
  8
Hidden
100
AcDbLine
 10
-202.3139190852548
 20
128.5774319338587
 30
0.0
 11
-202.3139190852548
 21
170.5774319338587
 31
0.0
  0
LINE
  5
14A3
330
6C
100
AcDbEntity
  8
Hidden
100
AcDbLine
 10
-220.8139190852548
 20
162.5774319338587
 30
0.0
 11
-220.8139190852548
 21
126.5455236035799
 31
0.0
  0
LINE
  5
14A4
330
6C
100
AcDbEntity
  8
Hidden
100
AcDbLine
 10
-203.8139190852549
 20
162.5774319338587
 30
0.0
 11
-203.8139190852549
 21
126.5455236035799
 31
0.0
  0
LINE
  5
14A5
330
6C
100
AcDbEntity
  8
Outline
100
AcDbLine
 10
-202.3139190852548
 20
170.5774319338587
 30
0.0
 11
-202.3139190852548
 21
199.1928346453321
 31
0.0
  0
LINE
  5
14A6
330
6C
100
AcDbEntity
  8
Outline
100
AcDbLine
 10
-203.8139190852549
 20
200.6928346453321
 30
0.0
 11
-220.8139190852548
 21
200.6928346453321
 31
0.0
  0
LINE
  5
14A7
102
{ACAD_REACTORS
330
1805
102
}
330
6C
100
AcDbEntity
  8
Outline
100
AcDbLine
 10
-222.3139190852549
 20
199.1928346453321
 30
0.0
 11
-222.3139190852549
 21
170.5774319338587
 31
0.0
  0
LINE
  5
14A9
330
6C
100
AcDbEntity
  8
Outline
100
AcDbLine
 10
-222.3139190852549
 20
177.1928346453313
 30
0.0
 11
-202.3139190852548
 21
177.1928346453314
 31
0.0
  0
LINE
  5
14AA
330
6C
100
AcDbEntity
  8
Hidden
100
AcDbLine
 10
-203.8139190852549
 20
145.1928346453313
 30
0.0
 11
-203.8139190852549
 21
170.5774319338587
 31
0.0
  0
LINE
  5
14AB
330
6C
100
AcDbEntity
  8
Hidden
100
AcDbLine
 10
-220.8139190852548
 20
145.1928346453313
 30
0.0
 11
-220.8139190852548
 21
170.5774319338587
 31
0.0
  0
LINE
  5
14AC
330
6C
100
AcDbEntity
  8
Outline
100
AcDbLine
 10
-222.3139190852549
 20
199.1928346453321
 30
0.0
 11
-202.3139190852548
 21
199.1928346453321
 31
0.0
  0
LINE
  5
14AD
330
6C
100
AcDbEntity
  8
Outline
100
AcDbLine
 10
-234.8139190852549
 20
170.5774319338587
 30
0.0
 11
-220.8139190852548
 21
170.5774319338587
 31
0.0
  0
LINE
  5
14AE
330
6C
100
AcDbEntity
  8
Outline
100
AcDbLine
 10
-220.8139190852548
 20
170.5774319338587
 30
0.0
 11
-189.8139190852548
 21
170.5774319338587
 31
0.0
  0
LINE
  5
14AF
102
{ACAD_REACTORS
330
17FF
102
}
330
6C
100
AcDbEntity
  8
Outline
100
AcDbLine
 10
-189.8139190852548
 20
170.5774319338587
 30
0.0
 11
-189.8139190852548
 21
162.5774319338587
 31
0.0
  0
LINE
  5
14B0
330
6C
100
AcDbEntity
  8
Outline
100
AcDbLine
 10
-189.8139190852548
 20
162.5774319338587
 30
0.0
 11
-203.8139190852549
 21
162.5774319338586
 31
0.0
  0
LINE
  5
14B1
330
6C
100
AcDbEntity
  8
Outline
100
AcDbLine
 10
-220.8139190852548
 20
162.5774319338587
 30
0.0
 11
-234.8139190852549
 21
162.5774319338587
 31
0.0
  0
LINE
  5
14B2
330
6C
100
AcDbEntity
  8
Text
100
AcDbLine
 10
-220.8139190852548
 20
170.5774319338587
 30
0.0
 11
-220.8139190852548
 21
177.1928346453313
 31
0.0
  0
LINE
  5
14B3
330
6C
100
AcDbEntity
  8
Text
100
AcDbLine
 10
-203.8139190852549
 20
170.5774319338587
 30
0.0
 11
-203.8139190852549
 21
177.1928346453313
 31
0.0
  0
LWPOLYLINE
  5
14B4
330
6C
100
AcDbEntity
  8
Outline
100
AcDbPolyline
 90
        6
 70
     1
 43
0.0
 10
-212.3139190852548
 20
126.4274319338594
 10
-224.3083709276689
 20
119.5024319338587
 10
-224.3083709276679
 20
105.6524319338589
 10
-212.313919085253
 20
98.72743193385964
 10
-200.319467242839
 20
105.6524319338604
 10
-200.3194672428399
 20
119.5024319338602
  0
ARC
  5
14BA
330
6C
100
AcDbEntity
  8
Hidden
100
AcDbCircle
 10
-212.3139190852548
 20
112.5774319338587
 30
0.0
 40
6.5
100
AcDbArc
 50
254.0233868774634
 51
166.0396632600358
  0
LINE
  5
14C9
330
6C
100
AcDbEntity
  8
Hidden
100
AcDbLine
 10
-222.3139190852549
 20
128.5774319338587
 30
0.0
 11
-202.3139190852548
 21
128.5774319338587
 31
0.0
  0
LINE
  5
14CA
330
6C
100
AcDbEntity
  8
Hidden
100
AcDbLine
 10
-222.3139190852549
 20
128.5774319338587
 30
0.0
 11
-220.8139190852548
 21
126.5455236035799
 31
0.0
  0
LINE
  5
14CB
330
6C
100
AcDbEntity
  8
Hidden
100
AcDbLine
 10
-202.3139190852548
 20
128.5774319338587
 30
0.0
 11
-203.8139190852549
 21
126.5455236035799
 31
0.0
  0
LINE
  5
14CC
330
6C
100
AcDbEntity
  8
Hidden
100
AcDbLine
 10
-220.8139190852548
 20
126.5455236035799
 30
0.0
 11
-212.3139190852539
 21
122.4121363688593
 31
0.0
  0
LINE
  5
14CD
330
6C
100
AcDbEntity
  8
Hidden
100
AcDbLine
 10
-212.3139190852539
 20
122.4121363688593
 30
0.0
 11
-203.8139190852549
 21
126.5455236035799
 31
0.0
  0
LINE
  5
14CE
330
6C
100
AcDbEntity
  8
Outline
100
AcDbLine
 10
-234.8139190852549
 20
170.5774319338587
 30
0.0
 11
-234.8139190852549
 21
162.5774319338587
 31
0.0
  0
LINE
  5
14DB
330
6C
100
AcDbEntity
  8
Outline
100
AcDbLine
 10
-220.8139190852548
 20
200.6928346453321
 30
0.0
 11
-222.3139190852549
 21
199.1928346453321
 31
0.0
  0
LINE
  5
14DC
330
6C
100
AcDbEntity
  8
Outline
100
AcDbLine
 10
-203.8139190852549
 20
200.6928346453321
 30
0.0
 11
-202.3139190852548
 21
199.1928346453321
 31
0.0
  0
ARC
  5
14DD
330
6C
100
AcDbEntity
  8
Hidden
100
AcDbCircle
 10
-212.3139190852547
 20
112.5774319338586
 30
0.0
 40
21.99999999999912
100
AcDbArc
 50
185.7895077109737
 51
354.210492289035
  0
ARC
  5
14EA
330
6C
100
AcDbEntity
  8
Outline
100
AcDbCircle
 10
-212.3139190852539
 20
112.5774319338595
 30
0.0
 40
22.0
100
AcDbArc
 50
354.2104922890237
 51
7.031002002881822
  0
LINE
  5
156D
102
{ACAD_REACTORS
330
1748
102
}
330
6C
100
AcDbEntity
  8
Outline
100
AcDbLine
 10
-331.6568149726363
 20
64.57743193385955
 30
0.0
 11
-363.6568149726363
 21
64.57743193385965
 31
0.0
  0
LINE
  5
156E
102
{ACAD_REACTORS
330
1748
102
}
330
6C
100
AcDbEntity
  8
Outline
100
AcDbLine
 10
-373.6568149726363
 20
64.57743193385955
 30
0.0
 11
-376.6568149726363
 21
64.57743193385955
 31
0.0
  0
LINE
  5
156F
102
{ACAD_REACTORS
330
1748
102
}
330
6C
100
AcDbEntity
  8
Outline
100
AcDbLine
 10
-376.6568149726363
 20
64.57743193385955
 30
0.0
 11
-376.6568149726363
 21
50.57743193385954
 31
0.0
  0
LINE
  5
1570
102
{ACAD_REACTORS
330
1675
330
1748
102
}
330
6C
100
AcDbEntity
  8
Outline
100
AcDbLine
 10
-376.6568149726363
 20
50.57743193385954
 30
0.0
 11
-318.6568149726363
 21
50.57743193385954
 31
0.0
  0
LINE
  5
1571
102
{ACAD_REACTORS
330
1748
330
1872
102
}
330
6C
100
AcDbEntity
  8
Outline
100
AcDbLine
 10
-321.6568149726363
 20
64.57743193385955
 30
0.0
 11
-321.6568149726363
 21
130.5774319338595
 31
0.0
  0
LINE
  5
1572
102
{ACAD_REACTORS
330
1872
102
}
330
6C
100
AcDbEntity
  8
Outline
100
AcDbLine
 10
-321.6568149726363
 20
130.5774319338595
 30
0.0
 11
-331.6568149726363
 21
130.5774319338595
 31
0.0
  0
LINE
  5
1573
330
6C
100
AcDbEntity
  8
Outline
100
AcDbLine
 10
-331.6568149726363
 20
130.5774319338595
 30
0.0
 11
-331.6568149726363
 21
118.5774319338597
 31
0.0
  0
LINE
  5
1574
102
{ACAD_REACTORS
330
1748
102
}
330
6C
100
AcDbEntity
  8
Outline
100
AcDbLine
 10
-331.6568149726362
 20
102.5774319338597
 30
0.0
 11
-331.6568149726363
 21
64.57743193385965
 31
0.0
  0
LINE
  5
1575
102
{ACAD_REACTORS
330
1748
330
1872
102
}
330
6C
100
AcDbEntity
  8
Outline
100
AcDbLine
 10
-373.6568149726363
 20
64.57743193385955
 30
0.0
 11
-373.6568149726363
 21
130.5774319338595
 31
0.0
  0
LINE
  5
1576
102
{ACAD_REACTORS
330
1872
102
}
330
6C
100
AcDbEntity
  8
Outline
100
AcDbLine
 10
-373.6568149726363
 20
130.5774319338595
 30
0.0
 11
-363.6568149726363
 21
130.5774319338595
 31
0.0
  0
LINE
  5
1577
330
6C
100
AcDbEntity
  8
Outline
100
AcDbLine
 10
-363.6568149726363
 20
130.5774319338595
 30
0.0
 11
-363.6568149726363
 21
118.5774319338597
 31
0.0
  0
LINE
  5
1578
102
{ACAD_REACTORS
330
1748
102
}
330
6C
100
AcDbEntity
  8
Outline
100
AcDbLine
 10
-363.6568149726363
 20
102.5774319338597
 30
0.0
 11
-363.6568149726363
 21
64.57743193385955
 31
0.0
  0
LINE
  5
1579
102
{ACAD_REACTORS
330
16FC
330
1793
102
}
330
6C
100
AcDbEntity
  8
Center
100
AcDbLine
 10
-306.0675956484784
 20
110.5774319338595
 30
0.0
 11
-380.1770175167448
 21
110.5774319338595
 31
0.0
  0
LINE
  5
157B
102
{ACAD_REACTORS
330
1748
102
}
330
6C
100
AcDbEntity
  8
Outline
100
AcDbLine
 10
-373.6568149726363
 20
94.57743193385955
 30
0.0
 11
-373.6568149726363
 21
126.5774319338595
 31
0.0
  0
LINE
  5
157C
330
6C
100
AcDbEntity
  8
Outline
100
AcDbLine
 10
-373.6568149726363
 20
102.5774319338597
 30
0.0
 11
-373.6568149726363
 21
118.5774319338597
 31
0.0
  0
LINE
  5
157E
102
{ACAD_REACTORS
330
16CC
330
1872
102
}
330
6C
100
AcDbEntity
  8
Outline
100
AcDbLine
 10
-373.6568149726363
 20
118.5774319338597
 30
0.0
 11
-325.6568149726363
 21
118.5774319338597
 31
0.0
  0
LINE
  5
157F
330
6C
100
AcDbEntity
  8
Outline
100
AcDbLine
 10
-325.6568149726363
 20
118.5774319338597
 30
0.0
 11
-325.6568149726362
 21
102.5774319338597
 31
0.0
  0
LINE
  5
1580
102
{ACAD_REACTORS
330
16CC
330
1748
102
}
330
6C
100
AcDbEntity
  8
Outline
100
AcDbLine
 10
-325.6568149726362
 20
102.5774319338597
 30
0.0
 11
-373.6568149726363
 21
102.5774319338597
 31
0.0
  0
LINE
  5
1581
102
{ACAD_REACTORS
330
1748
102
}
330
6C
100
AcDbEntity
  8
Outline
100
AcDbLine
 10
-325.6568149726362
 20
102.5774319338597
 30
0.0
 11
-313.1440020515337
 21
102.5774319338597
 31
0.0
  0
LINE
  5
1582
330
6C
100
AcDbEntity
  8
Outline
100
AcDbLine
 10
-311.0004085120849
 20
102.5774319338597
 30
0.0
 11
-307.9568149726368
 21
102.5774319338597
 31
0.0
  0
LINE
  5
1583
330
6C
100
AcDbEntity
  8
Outline
100
AcDbLine
 10
-306.4568149726369
 20
104.0774319338597
 30
0.0
 11
-307.9568149726368
 21
102.5774319338597
 31
0.0
  0
LINE
  5
1584
330
6C
100
AcDbEntity
  8
Outline
100
AcDbLine
 10
-307.9568149726366
 20
118.5774319338597
 30
0.0
 11
-311.0004085120849
 21
118.5774319338596
 31
0.0
  0
LINE
  5
1585
102
{ACAD_REACTORS
330
1872
102
}
330
6C
100
AcDbEntity
  8
Outline
100
AcDbLine
 10
-313.1440020515342
 20
118.5774319338596
 30
0.0
 11
-325.6568149726363
 21
118.5774319338597
 31
0.0
  0
LINE
  5
1586
330
6C
100
AcDbEntity
  8
Outline
100
AcDbLine
 10
-306.4568149726366
 20
117.0774319338597
 30
0.0
 11
-307.9568149726366
 21
118.5774319338597
 31
0.0
  0
LINE
  5
1588
330
6C
100
AcDbEntity
  8
Outline
100
AcDbLine
 10
-373.6568149726363
 20
94.57743193385955
 30
0.0
 11
-384.3132214331875
 21
94.57743193385955
 31
0.0
  0
LINE
  5
1589
102
{ACAD_REACTORS
330
17F9
102
}
330
6C
100
AcDbEntity
  8
Outline
100
AcDbLine
 10
-384.3132214331877
 20
126.5774319338595
 30
0.0
 11
-373.6568149726363
 21
126.5774319338595
 31
0.0
  0
LINE
  5
158A
330
6C
100
AcDbEntity
  8
Outline
100
AcDbLine
 10
-384.3132214331873
 20
118.5774319338595
 30
0.0
 11
-373.6568149726363
 21
118.5774319338595
 31
0.0
  0
LINE
  5
158B
330
6C
100
AcDbEntity
  8
Outline
100
AcDbLine
 10
-384.3132214331873
 20
102.5774319338595
 30
0.0
 11
-373.6568149726363
 21
102.5774319338597
 31
0.0
  0
LINE
  5
158C
330
6C
100
AcDbEntity
  8
Outline
100
AcDbLine
 10
-311.0004085120849
 20
98.57743193385932
 30
0.0
 11
-311.0004085120849
 21
122.5774319338594
 31
0.0
  0
LINE
  5
158D
102
{ACAD_REACTORS
330
17F3
102
}
330
6C
100
AcDbEntity
  8
Outline
100
AcDbLine
 10
-321.6568149726363
 20
126.5774319338599
 30
0.0
 11
-313.144002051534
 21
126.5774319338599
 31
0.0
  0
LINE
  5
158E
330
6C
100
AcDbEntity
  8
Outline
100
AcDbLine
 10
-313.144002051534
 20
94.57743193385988
 30
0.0
 11
-321.6568149726362
 21
94.57743193385988
 31
0.0
  0
ARC
  5
158F
330
6C
100
AcDbEntity
  8
Outline
100
AcDbCircle
 10
-327.000408512085
 20
110.5774319338593
 30
0.0
 40
16.0
100
AcDbArc
 50
329.9999999999995
 51
30.0000000000005
  0
LINE
  5
1590
102
{ACAD_REACTORS
330
1872
102
}
330
6C
100
AcDbEntity
  8
Outline
100
AcDbLine
 10
-321.6568149726363
 20
98.57743193385955
 30
0.0
 11
-321.6568149726363
 21
122.5774319338596
 31
0.0
  0
LINE
  5
1591
330
6C
100
AcDbEntity
  8
Outline
100
AcDbLine
 10
-319.5132214331874
 20
118.5774319338595
 30
0.0
 11
-313.144002051534
 21
118.5774319338595
 31
0.0
  0
LINE
  5
1592
330
6C
100
AcDbEntity
  8
Outline
100
AcDbLine
 10
-319.5132214331874
 20
102.5774319338595
 30
0.0
 11
-313.1440020515338
 21
102.5774319338596
 31
0.0
  0
ARC
  5
1593
330
6C
100
AcDbEntity
  8
Outline
100
AcDbCircle
 10
-315.8042560893782
 20
98.57743193385932
 30
0.0
 40
4.803847577293373
100
AcDbArc
 50
303.6264291359778
 51
56.37357086402221
  0
ARC
  5
1594
330
6C
100
AcDbEntity
  8
Outline
100
AcDbCircle
 10
-315.8042560893782
 20
122.5774319338594
 30
0.0
 40
4.803847577293373
100
AcDbArc
 50
303.62642913597
 51
56.37357086402221
  0
LINE
  5
1595
102
{ACAD_REACTORS
330
16CC
102
}
330
6C
100
AcDbEntity
  8
Outline
100
AcDbLine
 10
-363.6568149726363
 20
88.57743193385955
 30
0.0
 11
-363.6568149726363
 21
102.5774319338597
 31
0.0
  0
LINE
  5
1596
102
{ACAD_REACTORS
330
16CC
330
1872
102
}
330
6C
100
AcDbEntity
  8
Outline
100
AcDbLine
 10
-363.6568149726363
 20
118.5774319338597
 30
0.0
 11
-363.6568149726363
 21
160.5774319338595
 31
0.0
  0
LINE
  5
1597
330
6C
100
AcDbEntity
  8
Outline
100
AcDbLine
 10
-363.6568149726363
 20
160.5774319338595
 30
0.0
 11
-356.1568149726363
 21
160.5774319338595
 31
0.0
  0
LINE
  5
1598
330
6C
100
AcDbEntity
  8
Outline
100
AcDbLine
 10
-339.1568149726363
 20
160.5774319338595
 30
0.0
 11
-331.6568149726363
 21
160.5774319338595
 31
0.0
  0
LINE
  5
1599
102
{ACAD_REACTORS
330
16CC
330
1872
102
}
330
6C
100
AcDbEntity
  8
Outline
100
AcDbLine
 10
-331.6568149726363
 20
160.5774319338595
 30
0.0
 11
-331.6568149726363
 21
118.5774319338597
 31
0.0
  0
LINE
  5
159A
102
{ACAD_REACTORS
330
16CC
102
}
330
6C
100
AcDbEntity
  8
Outline
100
AcDbLine
 10
-331.6568149726363
 20
102.5774319338597
 30
0.0
 11
-331.6568149726363
 21
88.57743193385955
 31
0.0
  0
LINE
  5
159B
102
{ACAD_REACTORS
330
16CC
102
}
330
6C
100
AcDbEntity
  8
Outline
100
AcDbLine
 10
-331.6568149726363
 20
88.57743193385955
 30
0.0
 11
-363.6568149726363
 21
88.57743193385955
 31
0.0
  0
LINE
  5
159C
330
6C
100
AcDbEntity
  8
Outline
100
AcDbLine
 10
-356.1568149726363
 20
143.1928346453321
 30
0.0
 11
-339.1568149726363
 21
143.1928346453321
 31
0.0
  0
LINE
  5
159D
102
{ACAD_REACTORS
330
16CC
102
}
330
6C
100
AcDbEntity
  8
Outline
100
AcDbLine
 10
-337.6568149726363
 20
144.6928346453321
 30
0.0
 11
-337.6568149726363
 21
160.5774319338595
 31
0.0
  0
LINE
  5
159E
330
6C
100
AcDbEntity
  8
Outline
100
AcDbLine
 10
-337.6568149726363
 20
168.5774319338595
 30
0.0
 11
-337.6568149726363
 21
197.6928346453321
 31
0.0
  0
LINE
  5
159F
330
6C
100
AcDbEntity
  8
Outline
100
AcDbLine
 10
-339.1568149726363
 20
199.1928346453321
 30
0.0
 11
-337.6568149726363
 21
197.6928346453321
 31
0.0
  0
LINE
  5
15A0
330
6C
100
AcDbEntity
  8
Outline
100
AcDbLine
 10
-339.1568149726363
 20
143.1928346453321
 30
0.0
 11
-337.6568149726363
 21
144.6928346453321
 31
0.0
  0
LINE
  5
15A1
330
6C
100
AcDbEntity
  8
Outline
100
AcDbLine
 10
-339.1568149726363
 20
199.1928346453321
 30
0.0
 11
-356.1568149726363
 21
199.1928346453322
 31
0.0
  0
LINE
  5
15A2
330
6C
100
AcDbEntity
  8
Outline
100
AcDbLine
 10
-357.6568149726363
 20
197.6928346453322
 30
0.0
 11
-356.1568149726363
 21
199.1928346453322
 31
0.0
  0
LINE
  5
15A3
330
6C
100
AcDbEntity
  8
Outline
100
AcDbLine
 10
-357.6568149726363
 20
197.6928346453322
 30
0.0
 11
-357.6568149726363
 21
168.5774319338595
 31
0.0
  0
LINE
  5
15A4
102
{ACAD_REACTORS
330
16CC
102
}
330
6C
100
AcDbEntity
  8
Outline
100
AcDbLine
 10
-357.6568149726363
 20
160.5774319338595
 30
0.0
 11
-357.6568149726363
 21
144.6928346453321
 31
0.0
  0
LINE
  5
15A5
330
6C
100
AcDbEntity
  8
Outline
100
AcDbLine
 10
-356.1568149726363
 20
143.1928346453321
 30
0.0
 11
-357.6568149726363
 21
144.6928346453321
 31
0.0
  0
CIRCLE
  5
15A6
330
6C
100
AcDbEntity
  8
Outline
100
AcDbCircle
 10
-347.6568149726363
 20
183.1928346453321
 30
0.0
 40
5.25
  0
LINE
  5
15A7
330
6C
100
AcDbEntity
  8
Outline
100
AcDbLine
 10
-357.6568149726363
 20
175.1928346453321
 30
0.0
 11
-337.6568149726363
 21
175.1928346453322
 31
0.0
  0
LINE
  5
15A8
330
6C
100
AcDbEntity
  8
Outline
100
AcDbLine
 10
-357.6568149726363
 20
144.6928346453321
 30
0.0
 11
-337.6568149726363
 21
144.6928346453321
 31
0.0
  0
LINE
  5
15A9
330
6C
100
AcDbEntity
  8
Outline
100
AcDbLine
 10
-357.6568149726363
 20
197.6928346453322
 30
0.0
 11
-337.6568149726363
 21
197.6928346453321
 31
0.0
  0
LINE
  5
15AA
102
{ACAD_REACTORS
330
16CC
102
}
330
6C
100
AcDbEntity
  8
Outline
100
AcDbLine
 10
-339.1568149726363
 20
143.1928346453321
 30
0.0
 11
-339.1568149726363
 21
124.5455236035807
 31
0.0
  0
LINE
  5
15AB
102
{ACAD_REACTORS
330
16CC
102
}
330
6C
100
AcDbEntity
  8
Outline
100
AcDbLine
 10
-339.1568149726363
 20
124.5455236035807
 30
0.0
 11
-347.6568149726363
 21
121.6503618556229
 31
0.0
  0
LINE
  5
15AC
330
6C
100
AcDbEntity
  8
Outline
100
AcDbLine
 10
-339.1568149726363
 20
124.5455236035807
 30
0.0
 11
-347.6568149726363
 21
124.5455236035807
 31
0.0
  0
LINE
  5
15AD
102
{ACAD_REACTORS
330
16CC
102
}
330
6C
100
AcDbEntity
  8
Outline
100
AcDbLine
 10
-356.1568149726363
 20
143.1928346453321
 30
0.0
 11
-356.1568149726363
 21
124.5455236035807
 31
0.0
  0
LINE
  5
15AE
102
{ACAD_REACTORS
330
16CC
102
}
330
6C
100
AcDbEntity
  8
Outline
100
AcDbLine
 10
-356.1568149726363
 20
124.5455236035807
 30
0.0
 11
-347.6568149726363
 21
121.6503618556229
 31
0.0
  0
LINE
  5
15AF
330
6C
100
AcDbEntity
  8
Outline
100
AcDbLine
 10
-356.1568149726363
 20
124.5455236035807
 30
0.0
 11
-347.6568149726363
 21
124.5455236035807
 31
0.0
  0
HATCH
  5
15B0
330
6C
100
AcDbEntity
  8
Hatched
100
AcDbHatch
 10
0.0
 20
0.0
 30
0.0
210
0.0
220
0.0
230
1.0
  2
ANSI31
 70
     0
 71
     0
 91
        2
 92
        7
 72
     0
 73
     1
 93
        4
 10
-325.1568149726363
 20
160.5774319338595
 10
-325.1568149726363
 20
168.5774319338595
 10
-337.6568149726363
 20
168.5774319338595
 10
-337.6568149726363
 20
160.5774319338594
 97
        0
 92
        7
 72
     0
 73
     1
 93
        4
 10
-357.6568149726363
 20
160.5774319338595
 10
-357.6568149726363
 20
168.5774319338595
 10
-370.1568149726363
 20
168.5774319338595
 10
-370.1568149726363
 20
160.5774319338595
 97
        0
 75
     1
 76
     1
 52
0.0
 41
0.8699999999999999
 77
     0
 78
     1
 53
45.0
 43
-773.678153410634
 44
687.1324622432464
 45
-1.95320570633254
 46
1.953205706332541
 79
     0
 47
0.2530079008690405
 98
        2
 10
-332.2387887384721
 20
163.407425562558
 10
-362.8761740567088
 20
163.9134411588827
1001
GradientColor1ACI
1070
     5
1001
GradientColor2ACI
1070
     2
1001
ACAD
1010
0.0
1020
0.0
1030
0.0
  0
LINE
  5
15B1
330
6C
100
AcDbEntity
  8
Outline
100
AcDbLine
 10
-370.1568149726363
 20
160.5774319338595
 30
0.0
 11
-370.1568149726363
 21
168.5774319338595
 31
0.0
  0
LINE
  5
15B2
102
{ACAD_REACTORS
330
1675
102
}
330
6C
100
AcDbEntity
  8
Outline
100
AcDbLine
 10
-370.1568149726363
 20
168.5774319338595
 30
0.0
 11
-356.1568149726363
 21
168.5774319338595
 31
0.0
  0
LINE
  5
15B3
330
6C
100
AcDbEntity
  8
Outline
100
AcDbLine
 10
-339.1568149726363
 20
168.5774319338595
 30
0.0
 11
-325.1568149726363
 21
168.5774319338595
 31
0.0
  0
LINE
  5
15B4
330
6C
100
AcDbEntity
  8
Outline
100
AcDbLine
 10
-325.1568149726363
 20
168.5774319338595
 30
0.0
 11
-325.1568149726363
 21
160.5774319338595
 31
0.0
  0
LINE
  5
15B5
102
{ACAD_REACTORS
330
16CC
102
}
330
6C
100
AcDbEntity
  8
Outline
100
AcDbLine
 10
-325.1568149726363
 20
160.5774319338595
 30
0.0
 11
-339.1568149726363
 21
160.5774319338594
 31
0.0
  0
LINE
  5
15B6
102
{ACAD_REACTORS
330
16CC
102
}
330
6C
100
AcDbEntity
  8
Outline
100
AcDbLine
 10
-356.1568149726363
 20
160.5774319338595
 30
0.0
 11
-370.1568149726363
 21
160.5774319338595
 31
0.0
  0
LINE
  5
15B7
330
6C
100
AcDbEntity
  8
Inner thicker
100
AcDbLine
 10
-356.1568149726363
 20
168.5774319338595
 30
0.0
 11
-356.1568149726363
 21
160.5774319338595
 31
0.0
  0
LINE
  5
15B8
330
6C
100
AcDbEntity
  8
Inner thicker
100
AcDbLine
 10
-339.1568149726363
 20
168.5774319338595
 30
0.0
 11
-339.1568149726363
 21
160.5774319338595
 31
0.0
  0
LINE
  5
15B9
102
{ACAD_REACTORS
330
1748
102
}
330
6C
100
AcDbEntity
  8
Center
100
AcDbLine
 10
-344.1568149726363
 20
45.24886551511667
 30
0.0
 11
-344.1568149726363
 21
70.51615066381396
 31
0.0
  0
LINE
  5
15BA
102
{ACAD_REACTORS
330
1748
102
}
330
6C
100
AcDbEntity
  8
Hidden
100
AcDbLine
 10
-351.1568149726363
 20
64.57743193385955
 30
0.0
 11
-351.1568149726363
 21
50.57743193385954
 31
0.0
  0
LINE
  5
15BB
102
{ACAD_REACTORS
330
1748
102
}
330
6C
100
AcDbEntity
  8
Hidden
100
AcDbLine
 10
-337.1568149726363
 20
64.57743193385955
 30
0.0
 11
-337.1568149726363
 21
50.57743193385954
 31
0.0
  0
LINE
  5
15E1
330
6C
100
AcDbEntity
  8
Center
100
AcDbLine
 10
-356.6678200976564
 20
183.1928346453321
 30
0.0
 11
-338.2489809594602
 21
183.1928346453321
 31
0.0
  0
LINE
  5
15E2
330
6C
100
AcDbEntity
  8
Center
100
AcDbLine
 10
-347.6568149726363
 20
175.1928346453322
 30
0.0
 11
-347.6568149726363
 21
193.3396623743085
 31
0.0
  0
LINE
  5
15F9
102
{ACAD_REACTORS
330
1793
102
}
330
6C
100
AcDbEntity
  8
Outline
100
AcDbLine
 10
-386.4568149726366
 20
98.57743193385966
 30
0.0
 11
-386.4568149726366
 21
122.5774319338597
 31
0.0
  0
ARC
  5
15FA
330
6C
100
AcDbEntity
  8
Outline
100
AcDbCircle
 10
-370.4568149726366
 20
110.5774319338596
 30
0.0
 40
16.0
100
AcDbArc
 50
149.9999999999988
 51
210.0000000000012
  0
ARC
  5
15FB
330
6C
100
AcDbEntity
  8
Outline
100
AcDbCircle
 10
-381.6529673953434
 20
98.57743193385966
 30
0.0
 40
4.803847577293373
100
AcDbArc
 50
123.62642913597
 51
236.3735708640295
  0
ARC
  5
15FC
330
6C
100
AcDbEntity
  8
Outline
100
AcDbCircle
 10
-381.6529673953434
 20
122.5774319338597
 30
0.0
 40
4.803847577293373
100
AcDbArc
 50
123.62642913597
 51
236.3735708640299
  0
LINE
  5
15FD
102
{ACAD_REACTORS
330
1793
102
}
330
6C
100
AcDbEntity
  8
Outline
100
AcDbLine
 10
-306.4568149726366
 20
117.0774319338597
 30
0.0
 11
-306.4568149726369
 21
104.0774319338597
 31
0.0
  0
LINE
  5
160A
330
6C
100
AcDbEntity
  8
Inner thicker
100
AcDbLine
 10
-356.1568149726363
 20
168.5774319338595
 30
0.0
 11
-356.1568149726364
 21
175.1928346453321
 31
0.0
  0
LINE
  5
160B
330
6C
100
AcDbEntity
  8
Inner thicker
100
AcDbLine
 10
-339.1568149726363
 20
168.5774319338595
 30
0.0
 11
-339.1568149726364
 21
175.1928346453322
 31
0.0
  0
LINE
  5
160C
330
6C
100
AcDbEntity
  8
Inner thicker
100
AcDbLine
 10
-356.1568149726363
 20
160.5774319338595
 30
0.0
 11
-356.1568149726363
 21
143.1928346453321
 31
0.0
  0
LINE
  5
160D
330
6C
100
AcDbEntity
  8
Inner thicker
100
AcDbLine
 10
-339.1568149726363
 20
143.1928346453321
 30
0.0
 11
-339.1568149726363
 21
160.5774319338594
 31
0.0
  0
LINE
  5
160E
330
6C
100
AcDbEntity
  8
Outline
100
AcDbLine
 10
-357.6568149726363
 20
168.5774319338595
 30
0.0
 11
-357.6568149726363
 21
160.5774319338595
 31
0.0
  0
LINE
  5
160F
330
6C
100
AcDbEntity
  8
Outline
100
AcDbLine
 10
-337.6568149726363
 20
168.5774319338595
 30
0.0
 11
-337.6568149726363
 21
160.5774319338595
 31
0.0
  0
LINE
  5
1649
102
{ACAD_REACTORS
330
16CC
102
}
330
6C
100
AcDbEntity
  8
Inner thicker
100
AcDbLine
 10
-357.6568149726363
 20
144.6928346453321
 30
0.0
 11
-357.6568149726363
 21
127.9744810102056
 31
0.0
  0
LINE
  5
164A
102
{ACAD_REACTORS
330
16CC
102
}
330
6C
100
AcDbEntity
  8
Inner thicker
100
AcDbLine
 10
-357.6568149726363
 20
127.9744810102056
 30
0.0
 11
-337.6568149726363
 21
127.9744810102056
 31
0.0
  0
LINE
  5
164B
102
{ACAD_REACTORS
330
16CC
102
}
330
6C
100
AcDbEntity
  8
Inner thicker
100
AcDbLine
 10
-337.6568149726363
 20
144.6928346453321
 30
0.0
 11
-337.6568149726363
 21
127.9744810102056
 31
0.0
  0
LINE
  5
164E
330
6C
100
AcDbEntity
  8
Inner thicker
100
AcDbLine
 10
-321.6568149726363
 20
117.0774319338597
 30
0.0
 11
-325.6568149726363
 21
117.0774319338597
 31
0.0
  0
LINE
  5
1651
330
6C
100
AcDbEntity
  8
Inner thicker
100
AcDbLine
 10
-321.6568149726363
 20
104.0774319338597
 30
0.0
 11
-325.6568149726362
 21
104.0774319338597
 31
0.0
  0
DIMENSION
  5
165E
102
{ACAD_XDICTIONARY
360
166B
102
}
102
{ACAD_REACTORS
330
1675
102
}
330
6C
100
AcDbEntity
  8
Dimensions
100
AcDbDimension
280
     0
  2
*D3
 10
-402.9878491873471
 20
168.5774319338595
 30
0.0
 11
-404.8628491873471
 21
109.5774319338595
 31
0.0
 70
    32
 71
     5
 42
118.0
 73
     0
 74
     0
 75
     0
  3
Copy of ISO-25
100
AcDbAlignedDimension
 13
-376.6568149726363
 23
50.57743193385954
 33
0.0
 14
-370.1568149726363
 24
168.5774319338595
 34
0.0
 50
90.0
100
AcDbRotatedDimension
1001
ACAD
1000
DSTYLE
1002
{
1070
    40
1040
1.0
1002
}
  0
HATCH
  5
16CC
330
6C
100
AcDbEntity
  8
Hatched
100
AcDbHatch
 10
0.0
 20
0.0
 30
0.0
210
0.0
220
0.0
230
1.0
  2
ANSI31
 70
     0
 71
     1
 91
        2
 92
        7
 72
     0
 73
     1
 93
       15
 10
-357.6568149726363
 20
144.6928346453321
 10
-357.6568149726363
 20
160.5774319338595
 10
-363.6568149726363
 20
160.5774319338595
 10
-363.6568149726363
 20
118.5774319338597
 10
-331.6568149726363
 20
118.5774319338597
 10
-331.6568149726363
 20
160.5774319338595
 10
-337.6568149726363
 20
160.5774319338594
 10
-337.6568149726363
 20
144.6928346453321
 10
-337.6568149726363
 20
127.9744810102056
 10
-339.1568149726363
 20
127.9744810102056
 10
-339.1568149726363
 20
124.5455236035807
 10
-347.6568149726363
 20
121.6503618556229
 10
-356.1568149726363
 20
124.5455236035807
 10
-356.1568149726363
 20
127.9744810102056
 10
-357.6568149726363
 20
127.9744810102056
 97
       14
330
15A4
330
15B6
330
1596
330
157E
330
1599
330
15B5
330
159D
330
164B
330
164A
330
15AA
330
15AB
330
15AE
330
15AD
330
1649
 92
        7
 72
     0
 73
     1
 93
        4
 10
-331.6568149726363
 20
102.5774319338597
 10
-363.6568149726363
 20
102.5774319338597
 10
-363.6568149726363
 20
88.57743193385955
 10
-331.6568149726363
 20
88.57743193385955
 97
        4
330
1580
330
1595
330
159B
330
159A
 75
     1
 76
     1
 52
90.0
 41
1.0
 77
     0
 78
     1
 53
135.0
 43
0.0
 44
0.0
 45
-2.245064030267288
 46
-2.245064030267287
 79
     0
 47
0.1364307607685729
 98
        2
 10
-361.1176651518449
 20
139.336031689493
 10
-354.8370470729126
 20
97.58821836877416
1001
GradientColor1ACI
1070
     5
1001
GradientColor2ACI
1070
     2
1001
ACAD
1010
0.0
1020
0.0
1030
0.0
  0
DIMENSION
  5
16E5
102
{ACAD_XDICTIONARY
360
16F2
102
}
102
{ACAD_REACTORS
330
16FC
102
}
330
6C
100
AcDbEntity
  8
Dimensions
100
AcDbDimension
280
     0
  2
*D4
 10
-393.5704106277222
 20
110.5774319338595
 30
0.0
 11
-395.4454106277221
 21
80.57743193385949
 31
0.0
 70
    32
 71
     5
 42
60.0
 73
     0
 74
     0
 75
     0
  3
Copy of ISO-25
100
AcDbAlignedDimension
 13
-376.6568149726363
 23
50.57743193385954
 33
0.0
 14
-376.6568149726363
 24
110.5774319338595
 34
0.0
 50
90.0
100
AcDbRotatedDimension
1001
ACAD
1000
DSTYLE
1002
{
1070
    40
1040
1.0
1002
}
  0
LINE
  5
1715
102
{ACAD_REACTORS
330
1748
102
}
330
6C
100
AcDbEntity
  8
Outline
100
AcDbLine
 10
-321.6568149726363
 20
64.57743193385955
 30
0.0
 11
-318.6568149726363
 21
64.57743193385955
 31
0.0
  0
LINE
  5
1716
102
{ACAD_REACTORS
330
1748
102
}
330
6C
100
AcDbEntity
  8
Outline
100
AcDbLine
 10
-318.6568149726363
 20
64.57743193385955
 30
0.0
 11
-318.6568149726363
 21
50.57743193385954
 31
0.0
  0
HATCH
  5
1748
330
6C
100
AcDbEntity
  8
Hatched
100
AcDbHatch
 10
0.0
 20
0.0
 30
0.0
210
0.0
220
0.0
230
1.0
  2
ANSI31
 70
     0
 71
     1
 91
        4
 92
        7
 72
     0
 73
     1
 93
        9
 10
-351.1568149726363
 20
64.57743193385962
 10
-363.6568149726363
 20
64.57743193385965
 10
-363.6568149726363
 20
102.5774319338597
 10
-373.6568149726363
 20
102.5774319338597
 10
-373.6568149726363
 20
94.57743193385955
 10
-373.6568149726363
 20
64.57743193385955
 10
-376.6568149726363
 20
64.57743193385955
 10
-376.6568149726363
 20
50.57743193385954
 10
-351.1568149726363
 20
50.57743193385954
 97
        9
330
156D
330
1578
330
1580
330
157B
330
1575
330
156E
330
156F
330
1570
330
15BA
 92
        7
 72
     0
 73
     1
 93
        9
 10
-318.6568149726363
 20
64.57743193385955
 10
-321.6568149726363
 20
64.57743193385955
 10
-321.6568149726363
 20
102.5774319338597
 10
-325.6568149726362
 20
102.5774319338597
 10
-331.6568149726362
 20
102.5774319338597
 10
-331.6568149726363
 20
64.57743193385955
 10
-337.1568149726363
 20
64.57743193385955
 10
-337.1568149726363
 20
50.57743193385954
 10
-318.6568149726363
 20
50.57743193385954
 97
        9
330
1715
330
1571
330
1581
330
1580
330
1574
330
156D
330
15BB
330
1570
330
1716
 92
        7
 72
     0
 73
     1
 93
        4
 10
-337.1568149726363
 20
64.57743193385955
 10
-344.1568149726363
 20
64.57743193385958
 10
-344.1568149726363
 20
50.57743193385954
 10
-337.1568149726363
 20
50.57743193385954
 97
        3
330
156D
330
15B9
330
1570
 92
        7
 72
     0
 73
     1
 93
        4
 10
-344.1568149726363
 20
64.57743193385958
 10
-351.1568149726363
 20
64.57743193385962
 10
-351.1568149726363
 20
50.57743193385954
 10
-344.1568149726363
 20
50.57743193385954
 97
        2
330
156D
330
1570
 75
     1
 76
     1
 52
0.0
 41
1.0
 77
     0
 78
     1
 53
45.0
 43
0.0
 44
0.0
 45
-2.245064030267287
 46
2.245064030267288
 79
     0
 47
0.2106811492387463
 98
        4
 10
-368.3333662784589
 20
61.29435728908913
 10
-328.4841595801117
 20
60.45163260079778
 10
-340.9238585306062
 20
59.3982275108209
 10
-348.5141840899623
 20
58.34482139366094
1001
GradientColor1ACI
1070
     5
1001
GradientColor2ACI
1070
     2
1001
ACAD
1010
0.0
1020
0.0
1030
0.0
  0
LINE
  5
176F
330
6C
100
AcDbEntity
  8
Outline
100
AcDbLine
 10
-307.9568149726366
 20
118.5774319338597
 30
0.0
 11
-307.9568149726368
 21
102.5774319338597
 31
0.0
  0
DIMENSION
  5
177C
102
{ACAD_XDICTIONARY
360
1789
102
}
102
{ACAD_REACTORS
330
1793
102
}
330
6C
100
AcDbEntity
  8
Dimensions
100
AcDbDimension
280
     0
  2
*D5
 10
-386.4568149726366
 20
36.66216412797121
 30
0.0
 11
-346.4568149726367
 21
38.53716412797121
 31
0.0
 70
    32
 71
     5
 42
79.99999999999989
 73
     0
 74
     0
 75
     0
  3
Copy of ISO-25
100
AcDbAlignedDimension
 13
-306.4568149726367
 23
110.5774319338595
 33
0.0
 14
-386.4568149726366
 24
110.5774319338595
 34
0.0
100
AcDbRotatedDimension
1001
ACAD
1000
DSTYLE
1002
{
1070
    40
1040
1.0
1002
}
  0
MULTILEADER
  5
17BD
102
{ACAD_XDICTIONARY
360
17C1
102
}
102
{ACAD_REACTORS
330
17C2
102
}
330
6C
100
AcDbEntity
  8
Dimensions
160
               924
310
9C030000220000000C00000016000000000000C00C00000033000000000000000C000000130000009C3A0000880000001D000000000000000000F03F000000000000000000000000000000006AFE9F75123671C00000000000000000000000000000F03F000000000000000008F586CA1BBD54400000000000000000000000
310
0000000000000000000000F03F0000000000000000000000000000000000000000000000000000000000000000000000000000F03F0C00000016000000070000C30C00000017000000FDFFFFFF0C00000014000000020000004000000002000000000000000000000000000000000000000000000000000000000000000000
310
104000000000000000000000000000000000000000000000F03F0C00000014000000010000000C00000016000000070000C30C00000017000000FDFFFFFF080000001F0000000C000000130000009D3A0000B400000026000000DE420CC8364671C008F586CA1B5D5440000000000000000000000000000000000000000000
310
000000000000000000F03F000000000000F03F000000000000000000000000000000003100000001000000010000000000000000000840000000000000F03F0000000000000000000000000000F03F00000000000000000000000000000000000000000000000000000000010000002200000041007200690061006C000000
310
0000000000003A4E0C00000033000000000000000C00000010000000030000000C00000016000000000000C00C00000012000000000000000C00000013000000010000000C00000014000000010000005400000007000000030000003CB6E16249DA6FC0262D37E0E1AA504000000000000000003CDA75A287AC6FC0F0E511
310
A5F42450400000000000000000E4B549FA87ED6FC0999ACC82F685504000000000000000000C00000014000000010000000C00000013000000891300003C000000060000000200000010B695AEE8E36FC0E0E381316C985040000000000000000074D543E64FF070C008F586CA1BBD544000000000000000000C0000001300
310
0000112700003C000000060000000200000074D543E64FF070C008F586CA1BBD544000000000000000006AFE9F7512F670C008F586CA1BBD544000000000000000000C00000016000000000000C00C00000012000000000000000C00000017000000000000000C000000130000009A3A00000C00000016000000000000C00C
310
00000012000000FF7F00000C00000017000000FFFFFFFF0C0000003300000000000000
100
AcDbMLeader
270
     2
300
CONTEXT_DATA{
 40
1.0
 10
-279.3795067071684
 20
82.95482123546037
 30
0.0
 41
0.18
140
2.5
145
0.09
174
     1
175
     6
176
     0
177
     0
290
     0
296
     1
341
17B8
 14
0.0
 24
0.0
 34
1.0
 15
-275.3795067071684
 25
82.95482123546037
 35
0.0
 16
1.0
 26
1.0
 36
1.0
 46
0.0
 93
-1073741824
 47
1.0
 47
0.0
 47
0.0
 47
-275.3795067071684
 47
0.0
 47
1.0
 47
0.0
 47
82.95482123546037
 47
0.0
 47
0.0
 47
1.0
 47
0.0
 47
0.0
 47
0.0
 47
0.0
 47
1.0
110
-253.3915569593245
120
64.57743193385955
130
0.0
111
1.0
121
0.0
131
0.0
112
0.0
122
1.0
132
0.0
297
     0
302
LEADER{
290
     1
291
     1
 10
-271.0195067071684
 20
82.95482123546037
 30
0.0
 11
-1.0
 21
0.0
 31
0.0
 90
        0
 40
0.36
304
LEADER_LINE{
 10
-253.3915569593245
 20
64.57743193385955
 30
0.0
 91
        0
305
}
271
     0
303
}
272
     9
273
     9
301
}
340
DAE
 90
  6816768
170
     1
 91
-1056964608
341
5D
171
    -1
290
     1
291
     1
 41
0.36
 42
2.5
172
     1
343
55
173
     1
 95
        6
174
     1
175
     0
 92
-1056964608
292
     0
344
17B8
 93
-1056964608
 10
1.0
 20
1.0
 30
1.0
 43
0.0
176
     0
293
     0
330
17BA
177
     1
 44
0.0
302
1
294
     0
178
     0
179
     1
 45
1.0
271
     0
272
     9
273
     9
295
     1
  0
DIMENSION
  5
17C3
102
{ACAD_XDICTIONARY
360
17D0
102
}
102
{ACAD_REACTORS
330
17DA
102
}
330
6C
100
AcDbEntity
  8
Dimensions
100
AcDbDimension
280
     0
  2
*D8
 10
-283.3139190852539
 20
20.70414035482736
 30
0.0
 11
-212.3139190852539
 21
22.57914035482736
 31
0.0
 70
    32
 71
     5
 42
141.9999999999999
 73
     0
 74
     0
 75
     0
  3
Copy of ISO-25
100
AcDbAlignedDimension
 13
-141.3139190852539
 23
50.57743193385954
 33
0.0
 14
-283.3139190852539
 24
50.57743193385955
 34
0.0
100
AcDbRotatedDimension
1001
ACAD
1000
DSTYLE
1002
{
1070
    40
1040
1.0
1002
}
  0
MULTILEADER
  5
17E8
102
{ACAD_XDICTIONARY
360
17EC
102
}
102
{ACAD_REACTORS
330
17ED
102
}
330
6C
100
AcDbEntity
  8
Dimensions
160
               924
310
9C030000220000000C00000016000000000000C00C00000033000000000000000C000000130000009C3A0000880000001D000000000000000000F03F0000000000000000000000000000000034A9F3CCF6FB61C00000000000000000000000000000F03F0000000000000000D89DB16E3A8362400000000000000000000000
310
0000000000000000000000F03F0000000000000000000000000000000000000000000000000000000000000000000000000000F03F0C00000016000000070000C30C00000017000000FDFFFFFF0C00000014000000020000004000000002000000000000000000000000000000000000000000000000000000000000000000
310
104000000000000000000000000000000000000000000000F03F0C00000014000000010000000C00000016000000070000C30C00000017000000FDFFFFFF080000001F0000000C000000130000009D3A0000B40000002600000029D4BC8DAF1F62C0D89DB16E3A536240000000000000000000000000000000000000000000
310
000000000000000000F03F000000000000F03F000000000000000000000000000000003200000001000000010000000000000000000840000000000000F03F0000000000000000000000000000F03F00000000000000000000000000000000000000000000000000000000010000002200000041007200690061006C000000
310
00000000000000000C00000033000000000000000C00000010000000030000000C00000016000000000000C00C00000012000000000000000C00000013000000010000000C0000001400000001000000540000000700000003000000D393468685AE67C038E697625AD75F4000000000000000009ABA50AC31FC67C09C7EDB
310
2CACA85F400000000000000000F79119374ABA67C0588081209B03604000000000000000000C00000014000000010000000C00000013000000891300003C0000000600000002000000E512B0DE67B467C07473CD5148EF5F40000000000000000020FBABEB7B8762C0D89DB16E3A83624000000000000000000C0000001300
310
0000112700003C000000060000000200000020FBABEB7B8762C0D89DB16E3A836240000000000000000034A9F3CCF67B62C0D89DB16E3A83624000000000000000000C00000016000000000000C00C00000012000000000000000C00000017000000000000000C000000130000009A3A00000C00000016000000000000C00C
310
00000012000000FF7F00000C00000017000000FFFFFFFF0C0000003300000000000000
100
AcDbMLeader
270
     2
300
CONTEXT_DATA{
 40
1.0
 10
-147.8738770255091
 20
148.100882861049
 30
0.0
 41
0.18
140
2.5
145
0.09
174
     1
175
     6
176
     0
177
     0
290
     0
296
     1
341
17B8
 14
0.0
 24
0.0
 34
1.0
 15
-143.8738770255091
 25
148.100882861049
 35
0.0
 16
1.0
 26
1.0
 36
1.0
 46
0.0
 93
-1073741824
 47
1.0
 47
0.0
 47
0.0
 47
-143.8738770255091
 47
0.0
 47
1.0
 47
0.0
 47
148.100882861049
 47
0.0
 47
0.0
 47
1.0
 47
0.0
 47
0.0
 47
0.0
 47
0.0
 47
1.0
110
-191.881063611673
120
126.6355087417127
130
0.0
111
1.0
121
0.0
131
0.0
112
0.0
122
1.0
132
0.0
297
     0
302
LEADER{
290
     1
291
     1
 10
-148.2338770255092
 20
148.100882861049
 30
0.0
 11
1.0
 21
0.0
 31
0.0
 90
        0
 40
0.36
304
LEADER_LINE{
 10
-191.881063611673
 20
126.6355087417127
 30
0.0
 91
        0
305
}
271
     0
303
}
272
     9
273
     9
301
}
340
DAE
 90
  6816768
170
     1
 91
-1056964608
341
5D
171
    -1
290
     1
291
     1
 41
0.36
 42
2.5
172
     1
343
55
173
     1
 95
        6
174
     1
175
     0
 92
-1056964608
292
     0
344
17B8
 93
-1056964608
 10
1.0
 20
1.0
 30
1.0
 43
0.0
176
     0
293
     0
330
17BA
177
     1
 44
0.0
302
2
294
     0
178
     0
179
     1
 45
1.0
271
     0
272
     9
273
     9
295
     1
  0
MULTILEADER
  5
17EE
102
{ACAD_XDICTIONARY
360
17F2
102
}
102
{ACAD_REACTORS
330
17F3
102
}
330
6C
100
AcDbEntity
  8
Dimensions
160
               924
310
9C030000220000000C00000016000000000000C00C00000033000000000000000C000000130000009C3A0000880000001D000000000000000000F03F000000000000000000000000000000001A0C30DD0B2A71C00000000000000000000000000000F03F000000000000000068DCE16281D561400000000000000000000000
310
0000000000000000000000F03F0000000000000000000000000000000000000000000000000000000000000000000000000000F03F0C00000016000000070000C30C00000017000000FDFFFFFF0C00000014000000020000004000000002000000000000000000000000000000000000000000000000000000000000000000
310
104000000000000000000000000000000000000000000000F03F0C00000014000000010000000C00000016000000070000C30C00000017000000FDFFFFFF080000001F0000000C000000130000009D3A0000B400000026000000D0EF34777F3B71C068DCE16281A56140000000000000000000000000000000000000000000
310
000000000000000000F03F000000000000F03F000000000000000000000000000000003400000001000000010000000000000000000840000000000000F03F0000000000000000000000000000F03F00000000000000000000000000000000000000000000000000000000010000002200000041007200690061006C000000
310
0000000000003A4E0C00000033000000000000000C00000010000000030000000C00000016000000000000C00C00000012000000000000000C00000013000000010000000C0000001400000001000000540000000700000003000000BBDBB10EF0AE73C0A9DB620D31CA5F4000000000000000002287C11268D673C008E611
310
A5F4A45F40000000000000000021914A1E17B473C0EEF111B361FB5F4000000000000000000C00000014000000010000000C00000013000000891300003C00000006000000020000006E367E9683B173C0CC663A60C9E25F40000000000000000010358C6CCE6F71C068DCE16281D5614000000000000000000C0000001300
310
0000112700003C000000060000000200000010358C6CCE6F71C068DCE16281D5614000000000000000001A0C30DD0B6A71C068DCE16281D5614000000000000000000C00000016000000000000C00C00000012000000000000000C00000017000000000000000C000000130000009A3A00000C00000016000000000000C00C
310
00000012000000FF7F00000C00000017000000FFFFFFFF0C0000003300000000000000
100
AcDbMLeader
270
     2
300
CONTEXT_DATA{
 40
1.0
 10
-278.6278964878889
 20
142.6720442210528
 30
0.0
 41
0.18
140
2.5
145
0.09
174
     1
175
     6
176
     0
177
     0
290
     0
296
     1
341
17B8
 14
0.0
 24
0.0
 34
1.0
 15
-274.6278964878889
 25
142.6720442210528
 35
0.0
 16
1.0
 26
1.0
 36
1.0
 46
0.0
 93
-1073741824
 47
1.0
 47
0.0
 47
0.0
 47
-274.6278964878889
 47
0.0
 47
1.0
 47
0.0
 47
142.6720442210528
 47
0.0
 47
0.0
 47
1.0
 47
0.0
 47
0.0
 47
0.0
 47
0.0
 47
1.0
110
-317.4004085120852
120
126.5774319338599
130
0.0
111
1.0
121
0.0
131
0.0
112
0.0
122
1.0
132
0.0
297
     0
302
LEADER{
290
     1
291
     1
 10
-278.987896487889
 20
142.6720442210528
 30
0.0
 11
1.0
 21
0.0
 31
0.0
 90
        0
 40
0.36
304
LEADER_LINE{
 10
-317.4004085120852
 20
126.5774319338599
 30
0.0
 91
        0
305
}
271
     0
303
}
272
     9
273
     9
301
}
340
DAE
 90
  6816768
170
     1
 91
-1056964608
341
5D
171
    -1
290
     1
291
     1
 41
0.36
 42
2.5
172
     1
343
55
173
     1
 95
        6
174
     1
175
     0
 92
-1056964608
292
     0
344
17B8
 93
-1056964608
 10
1.0
 20
1.0
 30
1.0
 43
0.0
176
     0
293
     0
330
17BA
177
     1
 44
0.0
302
4
294
     0
178
     0
179
     1
 45
1.0
271
     0
272
     9
273
     9
295
     1
  0
MULTILEADER
  5
17F4
102
{ACAD_XDICTIONARY
360
17F8
102
}
102
{ACAD_REACTORS
330
17F9
102
}
330
6C
100
AcDbEntity
  8
Dimensions
160
               924
310
9C030000220000000C00000016000000000000C00C00000033000000000000000C000000130000009C3A0000880000001D000000000000000000F03F00000000000000000000000000000000AE76C5DF256378C00000000000000000000000000000F03F0000000000000000C0AC390AF9A562400000000000000000000000
310
0000000000000000000000F03F0000000000000000000000000000000000000000000000000000000000000000000000000000F03F0C00000016000000070000C30C00000017000000FDFFFFFF0C00000014000000020000004000000002000000000000000000000000000000000000000000000000000000000000000000
310
104000000000000000000000000000000000000000000000F03F0C00000014000000010000000C00000016000000070000C30C00000017000000FDFFFFFF080000001F0000000C000000130000009D3A0000B4000000260000006177DB14AE7578C0C0AC390AF9756240000000000000000000000000000000000000000000
310
000000000000000000F03F000000000000F03F000000000000000000000000000000003300000001000000010000000000000000000840000000000000F03F0000000000000000000000000000F03F00000000000000000000000000000000000000000000000000000000010000002200000041007200690061006C000000
310
00000000000000000C00000033000000000000000C00000010000000030000000C00000016000000000000C00C00000012000000000000000C00000013000000010000000C000000140000000100000054000000070000000300000087B4242DFBB477C08A487F06E822604000000000000000008C7772A2C2AF77C0F0E511
310
A5F4A45F400000000000000000CF2D35CDBDC177C0CB4C581F2C1B604000000000000000000C00000014000000010000000C00000013000000891300003C00000006000000020000002BF12C7D5CBB77C0AACAEB120A1F60400000000000000000B84D6950631D78C0C0AC390AF9A5624000000000000000000C0000001300
310
0000112700003C0000000600000002000000B84D6950631D78C0C0AC390AF9A562400000000000000000AE76C5DF252378C0C0AC390AF9A5624000000000000000000C00000016000000000000C00C00000012000000000000000C00000017000000000000000C000000130000009A3A00000C00000016000000000000C00C
310
00000012000000FF7F00000C00000017000000FFFFFFFF0C0000003300000000000000
100
AcDbMLeader
270
     2
300
CONTEXT_DATA{
 40
1.0
 10
-394.1967466081067
 20
149.1866503836118
 30
0.0
 41
0.18
140
2.5
145
0.09
174
     1
175
     6
176
     0
177
     0
290
     0
296
     1
341
17B8
 14
0.0
 24
0.0
 34
1.0
 15
-390.1967466081068
 25
149.1866503836118
 35
0.0
 16
1.0
 26
1.0
 36
1.0
 46
0.0
 93
-1073741824
 47
1.0
 47
0.0
 47
0.0
 47
-390.1967466081068
 47
0.0
 47
1.0
 47
0.0
 47
149.1866503836118
 47
0.0
 47
0.0
 47
1.0
 47
0.0
 47
0.0
 47
0.0
 47
0.0
 47
1.0
110
-378.985018202912
120
126.5774319338595
130
0.0
111
1.0
121
0.0
131
0.0
112
0.0
122
1.0
132
0.0
297
     0
302
LEADER{
290
     1
291
     1
 10
-385.8367466081067
 20
149.1866503836118
 30
0.0
 11
-1.0
 21
0.0
 31
0.0
 90
        0
 40
0.36
304
LEADER_LINE{
 10
-378.985018202912
 20
126.5774319338595
 30
0.0
 91
        0
305
}
271
     0
303
}
272
     9
273
     9
301
}
340
DAE
 90
  6816768
170
     1
 91
-1056964608
341
5D
171
    -1
290
     1
291
     1
 41
0.36
 42
2.5
172
     1
343
55
173
     1
 95
        6
174
     1
175
     0
 92
-1056964608
292
     0
344
17B8
 93
-1056964608
 10
1.0
 20
1.0
 30
1.0
 43
0.0
176
     0
293
     0
330
17BA
177
     1
 44
0.0
302
3
294
     0
178
     0
179
     1
 45
1.0
271
     0
272
     9
273
     9
295
     1
  0
MULTILEADER
  5
17FA
102
{ACAD_XDICTIONARY
360
17FE
102
}
102
{ACAD_REACTORS
330
17FF
102
}
330
6C
100
AcDbEntity
  8
Dimensions
160
               924
310
9C030000220000000C00000016000000000000C00C00000033000000000000000C000000130000009C3A0000880000001D000000000000000000F03F0000000000000000000000000000000014B2179CA39262C00000000000000000000000000000F03F00000000000000000870D3866CF365400000000000000000000000
310
0000000000000000000000F03F0000000000000000000000000000000000000000000000000000000000000000000000000000F03F0C00000016000000070000C30C00000017000000FDFFFFFF0C00000014000000020000004000000002000000000000000000000000000000000000000000000000000000000000000000
310
104000000000000000000000000000000000000000000000F03F0C00000014000000010000000C00000016000000070000C30C00000017000000FDFFFFFF080000001F0000000C000000130000009D3A0000B400000026000000A98B5D3460B762C00870D3866CC36540000000000000000000000000000000000000000000
310
000000000000000000F03F000000000000F03F000000000000000000000000000000003600000001000000010000000000000000000840000000000000F03F0000000000000000000000000000F03F00000000000000000000000000000000000000000000000000000000010000002200000041007200690061006C000000
310
00000000000000000C00000033000000000000000C00000010000000030000000C00000016000000000000C00C00000012000000000000000C00000013000000010000000C0000001400000001000000540000000700000003000000CBEE1F862B6967C0638F4C6B8ED864400000000000000000509809A00BBA67C0DCF288
310
527AD26440000000000000000044A73458836F67C026A9412675F2644000000000000000000C00000014000000010000000C00000013000000891300003C0000000600000002000000074B2A6F576C67C0451CC7C881E5644000000000000000000004D0BA281E63C00870D3866CF3654000000000000000000C0000001300
310
0000112700003C00000006000000020000000004D0BA281E63C00870D3866CF36540000000000000000014B2179CA31263C00870D3866CF3654000000000000000000C00000016000000000000C00C00000012000000000000000C00000017000000000000000C000000130000009A3A00000C00000016000000000000C00C
310
00000012000000FF7F00000C00000017000000FFFFFFFF0C0000003300000000000000
100
AcDbMLeader
270
     2
300
CONTEXT_DATA{
 40
1.0
 10
-152.5824718916707
 20
175.6069978837624
 30
0.0
 41
0.18
140
2.5
145
0.09
174
     1
175
     6
176
     0
177
     0
290
     0
296
     1
341
17B8
 14
0.0
 24
0.0
 34
1.0
 15
-148.5824718916707
 25
175.6069978837624
 35
0.0
 16
1.0
 26
1.0
 36
1.0
 46
0.0
 93
-1073741824
 47
1.0
 47
0.0
 47
0.0
 47
-148.5824718916707
 47
0.0
 47
1.0
 47
0.0
 47
175.6069978837624
 47
0.0
 47
0.0
 47
1.0
 47
0.0
 47
0.0
 47
0.0
 47
0.0
 47
1.0
110
-189.8139190852548
120
166.5774319338587
130
0.0
111
1.0
121
0.0
131
0.0
112
0.0
122
1.0
132
0.0
297
     0
302
LEADER{
290
     1
291
     1
 10
-152.9424718916707
 20
175.6069978837624
 30
0.0
 11
1.0
 21
0.0
 31
0.0
 90
        0
 40
0.36
304
LEADER_LINE{
 10
-189.8139190852548
 20
166.5774319338587
 30
0.0
 91
        0
305
}
271
     0
303
}
272
     9
273
     9
301
}
340
DAE
 90
  6816768
170
     1
 91
-1056964608
341
5D
171
    -1
290
     1
291
     1
 41
0.36
 42
2.5
172
     1
343
55
173
     1
 95
        6
174
     1
175
     0
 92
-1056964608
292
     0
344
17B8
 93
-1056964608
 10
1.0
 20
1.0
 30
1.0
 43
0.0
176
     0
293
     0
330
17BA
177
     1
 44
0.0
302
6
294
     0
178
     0
179
     1
 45
1.0
271
     0
272
     9
273
     9
295
     1
  0
MULTILEADER
  5
1800
102
{ACAD_XDICTIONARY
360
1804
102
}
102
{ACAD_REACTORS
330
1805
102
}
330
6C
100
AcDbEntity
  8
Dimensions
160
               924
310
9C030000220000000C00000016000000000000C00C00000033000000000000000C000000130000009C3A0000880000001D000000000000000000F03F000000000000000000000000000000003A542410BCEA70C00000000000000000000000000000F03F0000000000000000A011E80D39E468400000000000000000000000
310
0000000000000000000000F03F0000000000000000000000000000000000000000000000000000000000000000000000000000F03F0C00000016000000070000C30C00000017000000FDFFFFFF0C00000014000000020000004000000002000000000000000000000000000000000000000000000000000000000000000000
310
104000000000000000000000000000000000000000000000F03F0C00000014000000010000000C00000016000000070000C30C00000017000000FDFFFFFF080000001F0000000C000000130000009D3A0000B400000026000000D5682D2E6EFD70C0A011E80D39B46840000000000000000000000000000000000000000000
310
000000000000000000F03F000000000000F03F000000000000000000000000000000003500000001000000010000000000000000000840000000000000F03F0000000000000000000000000000F03F00000000000000000000000000000000000000000000000000000000010000002200000041007200690061006C000000
310
00000000000000000C00000033000000000000000C00000010000000030000000C00000016000000000000C00C00000012000000000000000C00000013000000010000000C0000001400000001000000540000000700000003000000D6D54BD7D1166CC0692DF56CBC1668400000000000000000509809A00BCA6BC060B442
310
AA97FC67400000000000000000CB4C7413261B6CC0130583506CFC674000000000000000000C00000014000000010000000C00000013000000891300003C0000000600000002000000501160F5FB186CC03E19BC5E940968400000000000000000442BC880F9A470C0A011E80D39E4684000000000000000000C0000001300
310
0000112700003C0000000600000002000000442BC880F9A470C0A011E80D39E4684000000000000000003A542410BCAA70C0A011E80D39E4684000000000000000000C00000016000000000000C00C00000012000000000000000C00000017000000000000000C000000130000009A3A00000C00000016000000000000C00C
310
00000012000000FF7F00000C00000017000000FFFFFFFF0C0000003300000000000000
100
AcDbMLeader
270
     2
300
CONTEXT_DATA{
 40
1.0
 10
-274.6709138316252
 20
199.1319646389575
 30
0.0
 41
0.18
140
2.5
145
0.09
174
     1
175
     6
176
     0
177
     0
290
     0
296
     1
341
17B8
 14
0.0
 24
0.0
 34
1.0
 15
-270.6709138316252
 25
199.1319646389575
 35
0.0
 16
1.0
 26
1.0
 36
1.0
 46
0.0
 93
-1073741824
 47
1.0
 47
0.0
 47
0.0
 47
-270.6709138316252
 47
0.0
 47
1.0
 47
0.0
 47
199.1319646389575
 47
0.0
 47
0.0
 47
1.0
 47
0.0
 47
0.0
 47
0.0
 47
0.0
 47
1.0
110
-222.3139190852549
120
191.8935138037513
130
0.0
111
1.0
121
0.0
131
0.0
112
0.0
122
1.0
132
0.0
297
     0
302
LEADER{
290
     1
291
     1
 10
-266.3109138316252
 20
199.1319646389575
 30
0.0
 11
-1.0
 21
0.0
 31
0.0
 90
        0
 40
0.36
304
LEADER_LINE{
 10
-222.3139190852549
 20
191.8935138037513
 30
0.0
 91
        0
305
}
271
     0
303
}
272
     9
273
     9
301
}
340
DAE
 90
  6816768
170
     1
 91
-1056964608
341
5D
171
    -1
290
     1
291
     1
 41
0.36
 42
2.5
172
     1
343
55
173
     1
 95
        6
174
     1
175
     0
 92
-1056964608
292
     0
344
17B8
 93
-1056964608
 10
1.0
 20
1.0
 30
1.0
 43
0.0
176
     0
293
     0
330
17BA
177
     1
 44
0.0
302
5
294
     0
178
     0
179
     1
 45
1.0
271
     0
272
     9
273
     9
295
     1
  0
MTEXT
  5
1819
330
6C
100
AcDbEntity
  8
Dimensions
100
AcDbMText
 10
-118.9142773487292
 20
14.06492249460109
 30
0.0
 40
3.5
 41
25.20679147472856
 46
0.0
 71
     1
 72
     5
  1
1:1
  7
ARIAL 3-5
 73
     1
 44
1.0
1001
ACAD
1000
ACAD_MTEXT_COLUMN_INFO_BEGIN
1070
    75
1070
     2
1070
    79
1070
     0
1070
    76
1070
     1
1070
    78
1070
     0
1070
    48
1040
25.20679147472856
1070
    49
1040
17.5
1070
    50
1070
     1
1040
0.0
1000
ACAD_MTEXT_COLUMN_INFO_END
  0
LINE
  5
185E
102
{ACAD_REACTORS
330
1872
102
}
330
6C
100
AcDbEntity
  8
Outline
100
AcDbLine
 10
-321.6568149726363
 20
126.5774319338599
 30
0.0
 11
-321.6568149726363
 21
119.5774319338599
 31
0.0
  0
LINE
  5
1860
330
6C
100
AcDbEntity
  8
Outline
100
AcDbLine
 10
-321.6568149726363
 20
94.57743193385988
 30
0.0
 11
-321.6568149726362
 21
101.5774319338599
 31
0.0
  0
HATCH
  5
1872
330
6C
100
AcDbEntity
  8
Hatched
100
AcDbHatch
 10
0.0
 20
0.0
 30
0.0
210
0.0
220
0.0
230
1.0
  2
ANSI31
 70
     0
 71
     1
 91
        2
 92
        7
 72
     0
 73
     1
 93
        4
 10
-363.6568149726363
 20
130.5774319338595
 10
-373.6568149726363
 20
130.5774319338595
 10
-373.6568149726363
 20
118.5774319338597
 10
-363.6568149726363
 20
118.5774319338597
 97
        4
330
1576
330
1575
330
157E
330
1596
 92
        7
 72
     0
 73
     1
 93
        7
 10
-321.6568149726363
 20
126.5774319338599
 10
-321.6568149726363
 20
130.5774319338595
 10
-331.6568149726363
 20
130.5774319338595
 10
-331.6568149726363
 20
118.5774319338597
 10
-325.6568149726363
 20
118.5774319338597
 10
-321.6568149726363
 20
118.5774319338597
 10
-321.6568149726363
 20
122.5774319338596
 97
        7
330
1571
330
1572
330
1599
330
157E
330
1585
330
1590
330
185E
 75
     1
 76
     1
 52
0.0
 41
1.0
 77
     0
 78
     1
 53
45.0
 43
0.0
 44
0.0
 45
-2.245064030267287
 46
2.245064030267288
 79
     0
 47
0.1184222319816822
 98
        2
 10
-368.8090187330963
 20
122.8988511799627
 10
-323.1815729327486
 20
122.3067397142636
1001
GradientColor1ACI
1070
     5
1001
GradientColor2ACI
1070
     2
1001
ACAD
1010
0.0
1020
0.0
1030
0.0
  0
LINE
  5
1873
330
6C
100
AcDbEntity
  8
Hatched
100
AcDbLine
 10
-373.6568149726363
 20
126.5774319338595
 30
0.0
 11
-373.6568149726363
 21
119.5774319338595
 31
0.0
  0
LINE
  5
1875
330
6C
100
AcDbEntity
  8
Hatched
100
AcDbLine
 10
-373.6568149726363
 20
94.57743193385955
 30
0.0
 11
-373.6568149726363
 21
101.5774319338595
 31
0.0
  0
LINE
  5
18A9
330
6C
100
AcDbEntity
  8
Inner thicker
100
AcDbLine
 10
-311.0004085120849
 20
117.0774319338597
 30
0.0
 11
-307.9568149726366
 21
117.0774319338597
 31
0.0
  0
LINE
  5
18AA
330
6C
100
AcDbEntity
  8
Inner thicker
100
AcDbLine
 10
-307.9568149726366
 20
117.0774319338597
 30
0.0
 11
-306.4568149726366
 21
117.0774319338597
 31
0.0
  0
LINE
  5
18AC
330
6C
100
AcDbEntity
  8
Inner thicker
100
AcDbLine
 10
-311.0004085120849
 20
104.0774319338597
 30
0.0
 11
-307.9568149726368
 21
104.0774319338597
 31
0.0
  0
LINE
  5
18AD
330
6C
100
AcDbEntity
  8
Inner thicker
100
AcDbLine
 10
-307.9568149726368
 20
104.0774319338597
 30
0.0
 11
-306.4568149726367
 21
104.0774319338597
 31
0.0
  0
ENDSEC
  0
SECTION
  2
OBJECTS
  0
DICTIONARY
  5
C
330
0
100
AcDbDictionary
281
     1
  3
ACAD_CIP_PREVIOUS_PRODUCT_INFO
350
EA
  3
ACAD_COLOR
350
63
  3
ACAD_DETAILVIEWSTYLE
350
1A4F
  3
ACAD_GROUP
350
D
  3
ACAD_LAST_SAVED_VERSION_INFO
350
1A58
  3
ACAD_LAYOUT
350
62
  3
ACAD_MATERIAL
350
10
  3
ACAD_MLEADERSTYLE
350
66
  3
ACAD_MLINESTYLE
350
5F
  3
ACAD_PLOTSETTINGS
350
61
  3
ACAD_PLOTSTYLENAME
350
E
  3
ACAD_SCALELIST
350
42
  3
ACAD_SECTIONVIEWSTYLE
350
1A4D
  3
ACAD_TABLESTYLE
350
64
  3
ACAD_VISUALSTYLE
350
29
  3
ACDB_RECOMPOSE_DATA
350
1A5D
  3
AcDbVariableDictionary
350
E1
  0
DICTIONARY
  5
111
330
2
100
AcDbDictionary
280
     1
281
     1
  3
ACAD_LAYERSTATES
360
112
  0
DICTIONARY
  5
93
330
6C
100
AcDbDictionary
280
     1
281
     1
  3
ACAD_SORTENTS
360
94
  0
DICTIONARY
  5
166B
330
165E
100
AcDbDictionary
280
     1
281
     1
  3
ACAD_DIMASSOC
360
1675
  0
DICTIONARY
  5
16F2
330
16E5
100
AcDbDictionary
280
     1
281
     1
  3
ACAD_DIMASSOC
360
16FC
  0
DICTIONARY
  5
1789
330
177C
100
AcDbDictionary
280
     1
281
     1
  3
ACAD_DIMASSOC
360
1793
  0
DICTIONARY
  5
17C1
330
17BD
100
AcDbDictionary
280
     1
281
     1
  3
ACAD_DIMASSOC
360
17C2
  0
DICTIONARY
  5
17D0
330
17C3
100
AcDbDictionary
280
     1
281
     1
  3
ACAD_DIMASSOC
360
17DA
  0
DICTIONARY
  5
17EC
330
17E8
100
AcDbDictionary
280
     1
281
     1
  3
ACAD_DIMASSOC
360
17ED
  0
DICTIONARY
  5
17F2
330
17EE
100
AcDbDictionary
280
     1
281
     1
  3
ACAD_DIMASSOC
360
17F3
  0
DICTIONARY
  5
17F8
330
17F4
100
AcDbDictionary
280
     1
281
     1
  3
ACAD_DIMASSOC
360
17F9
  0
DICTIONARY
  5
17FE
330
17FA
100
AcDbDictionary
280
     1
281
     1
  3
ACAD_DIMASSOC
360
17FF
  0
DICTIONARY
  5
1804
330
1800
100
AcDbDictionary
280
     1
281
     1
  3
ACAD_DIMASSOC
360
1805
  0
XRECORD
  5
EA
102
{ACAD_REACTORS
330
C
102
}
330
C
100
AcDbXrecord
280
     1
300
ACD
300
2024
300
87798ACD_2024_0F
  0
DICTIONARY
  5
63
102
{ACAD_REACTORS
330
C
102
}
330
C
100
AcDbDictionary
281
     1
  0
DICTIONARY
  5
1A4F
102
{ACAD_REACTORS
330
C
102
}
330
C
100
AcDbDictionary
281
     1
  3
Metric50
350
1A50
  0
DICTIONARY
  5
D
102
{ACAD_REACTORS
330
C
102
}
330
C
100
AcDbDictionary
281
     1
  0
XRECORD
  5
1A58
102
{ACAD_REACTORS
330
C
102
}
330
C
100
AcDbXrecord
280
     1
300
{4E278056-72EB-1548-9584-D3EF429C86F1}
301
{8C97E3A3-7EDC-A843-9C96-B5DA4A14FAAB}
302
{4E278056-72EB-1548-9584-D3EF429C86F1}
303
D:\Unity\Demo\CAD IMPORT (2D)\Assets\StreamingAssets\CADFiles\Machinist Jack.dxf
  0
DICTIONARY
  5
62
102
{ACAD_REACTORS
330
C
102
}
330
C
100
AcDbDictionary
281
     1
  3
Layout1
350
6B
  3
Layout2
350
73
  3
Model
350
6F
  0
DICTIONARY
  5
10
102
{ACAD_REACTORS
330
C
102
}
330
C
100
AcDbDictionary
281
     1
  3
ByBlock
350
19
  3
ByLayer
350
11
  3
Global
350
21
  0
DICTIONARY
  5
66
102
{ACAD_REACTORS
330
C
102
}
330
C
100
AcDbDictionary
281
     1
  3
Copy of Standard
350
DAE
  3
Standard
350
67
  0
DICTIONARY
  5
5F
102
{ACAD_REACTORS
330
C
102
}
330
C
100
AcDbDictionary
281
     1
  3
Standard
350
60
  0
DICTIONARY
  5
61
102
{ACAD_REACTORS
330
C
102
}
330
C
100
AcDbDictionary
281
     1
  0
ACDBDICTIONARYWDFLT
  5
E
102
{ACAD_REACTORS
330
C
102
}
330
C
100
AcDbDictionary
281
     1
  3
Normal
350
F
100
AcDbDictionaryWithDefault
340
F
  0
DICTIONARY
  5
42
102
{ACAD_REACTORS
330
C
102
}
330
C
100
AcDbDictionary
281
     1
  3
A0
350
43
  3
A1
350
44
  3
A2
350
45
  3
A3
350
46
  3
A4
350
47
  3
A5
350
48
  3
A6
350
49
  3
A7
350
4A
  3
A8
350
4B
  3
A9
350
4C
  3
B0
350
4D
  3
B1
350
4E
  3
B2
350
4F
  3
B3
350
50
  3
B4
350
51
  3
B5
350
52
  3
B6
350
53
  0
DICTIONARY
  5
1A4D
102
{ACAD_REACTORS
330
C
102
}
330
C
100
AcDbDictionary
281
     1
  3
Metric50
350
1A4E
  0
DICTIONARY
  5
64
102
{ACAD_REACTORS
330
C
102
}
330
C
100
AcDbDictionary
281
     1
  3
Standard
350
65
  0
DICTIONARY
  5
29
102
{ACAD_REACTORS
330
C
102
}
330
C
100
AcDbDictionary
281
     1
  3
2dWireframe
350
2F
  3
Basic
350
2E
  3
Brighten
350
35
  3
ColorChange
350
39
  3
Conceptual
350
32
  3
Dim
350
34
  3
EdgeColorOff
350
41
  3
Facepattern
350
38
  3
Flat
350
2A
  3
FlatWithEdges
350
2B
  3
Gouraud
350
2C
  3
GouraudWithEdges
350
2D
  3
Hidden
350
31
  3
JitterOff
350
3F
  3
Linepattern
350
37
  3
OverhangOff
350
40
  3
Realistic
350
33
  3
Shaded
350
3E
  3
Shaded with edges
350
3D
  3
Shades of Gray
350
3A
  3
Sketchy
350
3B
  3
Thicken
350
36
  3
Wireframe
350
30
  3
X-Ray
350
3C
  0
XRECORD
  5
1A5D
102
{ACAD_REACTORS
330
C
102
}
330
C
100
AcDbXrecord
280
     1
 90
        1
330
65
330
CE
330
CF
330
D0
330
D1
330
D2
330
D4
330
107
330
108
330
109
330
10A
330
90E
330
919
330
91A
330
12BE
330
12D2
330
1380
330
1381
330
1382
330
1383
330
1384
330
1385
330
1386
330
1388
330
1389
330
138A
330
138B
330
138C
330
138D
330
138F
330
1390
330
1391
330
1392
330
1393
330
1394
330
1395
330
1396
330
1398
330
1819
  0
DICTIONARY
  5
E1
102
{ACAD_REACTORS
330
C
102
}
330
C
100
AcDbDictionary
281
     1
  3
CANNOSCALE
350
E4
  3
CMLEADERSTYLE
350
E3
  3
CTABLESTYLE
350
E2
  3
CVIEWDETAILSTYLE
350
1A59
  3
CVIEWSECTIONSTYLE
350
1A5A
  0
DICTIONARY
  5
112
102
{ACAD_REACTORS
330
111
102
}
330
111
100
AcDbDictionary
281
     1
  0
SORTENTSTABLE
  5
94
102
{ACAD_REACTORS
330
93
102
}
330
93
100
AcDbSortentsTable
330
6C
331
95
  5
7C
331
90E
  5
9AF
331
919
  5
9B0
331
91A
  5
ACD
331
120B
  5
120D
331
120F
  5
1214
331
1214
  5
1215
331
1215
  5
1216
331
1216
  5
120B
331
1285
  5
1286
331
1286
  5
12B8
331
12B8
  5
12B9
331
12B9
  5
12BA
331
12BA
  5
12BB
331
12BB
  5
12BC
331
12BC
  5
12BD
331
12BD
  5
12BE
331
12BE
  5
12CC
331
12CC
  5
12CD
331
12CD
  5
12CE
331
12CE
  5
12CF
331
12CF
  5
12D0
331
12D0
  5
12D1
331
12D1
  5
12D2
331
12D2
  5
1371
331
1371
  5
1372
331
1372
  5
1373
331
1373
  5
1374
331
1374
  5
1375
331
1375
  5
1376
331
1376
  5
1377
331
1377
  5
1378
331
1378
  5
1379
331
1379
  5
137A
331
137A
  5
137C
331
137C
  5
137D
331
137D
  5
137E
331
137E
  5
1380
331
1380
  5
1381
331
1381
  5
1382
331
1382
  5
1383
331
1383
  5
1384
331
1384
  5
1385
331
1385
  5
1386
331
1386
  5
1388
331
1388
  5
1389
331
1389
  5
138A
331
138A
  5
138B
331
138B
  5
138C
331
138C
  5
138D
331
138D
  5
138F
331
138F
  5
1390
331
1390
  5
1391
331
1391
  5
1392
331
1392
  5
1393
331
1393
  5
1394
331
1394
  5
1395
331
1395
  5
1396
331
1396
  5
1398
331
1398
  5
1423
331
1423
  5
149C
331
149C
  5
149D
331
149D
  5
149E
331
149E
  5
149F
331
149F
  5
14A0
331
14A0
  5
14A1
331
14A1
  5
14A2
331
14A2
  5
14A3
331
14A3
  5
14A4
331
14A4
  5
14A5
331
14A5
  5
14A6
331
14A6
  5
14A7
331
14A7
  5
14A8
331
14A9
  5
14AA
331
14AA
  5
14AB
331
14AB
  5
14AC
331
14AC
  5
14AD
331
14AD
  5
14AE
331
14AE
  5
14AF
331
14AF
  5
14B0
331
14B0
  5
14B1
331
14B1
  5
14B2
331
14B2
  5
14B3
331
14B3
  5
14B4
331
14B4
  5
14BA
331
14BA
  5
14C9
331
14C9
  5
14CA
331
14CA
  5
14CB
331
14CB
  5
14CC
331
14CC
  5
14CD
331
14CD
  5
14CE
331
14CE
  5
14DB
331
14DB
  5
14DC
331
14DC
  5
14DD
331
14DD
  5
14EA
331
14EA
  5
1285
331
156D
  5
1575
331
156E
  5
1576
331
156F
  5
1577
331
1570
  5
1578
331
1571
  5
1580
331
1572
  5
1581
331
1573
  5
1583
331
1574
  5
1584
331
1575
  5
1585
331
1576
  5
1586
331
1577
  5
1587
331
1578
  5
1588
331
1579
  5
1589
331
157B
  5
158A
331
157C
  5
158B
331
157E
  5
158D
331
157F
  5
158E
331
1580
  5
158F
331
1581
  5
1590
331
1582
  5
1592
331
1583
  5
1593
331
1584
  5
1594
331
1585
  5
1595
331
1586
  5
1596
331
1588
  5
1597
331
1589
  5
1598
331
158A
  5
1599
331
158B
  5
159A
331
158C
  5
159B
331
158D
  5
159C
331
158E
  5
159D
331
158F
  5
159E
331
1590
  5
159F
331
1591
  5
15A0
331
1592
  5
15A1
331
1593
  5
15A2
331
1594
  5
15A3
331
1595
  5
15A4
331
1596
  5
15A5
331
1597
  5
15A6
331
1598
  5
15A7
331
1599
  5
15A8
331
159A
  5
15A9
331
159B
  5
15AA
331
159C
  5
15AB
331
159D
  5
15AC
331
159E
  5
15AD
331
159F
  5
15AE
331
15A0
  5
15AF
331
15A1
  5
15B0
331
15A2
  5
15B1
331
15A3
  5
15B2
331
15A4
  5
15B3
331
15A5
  5
15B4
331
15A6
  5
15B5
331
15A7
  5
15B6
331
15A8
  5
15B7
331
15A9
  5
15B8
331
15AA
  5
15B9
331
15AB
  5
15BA
331
15AC
  5
15BB
331
15AD
  5
15E1
331
15AE
  5
15E2
331
15AF
  5
15F9
331
15B0
  5
15FA
331
15B1
  5
15FB
331
15B2
  5
15FC
331
15B3
  5
15FD
331
15B4
  5
160A
331
15B5
  5
160B
331
15B6
  5
160C
331
15B7
  5
160D
331
15B8
  5
160E
331
15B9
  5
160F
331
15BA
  5
1649
331
15BB
  5
164A
331
15E1
  5
164B
331
15E2
  5
164C
331
15F9
  5
164E
331
15FA
  5
164F
331
15FB
  5
1651
331
15FC
  5
165E
331
15FD
  5
1677
331
160A
  5
16B5
331
160B
  5
16B6
331
160C
  5
16B7
331
160D
  5
16E5
331
160E
  5
1716
331
160F
  5
1725
331
1649
  5
1726
331
164A
  5
1729
331
164B
  5
172A
331
164E
  5
172B
331
1651
  5
176F
331
165E
  5
177C
331
16CC
  5
158C
331
16E5
  5
17BD
331
1715
  5
17C3
331
1716
  5
17E8
331
1748
  5
1574
331
176F
  5
17EE
331
177C
  5
17F4
331
17BD
  5
17FA
331
17C3
  5
1800
331
17E8
  5
1819
331
17EE
  5
185E
331
17F4
  5
185F
331
17FA
  5
1860
331
1800
  5
1861
331
1819
  5
1863
331
185E
  5
1864
331
1860
  5
1866
331
1872
  5
157E
  0
DIMASSOC
  5
1675
102
{ACAD_REACTORS
330
166B
102
}
330
166B
100
AcDbDimAssoc
330
165E
 90
        3
 70
     0
 71
     0
  1
AcDbOsnapPointRef
 72
    13
331
1570
 73
     2
 91
        0
 40
0.0
 10
0.0
 20
0.0
 30
2.000000000000000E+50
 75
     0
  1
AcDbOsnapPointRef
 72
    13
331
15B2
 73
     2
 91
        0
 40
0.0
 10
0.0
 20
0.0
 30
2.000000000000000E+50
 75
     0
  0
DIMASSOC
  5
16FC
102
{ACAD_REACTORS
330
16F2
102
}
330
16F2
100
AcDbDimAssoc
330
16E5
 90
        2
 70
     0
 71
     0
  1
AcDbOsnapPointRef
 72
     8
331
1579
 73
     2
 91
        0
 40
0.9524999324597905
 10
0.0
 20
0.0
 30
0.0
 75
     1
  1
AcDbOsnapPointRef
 72
     0
 40
0.0
 10
-376.6568149726363
 20
50.57743193385954
 30
0.0
 75
     0
  0
DIMASSOC
  5
1793
102
{ACAD_REACTORS
330
1789
102
}
330
1789
100
AcDbDimAssoc
330
177C
 90
        3
 70
     0
 71
     0
  1
AcDbOsnapPointRef
 72
    11
331
15FD
 73
     2
 91
        0
 40
0.5000000000000176
 10
0.0
 20
0.0
 30
0.0
332
1579
 74
     2
 92
        0
 75
     0
  1
AcDbOsnapPointRef
 72
     8
331
15F9
 73
     2
 91
        0
 40
0.4999999999999929
 10
0.0
 20
0.0
 30
0.0
 75
     1
  1
AcDbOsnapPointRef
 72
    11
331
15FD
 73
     2
 91
        0
 40
0.5000000000000176
 10
0.0
 20
0.0
 30
0.0
332
1579
 74
     2
 92
        0
 75
     0
  0
DIMASSOC
  5
17C2
102
{ACAD_REACTORS
330
17C1
102
}
330
17C1
100
AcDbDimAssoc
330
17BD
 90
        1
 70
     0
 71
     0
  1
AcDbOsnapPointRef
 72
     1
331
1219
 73
     2
 91
        0
 40
1.0
 10
0.0
 20
0.0
 30
2.000000000000000E+50
 75
     0
  0
DIMASSOC
  5
17DA
102
{ACAD_REACTORS
330
17D0
102
}
330
17D0
100
AcDbDimAssoc
330
17C3
 90
        3
 70
     0
 71
     0
  1
AcDbOsnapPointRef
 72
     1
331
1208
 73
     2
 91
        0
 40
1.0
 10
0.0
 20
0.0
 30
2.000000000000000E+50
 75
     0
  1
AcDbOsnapPointRef
 72
     8
331
120B
 73
     2
 91
        0
 40
0.9999999999999992
 10
0.0
 20
0.0
 30
0.0
 75
     1
  1
AcDbOsnapPointRef
 72
     1
331
1208
 73
     2
 91
        0
 40
1.0
 10
0.0
 20
0.0
 30
2.000000000000000E+50
 75
     0
  0
DIMASSOC
  5
17ED
102
{ACAD_REACTORS
330
17EC
102
}
330
17EC
100
AcDbDimAssoc
330
17E8
 90
        1
 70
     0
 71
     0
  1
AcDbOsnapPointRef
 72
    10
331
1286
 73
     2
 91
        0
 40
0.7597581302949147
 10
0.0
 20
0.0
 30
0.0
 75
     0
  0
DIMASSOC
  5
17F3
102
{ACAD_REACTORS
330
17F2
102
}
330
17F2
100
AcDbDimAssoc
330
17EE
 90
        1
 70
     0
 71
     0
  1
AcDbOsnapPointRef
 72
     2
331
158D
 73
     2
 91
        0
 40
0.5
 10
0.0
 20
0.0
 30
0.0
 75
     0
  0
DIMASSOC
  5
17F9
102
{ACAD_REACTORS
330
17F8
102
}
330
17F8
100
AcDbDimAssoc
330
17F4
 90
        1
 70
     0
 71
     0
  1
AcDbOsnapPointRef
 72
     2
331
1589
 73
     2
 91
        0
 40
0.5
 10
0.0
 20
0.0
 30
0.0
 75
     0
  0
DIMASSOC
  5
17FF
102
{ACAD_REACTORS
330
17FE
102
}
330
17FE
100
AcDbDimAssoc
330
17FA
 90
        1
 70
     0
 71
     0
  1
AcDbOsnapPointRef
 72
     2
331
14AF
 73
     2
 91
        0
 40
0.5
 10
0.0
 20
0.0
 30
0.0
 75
     0
  0
DIMASSOC
  5
1805
102
{ACAD_REACTORS
330
1804
102
}
330
1804
100
AcDbDimAssoc
330
1800
 90
        1
 70
     0
 71
     0
  1
AcDbOsnapPointRef
 72
    10
331
14A7
 73
     2
 91
        0
 40
0.2550836315385522
 10
0.0
 20
0.0
 30
0.0
 75
     0
  0
ACDBDETAILVIEWSTYLE
  5
1A50
102
{ACAD_XDICTIONARY
360
1A60
102
}
102
{ACAD_REACTORS
330
1A4F
102
}
330
1A4F
100
AcDbModelDocViewStyle
 70
     0
  3
Metric50
290
     0
100
AcDbDetailViewStyle
 70
     0
 71
     0
 90
        3
 71
     1
340
55
 62
   256
 40
5.0
340
0
 62
   256
 40
5.0
300

 40
0.0
280
     1
 71
     2
340
5D
 90
       25
 62
   256
 71
     3
340
55
 62
   256
 40
5.0
 90
        0
 40
15.0
 90
        1
300
%<\AcVar ViewDetailId>% (%<\AcVar ViewScale \f "%sn">%)
 71
     4
340
5D
 90
       25
 62
   256
340
5D
 90
       25
 62
   256
280
     0
  0
LAYOUT
  5
6B
102
{ACAD_REACTORS
330
62
102
}
330
62
100
AcDbPlotSettings
  1

  2
\\swsgrps\GRKS025P1
  4

  6

 40
0.0
 41
0.0
 42
0.0
 43
0.0
 44
0.0
 45
0.0
 46
0.0
 47
0.0
 48
0.0
 49
0.0
140
0.0
141
0.0
142
1.0
143
1.0
 70
   688
 72
     0
 73
     0
 74
     5
  7
monochrome.ctb
 75
    16
147
1.0
 76
     0
 77
     2
 78
   300
148
0.0
149
0.0
100
AcDbLayout
  1
Layout1
 70
     1
 71
     1
 10
0.0
 20
0.0
 11
420.0
 21
297.0
 12
0.0
 22
0.0
 32
0.0
 14
1.000000000000000E+20
 24
1.000000000000000E+20
 34
1.000000000000000E+20
 15
-1.000000000000000E+20
 25
-1.000000000000000E+20
 35
-1.000000000000000E+20
146
0.0
 13
0.0
 23
0.0
 33
0.0
 16
1.0
 26
0.0
 36
0.0
 17
0.0
 27
1.0
 37
0.0
 76
     0
330
68
  0
LAYOUT
  5
73
102
{ACAD_REACTORS
330
62
102
}
330
62
100
AcDbPlotSettings
  1

  2
\\swsgrps\GRKS025P1
  4

  6

 40
0.0
 41
0.0
 42
0.0
 43
0.0
 44
0.0
 45
0.0
 46
0.0
 47
0.0
 48
0.0
 49
0.0
140
0.0
141
0.0
142
1.0
143
1.0
 70
   688
 72
     0
 73
     0
 74
     5
  7
monochrome.ctb
 75
    16
147
1.0
 76
     0
 77
     2
 78
   300
148
0.0
149
0.0
100
AcDbLayout
  1
Layout2
 70
     1
 71
     2
 10
0.0
 20
0.0
 11
12.0
 21
9.0
 12
0.0
 22
0.0
 32
0.0
 14
0.0
 24
0.0
 34
0.0
 15
0.0
 25
0.0
 35
0.0
146
0.0
 13
0.0
 23
0.0
 33
0.0
 16
1.0
 26
0.0
 36
0.0
 17
0.0
 27
1.0
 37
0.0
 76
     0
330
70
  0
LAYOUT
  5
6F
102
{ACAD_XDICTIONARY
360
117
102
}
102
{ACAD_REACTORS
330
62
102
}
330
62
100
AcDbPlotSettings
  1

  2
none_device
  4
ISO_A4_(210.00_x_297.00_MM)
  6

 40
7.5
 41
20.0
 42
7.5
 43
20.0
 44
210.0
 45
297.0
 46
0.0
 47
0.0
 48
0.0
 49
0.0
140
0.0
141
0.0
142
1.0
143
4.044412992432622
 70
 11952
 72
     1
 73
     1
 74
     0
  7
monochrome.ctb
 75
     0
147
0.2472546700525068
 76
     0
 77
     2
 78
   300
148
606.0894278824733
149
49.7152074019956
100
AcDbLayout
  1
Model
 70
     1
 71
     0
 10
0.0
 20
0.0
 11
12.0
 21
9.0
 12
0.0
 22
0.0
 32
0.0
 14
0.0
 24
0.0
 34
0.0
 15
0.0
 25
0.0
 35
0.0
146
0.0
 13
0.0
 23
0.0
 33
0.0
 16
1.0
 26
0.0
 36
0.0
 17
0.0
 27
1.0
 37
0.0
 76
     0
330
6C
331
57
1001
ACAD_PSEXT
1000
None
1000
None
1000
Not applicable
1000
The layout will not be plotted unless a new plotter configuration name is selected.
1070
     0
  0
MATERIAL
  5
19
102
{ACAD_XDICTIONARY
360
1A
102
}
102
{ACAD_REACTORS
330
10
102
}
330
10
100
AcDbMaterial
  1
ByBlock
 72
     0
 43
0.0208333333333333
 43
0.0
 43
0.0
 43
0.0
 43
0.0
 43
0.0208333333333333
 43
0.0
 43
0.0
 43
0.0
 43
0.0
 43
1.0
 43
0.0
 43
0.0
 43
0.0
 43
0.0
 43
1.0
 77
     0
 47
0.0208333333333333
 47
0.0
 47
0.0
 47
0.0
 47
0.0
 47
0.0208333333333333
 47
0.0
 47
0.0
 47
0.0
 47
0.0
 47
1.0
 47
0.0
 47
0.0
 47
0.0
 47
0.0
 47
1.0
171
     0
 49
0.0208333333333333
 49
0.0
 49
0.0
 49
0.0
 49
0.0
 49
0.0208333333333333
 49
0.0
 49
0.0
 49
0.0
 49
0.0
 49
1.0
 49
0.0
 49
0.0
 49
0.0
 49
0.0
 49
1.0
175
     0
142
0.0208333333333333
142
0.0
142
0.0
142
0.0
142
0.0
142
0.0208333333333333
142
0.0
142
0.0
142
0.0
142
0.0
142
1.0
142
0.0
142
0.0
142
0.0
142
0.0
142
1.0
179
     0
144
0.0208333333333333
144
0.0
144
0.0
144
0.0
144
0.0
144
0.0208333333333333
144
0.0
144
0.0
144
0.0
144
0.0
144
1.0
144
0.0
144
0.0
144
0.0
144
0.0
144
1.0
147
0.0208333333333333
147
0.0
147
0.0
147
0.0
147
0.0
147
0.0208333333333333
147
0.0
147
0.0
147
0.0
147
0.0
147
1.0
147
0.0
147
0.0
147
0.0
147
0.0
147
1.0
  0
MATERIAL
  5
11
102
{ACAD_XDICTIONARY
360
12
102
}
102
{ACAD_REACTORS
330
10
102
}
330
10
100
AcDbMaterial
  1
ByLayer
 72
     0
 43
0.0208333333333333
 43
0.0
 43
0.0
 43
0.0
 43
0.0
 43
0.0208333333333333
 43
0.0
 43
0.0
 43
0.0
 43
0.0
 43
1.0
 43
0.0
 43
0.0
 43
0.0
 43
0.0
 43
1.0
 77
     0
 47
0.0208333333333333
 47
0.0
 47
0.0
 47
0.0
 47
0.0
 47
0.0208333333333333
 47
0.0
 47
0.0
 47
0.0
 47
0.0
 47
1.0
 47
0.0
 47
0.0
 47
0.0
 47
0.0
 47
1.0
171
     0
 49
0.0208333333333333
 49
0.0
 49
0.0
 49
0.0
 49
0.0
 49
0.0208333333333333
 49
0.0
 49
0.0
 49
0.0
 49
0.0
 49
1.0
 49
0.0
 49
0.0
 49
0.0
 49
0.0
 49
1.0
175
     0
142
0.0208333333333333
142
0.0
142
0.0
142
0.0
142
0.0
142
0.0208333333333333
142
0.0
142
0.0
142
0.0
142
0.0
142
1.0
142
0.0
142
0.0
142
0.0
142
0.0
142
1.0
179
     0
144
0.0208333333333333
144
0.0
144
0.0
144
0.0
144
0.0
144
0.0208333333333333
144
0.0
144
0.0
144
0.0
144
0.0
144
1.0
144
0.0
144
0.0
144
0.0
144
0.0
144
1.0
147
0.0208333333333333
147
0.0
147
0.0
147
0.0
147
0.0
147
0.0208333333333333
147
0.0
147
0.0
147
0.0
147
0.0
147
1.0
147
0.0
147
0.0
147
0.0
147
0.0
147
1.0
  0
MATERIAL
  5
21
102
{ACAD_XDICTIONARY
360
22
102
}
102
{ACAD_REACTORS
330
10
102
}
330
10
100
AcDbMaterial
  1
Global
 72
     0
 43
0.0208333333333333
 43
0.0
 43
0.0
 43
0.0
 43
0.0
 43
0.0208333333333333
 43
0.0
 43
0.0
 43
0.0
 43
0.0
 43
1.0
 43
0.0
 43
0.0
 43
0.0
 43
0.0
 43
1.0
 77
     0
 47
0.0208333333333333
 47
0.0
 47
0.0
 47
0.0
 47
0.0
 47
0.0208333333333333
 47
0.0
 47
0.0
 47
0.0
 47
0.0
 47
1.0
 47
0.0
 47
0.0
 47
0.0
 47
0.0
 47
1.0
171
     0
 49
0.0208333333333333
 49
0.0
 49
0.0
 49
0.0
 49
0.0
 49
0.0208333333333333
 49
0.0
 49
0.0
 49
0.0
 49
0.0
 49
1.0
 49
0.0
 49
0.0
 49
0.0
 49
0.0
 49
1.0
175
     0
142
0.0208333333333333
142
0.0
142
0.0
142
0.0
142
0.0
142
0.0208333333333333
142
0.0
142
0.0
142
0.0
142
0.0
142
1.0
142
0.0
142
0.0
142
0.0
142
0.0
142
1.0
179
     0
144
0.0208333333333333
144
0.0
144
0.0
144
0.0
144
0.0
144
0.0208333333333333
144
0.0
144
0.0
144
0.0
144
0.0
144
1.0
144
0.0
144
0.0
144
0.0
144
0.0
144
1.0
147
0.0208333333333333
147
0.0
147
0.0
147
0.0
147
0.0
147
0.0208333333333333
147
0.0
147
0.0
147
0.0
147
0.0
147
1.0
147
0.0
147
0.0
147
0.0
147
0.0
147
1.0
  0
MLEADERSTYLE
  5
DAE
102
{ACAD_REACTORS
330
66
330
1800
330
17F4
330
17BD
330
17E8
330
17EE
330
17FA
102
}
330
66
100
AcDbMLeaderStyle
179
     2
170
     1
171
     1
172
     0
 90
        2
 40
0.0
 41
0.0
173
     1
 91
-1056964608
340
5D
 92
       -1
290
     1
 42
0.09
291
     1
 43
0.36
  3
Standard
 44
2.5
300

342
55
174
     1
178
     6
175
     1
176
     0
 93
-1056964608
 45
0.18
292
     0
297
     0
 46
0.18
343
17B8
 94
-1056964608
 47
1.0
 49
1.0
140
1.0
293
     1
141
0.0
294
     1
177
     0
142
1.0
295
     0
296
     0
143
0.125
271
     0
272
     9
273
     9
298
     1
  0
MLEADERSTYLE
  5
67
102
{ACAD_REACTORS
330
66
102
}
330
66
100
AcDbMLeaderStyle
179
     2
170
     2
171
     1
172
     0
 90
        2
 40
0.0
 41
0.0
173
     1
 91
-1056964608
340
5B
 92
       -2
290
     1
 42
0.09
291
     1
 43
0.36
  3
Standard
 44
0.18
300

342
55
174
     1
178
     6
175
     1
176
     0
 93
-1056964608
 45
0.18
292
     0
297
     0
 46
0.18
 94
-1056964608
 47
1.0
 49
1.0
140
1.0
293
     1
141
0.0
294
     1
177
     0
142
1.0
295
     0
296
     0
143
0.125
271
     0
272
     9
273
     9
298
     1
  0
MLINESTYLE
  5
60
102
{ACAD_REACTORS
330
5F
102
}
330
5F
100
AcDbMlineStyle
  2
STANDARD
 70
     0
  3

 62
   256
 51
90.0
 52
90.0
 71
     2
 49
0.5
 62
   256
  6
BYLAYER
 49
-0.5
 62
   256
  6
BYLAYER
  0
ACDBPLACEHOLDER
  5
F
102
{ACAD_REACTORS
330
E
102
}
330
E
  0
SCALE
  5
43
102
{ACAD_REACTORS
330
42
102
}
330
42
100
AcDbScale
 70
     0
300
1:1
140
1.0
141
1.0
290
     1
  0
SCALE
  5
44
102
{ACAD_REACTORS
330
42
102
}
330
42
100
AcDbScale
 70
     0
300
1:2
140
1.0
141
2.0
290
     0
  0
SCALE
  5
45
102
{ACAD_REACTORS
330
42
102
}
330
42
100
AcDbScale
 70
     0
300
1:4
140
1.0
141
4.0
290
     0
  0
SCALE
  5
46
102
{ACAD_REACTORS
330
42
102
}
330
42
100
AcDbScale
 70
     0
300
1:5
140
1.0
141
5.0
290
     0
  0
SCALE
  5
47
102
{ACAD_REACTORS
330
42
102
}
330
42
100
AcDbScale
 70
     0
300
1:8
140
1.0
141
8.0
290
     0
  0
SCALE
  5
48
102
{ACAD_REACTORS
330
42
102
}
330
42
100
AcDbScale
 70
     0
300
1:10
140
1.0
141
10.0
290
     0
  0
SCALE
  5
49
102
{ACAD_REACTORS
330
42
102
}
330
42
100
AcDbScale
 70
     0
300
1:16
140
1.0
141
16.0
290
     0
  0
SCALE
  5
4A
102
{ACAD_REACTORS
330
42
102
}
330
42
100
AcDbScale
 70
     0
300
1:20
140
1.0
141
20.0
290
     0
  0
SCALE
  5
4B
102
{ACAD_REACTORS
330
42
102
}
330
42
100
AcDbScale
 70
     0
300
1:30
140
1.0
141
30.0
290
     0
  0
SCALE
  5
4C
102
{ACAD_REACTORS
330
42
102
}
330
42
100
AcDbScale
 70
     0
300
1:40
140
1.0
141
40.0
290
     0
  0
SCALE
  5
4D
102
{ACAD_REACTORS
330
42
102
}
330
42
100
AcDbScale
 70
     0
300
1:50
140
1.0
141
50.0
290
     0
  0
SCALE
  5
4E
102
{ACAD_REACTORS
330
42
102
}
330
42
100
AcDbScale
 70
     0
300
1:100
140
1.0
141
100.0
290
     0
  0
SCALE
  5
4F
102
{ACAD_REACTORS
330
42
102
}
330
42
100
AcDbScale
 70
     0
300
2:1
140
2.0
141
1.0
290
     0
  0
SCALE
  5
50
102
{ACAD_REACTORS
330
42
102
}
330
42
100
AcDbScale
 70
     0
300
4:1
140
4.0
141
1.0
290
     0
  0
SCALE
  5
51
102
{ACAD_REACTORS
330
42
102
}
330
42
100
AcDbScale
 70
     0
300
8:1
140
8.0
141
1.0
290
     0
  0
SCALE
  5
52
102
{ACAD_REACTORS
330
42
102
}
330
42
100
AcDbScale
 70
     0
300
10:1
140
10.0
141
1.0
290
     0
  0
SCALE
  5
53
102
{ACAD_REACTORS
330
42
102
}
330
42
100
AcDbScale
 70
     0
300
100:1
140
100.0
141
1.0
290
     0
  0
ACDBSECTIONVIEWSTYLE
  5
1A4E
102
{ACAD_XDICTIONARY
360
1A5E
102
}
102
{ACAD_REACTORS
330
1A4D
102
}
330
1A4D
100
AcDbModelDocViewStyle
 70
     0
  3
Metric50
290
     0
100
AcDbSectionViewStyle
 70
     0
 71
     0
 90
      102
 71
     1
340
55
 62
   256
 40
5.0
340
0
340
0
 62
   256
 40
5.0
300
I, O, Q, S, X, Z
 40
10.0
 90
        0
 40
2.5
 90
        0
 71
     2
340
5D
 90
       25
 62
   256
340
5D
 90
       50
 62
   256
 40
5.0
 40
2.5
 40
5.0
 71
     3
340
55
 62
   256
 40
5.0
 90
        0
 40
15.0
 90
        1
300
%<\AcVar ViewSectionStartId>%-%<\AcVar ViewSectionEndId>% (%<\AcVar ViewScale \f "%sn">%)
 71
     4
 62
   256
 62
   257
300
ANSI31
 40
1.0
 90
        0
290
     0
290
     0
 90
        6
 40
0.0
 40
1.570796326794896
 40
0.2617993877991494
 40
1.308996938995747
 40
-0.2617993877991494
 40
1.832595714594046
  0
TABLESTYLE
  5
65
102
{ACAD_XDICTIONARY
360
1A5B
102
}
102
{ACAD_REACTORS
330
64
102
}
330
64
100
AcDbTableStyle
280
     0
  3
Standard
 70
     0
 71
     0
 40
1.5
 41
1.5
280
     0
281
     0
  7
Standard
140
4.5
170
     2
 62
     0
 63
     7
283
     0
 90
      512
 91
        0
  1

274
    -2
284
     1
 64
     0
275
    -2
285
     1
 65
     0
276
    -2
286
     1
 66
     0
277
    -2
287
     1
 67
     0
278
    -2
288
     1
 68
     0
279
    -2
289
     1
 69
     0
  7
Standard
140
6.0
170
     5
 62
     0
 63
     7
283
     0
 90
      512
 91
        0
  1

274
    -2
284
     1
 64
     0
275
    -2
285
     1
 65
     0
276
    -2
286
     1
 66
     0
277
    -2
287
     1
 67
     0
278
    -2
288
     1
 68
     0
279
    -2
289
     1
 69
     0
  7
Standard
140
4.5
170
     5
 62
     0
 63
     7
283
     0
 90
      512
 91
        0
  1

274
    -2
284
     1
 64
     0
275
    -2
285
     1
 65
     0
276
    -2
286
     1
 66
     0
277
    -2
287
     1
 67
     0
278
    -2
288
     1
 68
     0
279
    -2
289
     1
 69
     0
  0
VISUALSTYLE
  5
2F
102
{ACAD_REACTORS
330
29
102
}
330
29
100
AcDbVisualStyle
  2
2dWireframe
 70
     4
177
     3
291
     0
 70
    58
 90
        0
176
     1
 90
        2
176
     1
 90
        0
176
     1
 90
        0
176
     1
 40
0.6
176
     1
 40
30.0
176
     1
 62
     7
420
 16777215
176
     1
 90
        1
176
     1
 90
        4
176
     1
 62
     7
176
     1
 62
   257
176
     1
 90
        1
176
     1
 90
        1
176
     1
 40
1.0
176
     1
 90
        0
176
     1
 62
   257
176
     1
 40
1.0
176
     1
 90
        1
176
     1
 90
        6
176
     1
 90
        2
176
     1
 62
     7
176
     1
 90
        5
176
     1
 90
        0
176
     1
 90
        0
176
     1
290
     0
176
     1
 90
        1
176
     1
 40
0.0
176
     1
 90
        0
176
     1
290
     1
176
     1
290
     1
176
     1
290
     0
176
     1
290
     0
176
     1
290
     0
176
     1
290
     0
176
     1
290
     0
176
     1
290
     0
176
     1
290
     0
176
     1
 90
       50
176
     1
 40
0.0
176
     1
 40
1.0
176
     1
 90
        0
176
     1
 62
    18
420
        0
176
     1
 90
       50
176
     1
 90
        3
176
     1
 62
     5
420
      255
176
     1
290
     0
176
     1
 90
       50
176
     1
 90
       50
176
     1
 90
       50
176
     1
290
     0
176
     1
 90
       50
176
     1
 62
   256
176
     0
 40
1.0
176
     0
 90
        2
176
     1
  1
strokes_ogs.tif
176
     1
290
     0
176
     1
 40
1.0
176
     1
 40
1.0
176
     1
1001
ACAD
1000
AcDbSavedByObjectVersion
1070
     0
  0
VISUALSTYLE
  5
2E
102
{ACAD_REACTORS
330
29
102
}
330
29
100
AcDbVisualStyle
  2
Basic
 70
     7
177
     3
291
     1
 70
    58
 90
        1
176
     1
 90
        0
176
     1
 90
        1
176
     1
 90
        0
176
     1
 40
0.6
176
     1
 40
30.0
176
     1
 62
     7
420
 16777215
176
     1
 90
        0
176
     1
 90
        4
176
     1
 62
     7
176
     1
 62
   257
176
     1
 90
        1
176
     1
 90
        1
176
     1
 40
1.0
176
     1
 90
        8
176
     1
 62
     7
176
     1
 40
1.0
176
     1
 90
        1
176
     1
 90
        6
176
     1
 90
        2
176
     1
 62
     7
176
     1
 90
        5
176
     1
 90
        0
176
     1
 90
        0
176
     1
290
     0
176
     1
 90
        1
176
     1
 40
0.0
176
     1
 90
        0
176
     1
290
     0
176
     1
290
     1
176
     1
290
     1
176
     1
290
     0
176
     1
290
     0
176
     1
290
     0
176
     1
290
     0
176
     1
290
     0
176
     1
290
     0
176
     1
 90
       50
176
     1
 40
0.0
176
     1
 40
1.0
176
     1
 90
        0
176
     1
 62
    18
420
        0
176
     1
 90
       50
176
     1
 90
        3
176
     1
 62
     5
420
      255
176
     1
290
     0
176
     1
 90
       50
176
     1
 90
       50
176
     1
 90
       50
176
     1
290
     0
176
     1
 90
       50
176
     1
 62
   256
176
     0
 40
1.0
176
     0
 90
        2
176
     1
  1
strokes_ogs.tif
176
     1
290
     0
176
     1
 40
1.0
176
     1
 40
1.0
176
     1
1001
ACAD
1000
AcDbSavedByObjectVersion
1070
     0
  0
VISUALSTYLE
  5
35
102
{ACAD_REACTORS
330
29
102
}
330
29
100
AcDbVisualStyle
  2
Brighten
 70
    12
177
     3
291
     1
 70
    58
 90
        2
176
     1
 90
        2
176
     1
 90
        0
176
     1
 90
        0
176
     1
 40
0.6
176
     1
 40
30.0
176
     1
 62
     7
420
 16777215
176
     1
 90
        1
176
     1
 90
        4
176
     1
 62
     7
176
     1
 62
   257
176
     1
 90
        1
176
     1
 90
        1
176
     1
 40
1.0
176
     1
 90
        8
176
     1
 62
     7
176
     1
 40
1.0
176
     1
 90
        1
176
     1
 90
        6
176
     1
 90
        2
176
     1
 62
     7
176
     1
 90
        5
176
     1
 90
        0
176
     1
 90
        0
176
     1
290
     0
176
     1
 90
        1
176
     1
 40
50.0
176
     1
 90
        0
176
     1
290
     0
176
     1
290
     1
176
     1
290
     1
176
     1
290
     0
176
     1
290
     0
176
     1
290
     0
176
     1
290
     0
176
     1
290
     0
176
     1
290
     0
176
     1
 90
       50
176
     1
 40
0.0
176
     1
 40
1.0
176
     1
 90
        0
176
     1
 62
    18
420
        0
176
     1
 90
       50
176
     1
 90
        3
176
     1
 62
     5
420
      255
176
     1
290
     0
176
     1
 90
       50
176
     1
 90
       50
176
     1
 90
       50
176
     1
290
     0
176
     1
 90
       50
176
     1
 62
   256
176
     0
 40
1.0
176
     0
 90
        2
176
     1
  1
strokes_ogs.tif
176
     1
290
     0
176
     1
 40
1.0
176
     1
 40
1.0
176
     1
1001
ACAD
1000
AcDbSavedByObjectVersion
1070
     0
  0
VISUALSTYLE
  5
39
102
{ACAD_REACTORS
330
29
102
}
330
29
100
AcDbVisualStyle
  2
ColorChange
 70
    16
177
     3
291
     1
 70
    58
 90
        2
176
     1
 90
        2
176
     1
 90
        3
176
     1
 90
        0
176
     1
 40
0.6
176
     1
 40
30.0
176
     1
 62
     8
420
  8421504
176
     1
 90
        1
176
     1
 90
        4
176
     1
 62
     7
176
     1
 62
   257
176
     1
 90
        1
176
     1
 90
        1
176
     1
 40
1.0
176
     1
 90
        8
176
     1
 62
     8
420
  8421504
176
     1
 40
1.0
176
     1
 90
        1
176
     1
 90
        6
176
     1
 90
        2
176
     1
 62
     7
176
     1
 90
        5
176
     1
 90
        0
176
     1
 90
        0
176
     1
290
     0
176
     1
 90
        1
176
     1
 40
0.0
176
     1
 90
        0
176
     1
290
     0
176
     1
290
     1
176
     1
290
     1
176
     1
290
     0
176
     1
290
     0
176
     1
290
     0
176
     1
290
     0
176
     1
290
     0
176
     1
290
     0
176
     1
 90
       50
176
     1
 40
0.0
176
     1
 40
1.0
176
     1
 90
        0
176
     1
 62
    18
420
        0
176
     1
 90
       50
176
     1
 90
        3
176
     1
 62
     5
420
      255
176
     1
290
     0
176
     1
 90
       50
176
     1
 90
       50
176
     1
 90
       50
176
     1
290
     0
176
     1
 90
       50
176
     1
 62
   256
176
     0
 40
1.0
176
     0
 90
        2
176
     1
  1
strokes_ogs.tif
176
     1
290
     0
176
     1
 40
1.0
176
     1
 40
1.0
176
     1
1001
ACAD
1000
AcDbSavedByObjectVersion
1070
     0
  0
VISUALSTYLE
  5
32
102
{ACAD_REACTORS
330
29
102
}
330
29
100
AcDbVisualStyle
  2
Conceptual
 70
     9
177
     3
291
     0
 70
    58
 90
        3
176
     1
 90
        2
176
     1
 90
        0
176
     1
 90
        0
176
     1
 40
0.6
176
     1
 40
30.0
176
     1
 62
     7
420
 16777215
176
     1
 90
        2
176
     1
 90
        2
176
     1
 62
     7
176
     1
 62
   257
176
     1
 90
        1
176
     1
 90
        1
176
     1
 40
179.0
176
     1
 90
        8
176
     1
 62
     7
176
     1
 40
1.0
176
     1
 90
        1
176
     1
 90
        6
176
     1
 90
        2
176
     1
 62
     7
176
     1
 90
        3
176
     1
 90
        0
176
     1
 90
        0
176
     1
290
     0
176
     1
 90
        1
176
     1
 40
0.0
176
     1
 90
        0
176
     1
290
     0
176
     1
290
     1
176
     1
290
     1
176
     1
290
     0
176
     1
290
     0
176
     1
290
     0
176
     1
290
     0
176
     1
290
     0
176
     1
290
     0
176
     1
 90
       50
176
     1
 40
0.0
176
     1
 40
1.0
176
     1
 90
        0
176
     1
 62
    18
420
        0
176
     1
 90
       50
176
     1
 90
        3
176
     1
 62
     5
420
      255
176
     1
290
     0
176
     1
 90
       50
176
     1
 90
       50
176
     1
 90
       50
176
     1
290
     0
176
     1
 90
       50
176
     1
 62
   256
176
     0
 40
1.0
176
     0
 90
        2
176
     1
  1
strokes_ogs.tif
176
     1
290
     0
176
     1
 40
1.0
176
     1
 40
1.0
176
     1
1001
ACAD
1000
AcDbSavedByObjectVersion
1070
     0
  0
VISUALSTYLE
  5
34
102
{ACAD_REACTORS
330
29
102
}
330
29
100
AcDbVisualStyle
  2
Dim
 70
    11
177
     3
291
     1
 70
    58
 90
        2
176
     1
 90
        2
176
     1
 90
        0
176
     1
 90
        0
176
     1
 40
0.6
176
     1
 40
30.0
176
     1
 62
     7
420
 16777215
176
     1
 90
        1
176
     1
 90
        4
176
     1
 62
     7
176
     1
 62
   257
176
     1
 90
        1
176
     1
 90
        1
176
     1
 40
1.0
176
     1
 90
        8
176
     1
 62
     7
176
     1
 40
1.0
176
     1
 90
        1
176
     1
 90
        6
176
     1
 90
        2
176
     1
 62
     7
176
     1
 90
        5
176
     1
 90
        0
176
     1
 90
        0
176
     1
290
     0
176
     1
 90
        1
176
     1
 40
-50.0
176
     1
 90
        0
176
     1
290
     0
176
     1
290
     1
176
     1
290
     1
176
     1
290
     0
176
     1
290
     0
176
     1
290
     0
176
     1
290
     0
176
     1
290
     0
176
     1
290
     0
176
     1
 90
       50
176
     1
 40
0.0
176
     1
 40
1.0
176
     1
 90
        0
176
     1
 62
    18
420
        0
176
     1
 90
       50
176
     1
 90
        3
176
     1
 62
     5
420
      255
176
     1
290
     0
176
     1
 90
       50
176
     1
 90
       50
176
     1
 90
       50
176
     1
290
     0
176
     1
 90
       50
176
     1
 62
   256
176
     0
 40
1.0
176
     0
 90
        2
176
     1
  1
strokes_ogs.tif
176
     1
290
     0
176
     1
 40
1.0
176
     1
 40
1.0
176
     1
1001
ACAD
1000
AcDbSavedByObjectVersion
1070
     0
  0
VISUALSTYLE
  5
41
102
{ACAD_REACTORS
330
29
102
}
330
29
100
AcDbVisualStyle
  2
EdgeColorOff
 70
    22
177
     3
291
     1
 70
    58
 90
        2
176
     0
 90
        2
176
     0
 90
        0
176
     0
 90
        0
176
     0
 40
0.6
176
     0
 40
30.0
176
     0
 62
     7
420
 16777215
176
     0
 90
        1
176
     0
 90
        4
176
     0
 62
     7
176
     0
 62
   257
176
     0
 90
        1
176
     0
 90
        1
176
     0
 40
1.0
176
     0
 90
        8
176
     2
 62
     7
176
     0
 40
1.0
176
     0
 90
        1
176
     0
 90
        6
176
     0
 90
        2
176
     0
 62
     7
176
     0
 90
        5
176
     0
 90
        0
176
     0
 90
        0
176
     0
290
     0
176
     0
 90
        1
176
     0
 40
0.0
176
     0
 90
        0
176
     0
290
     0
176
     1
290
     1
176
     1
290
     1
176
     1
290
     0
176
     1
290
     0
176
     1
290
     0
176
     1
290
     0
176
     1
290
     0
176
     1
290
     0
176
     1
 90
       50
176
     1
 40
0.0
176
     1
 40
1.0
176
     1
 90
        0
176
     1
 62
    18
420
        0
176
     1
 90
       50
176
     1
 90
        3
176
     1
 62
     5
420
      255
176
     1
290
     0
176
     1
 90
       50
176
     1
 90
       50
176
     1
 90
       50
176
     1
290
     0
176
     1
 90
       50
176
     1
 62
   256
176
     0
 40
1.0
176
     0
 90
        2
176
     1
  1
strokes_ogs.tif
176
     1
290
     0
176
     1
 40
1.0
176
     1
 40
1.0
176
     1
1001
ACAD
1000
AcDbSavedByObjectVersion
1070
     0
  0
VISUALSTYLE
  5
38
102
{ACAD_REACTORS
330
29
102
}
330
29
100
AcDbVisualStyle
  2
Facepattern
 70
    15
177
     3
291
     1
 70
    58
 90
        2
176
     1
 90
        2
176
     1
 90
        0
176
     1
 90
        0
176
     1
 40
0.6
176
     1
 40
30.0
176
     1
 62
     7
420
 16777215
176
     1
 90
        1
176
     1
 90
        4
176
     1
 62
     7
176
     1
 62
   257
176
     1
 90
        1
176
     1
 90
        1
176
     1
 40
1.0
176
     1
 90
        8
176
     1
 62
     7
176
     1
 40
1.0
176
     1
 90
        1
176
     1
 90
        6
176
     1
 90
        2
176
     1
 62
     7
176
     1
 90
        5
176
     1
 90
        0
176
     1
 90
        0
176
     1
290
     0
176
     1
 90
        1
176
     1
 40
0.0
176
     1
 90
        0
176
     1
290
     0
176
     1
290
     1
176
     1
290
     1
176
     1
290
     0
176
     1
290
     0
176
     1
290
     0
176
     1
290
     0
176
     1
290
     0
176
     1
290
     0
176
     1
 90
       50
176
     1
 40
0.0
176
     1
 40
1.0
176
     1
 90
        0
176
     1
 62
    18
420
        0
176
     1
 90
       50
176
     1
 90
        3
176
     1
 62
     5
420
      255
176
     1
290
     0
176
     1
 90
       50
176
     1
 90
       50
176
     1
 90
       50
176
     1
290
     0
176
     1
 90
       50
176
     1
 62
   256
176
     0
 40
1.0
176
     0
 90
        2
176
     1
  1
strokes_ogs.tif
176
     1
290
     0
176
     1
 40
1.0
176
     1
 40
1.0
176
     1
1001
ACAD
1000
AcDbSavedByObjectVersion
1070
     0
  0
VISUALSTYLE
  5
2A
102
{ACAD_REACTORS
330
29
102
}
330
29
100
AcDbVisualStyle
  2
Flat
 70
     0
177
     3
291
     1
 70
    58
 90
        2
176
     1
 90
        1
176
     1
 90
        1
176
     1
 90
        2
176
     1
 40
0.6
176
     1
 40
30.0
176
     1
 62
     7
420
 16777215
176
     1
 90
        0
176
     1
 90
        0
176
     1
 62
     7
176
     1
 62
   257
176
     1
 90
        1
176
     1
 90
        1
176
     1
 40
1.0
176
     1
 90
        8
176
     1
 62
     7
176
     1
 40
1.0
176
     1
 90
        1
176
     1
 90
        6
176
     1
 90
        2
176
     1
 62
     7
176
     1
 90
        5
176
     1
 90
        0
176
     1
 90
        0
176
     1
290
     0
176
     1
 90
       13
176
     1
 40
0.0
176
     1
 90
        0
176
     1
290
     0
176
     1
290
     1
176
     1
290
     1
176
     1
290
     0
176
     1
290
     0
176
     1
290
     0
176
     1
290
     0
176
     1
290
     0
176
     1
290
     0
176
     1
 90
       50
176
     1
 40
0.0
176
     1
 40
1.0
176
     1
 90
        0
176
     1
 62
    18
420
        0
176
     1
 90
       50
176
     1
 90
        3
176
     1
 62
     5
420
      255
176
     1
290
     0
176
     1
 90
       50
176
     1
 90
       50
176
     1
 90
       50
176
     1
290
     0
176
     1
 90
       50
176
     1
 62
   256
176
     0
 40
1.0
176
     0
 90
        2
176
     1
  1
strokes_ogs.tif
176
     1
290
     0
176
     1
 40
1.0
176
     1
 40
1.0
176
     1
1001
ACAD
1000
AcDbSavedByObjectVersion
1070
     0
  0
VISUALSTYLE
  5
2B
102
{ACAD_REACTORS
330
29
102
}
330
29
100
AcDbVisualStyle
  2
FlatWithEdges
 70
     1
177
     3
291
     1
 70
    58
 90
        2
176
     1
 90
        1
176
     1
 90
        1
176
     1
 90
        2
176
     1
 40
0.6
176
     1
 40
30.0
176
     1
 62
     7
420
 16777215
176
     1
 90
        1
176
     1
 90
        0
176
     1
 62
     7
176
     1
 62
   257
176
     1
 90
        1
176
     1
 90
        1
176
     1
 40
1.0
176
     1
 90
        0
176
     1
 62
   257
176
     1
 40
1.0
176
     1
 90
        1
176
     1
 90
        6
176
     1
 90
        2
176
     1
 62
     7
176
     1
 90
        5
176
     1
 90
        0
176
     1
 90
        0
176
     1
290
     0
176
     1
 90
       13
176
     1
 40
0.0
176
     1
 90
        0
176
     1
290
     0
176
     1
290
     1
176
     1
290
     1
176
     1
290
     0
176
     1
290
     0
176
     1
290
     0
176
     1
290
     0
176
     1
290
     0
176
     1
290
     0
176
     1
 90
       50
176
     1
 40
0.0
176
     1
 40
1.0
176
     1
 90
        0
176
     1
 62
    18
420
        0
176
     1
 90
       50
176
     1
 90
        3
176
     1
 62
     5
420
      255
176
     1
290
     0
176
     1
 90
       50
176
     1
 90
       50
176
     1
 90
       50
176
     1
290
     0
176
     1
 90
       50
176
     1
 62
   256
176
     0
 40
1.0
176
     0
 90
        2
176
     1
  1
strokes_ogs.tif
176
     1
290
     0
176
     1
 40
1.0
176
     1
 40
1.0
176
     1
1001
ACAD
1000
AcDbSavedByObjectVersion
1070
     0
  0
VISUALSTYLE
  5
2C
102
{ACAD_REACTORS
330
29
102
}
330
29
100
AcDbVisualStyle
  2
Gouraud
 70
     2
177
     3
291
     1
 70
    58
 90
        2
176
     1
 90
        2
176
     1
 90
        1
176
     1
 90
        2
176
     1
 40
0.6
176
     1
 40
30.0
176
     1
 62
     7
420
 16777215
176
     1
 90
        0
176
     1
 90
        0
176
     1
 62
     7
176
     1
 62
   257
176
     1
 90
        1
176
     1
 90
        1
176
     1
 40
1.0
176
     1
 90
        0
176
     1
 62
     7
176
     1
 40
1.0
176
     1
 90
        1
176
     1
 90
        6
176
     1
 90
        2
176
     1
 62
     7
176
     1
 90
        5
176
     1
 90
        0
176
     1
 90
        0
176
     1
290
     0
176
     1
 90
       13
176
     1
 40
0.0
176
     1
 90
        0
176
     1
290
     0
176
     1
290
     1
176
     1
290
     1
176
     1
290
     0
176
     1
290
     0
176
     1
290
     0
176
     1
290
     0
176
     1
290
     0
176
     1
290
     0
176
     1
 90
       50
176
     1
 40
0.0
176
     1
 40
1.0
176
     1
 90
        0
176
     1
 62
    18
420
        0
176
     1
 90
       50
176
     1
 90
        3
176
     1
 62
     5
420
      255
176
     1
290
     0
176
     1
 90
       50
176
     1
 90
       50
176
     1
 90
       50
176
     1
290
     0
176
     1
 90
       50
176
     1
 62
   256
176
     0
 40
1.0
176
     0
 90
        2
176
     1
  1
strokes_ogs.tif
176
     1
290
     0
176
     1
 40
1.0
176
     1
 40
1.0
176
     1
1001
ACAD
1000
AcDbSavedByObjectVersion
1070
     0
  0
VISUALSTYLE
  5
2D
102
{ACAD_REACTORS
330
29
102
}
330
29
100
AcDbVisualStyle
  2
GouraudWithEdges
 70
     3
177
     3
291
     1
 70
    58
 90
        2
176
     1
 90
        2
176
     1
 90
        1
176
     1
 90
        2
176
     1
 40
0.6
176
     1
 40
30.0
176
     1
 62
     7
420
 16777215
176
     1
 90
        1
176
     1
 90
        0
176
     1
 62
     7
176
     1
 62
   257
176
     1
 90
        1
176
     1
 90
        1
176
     1
 40
1.0
176
     1
 90
        0
176
     1
 62
   257
176
     1
 40
1.0
176
     1
 90
        1
176
     1
 90
        6
176
     1
 90
        2
176
     1
 62
     7
176
     1
 90
        5
176
     1
 90
        0
176
     1
 90
        0
176
     1
290
     0
176
     1
 90
       13
176
     1
 40
0.0
176
     1
 90
        0
176
     1
290
     0
176
     1
290
     1
176
     1
290
     1
176
     1
290
     0
176
     1
290
     0
176
     1
290
     0
176
     1
290
     0
176
     1
290
     0
176
     1
290
     0
176
     1
 90
       50
176
     1
 40
0.0
176
     1
 40
1.0
176
     1
 90
        0
176
     1
 62
    18
420
        0
176
     1
 90
       50
176
     1
 90
        3
176
     1
 62
     5
420
      255
176
     1
290
     0
176
     1
 90
       50
176
     1
 90
       50
176
     1
 90
       50
176
     1
290
     0
176
     1
 90
       50
176
     1
 62
   256
176
     0
 40
1.0
176
     0
 90
        2
176
     1
  1
strokes_ogs.tif
176
     1
290
     0
176
     1
 40
1.0
176
     1
 40
1.0
176
     1
1001
ACAD
1000
AcDbSavedByObjectVersion
1070
     0
  0
VISUALSTYLE
  5
31
102
{ACAD_REACTORS
330
29
102
}
330
29
100
AcDbVisualStyle
  2
Hidden
 70
     6
177
     3
291
     0
 70
    58
 90
        1
176
     1
 90
        2
176
     1
 90
        2
176
     1
 90
        0
176
     1
 40
0.6
176
     1
 40
30.0
176
     1
 62
     7
420
 16777215
176
     1
 90
        2
176
     1
 90
        2
176
     1
 62
     7
176
     1
 62
   257
176
     1
 90
        2
176
     1
 90
        1
176
     1
 40
40.0
176
     1
 90
        0
176
     1
 62
   257
176
     1
 40
1.0
176
     1
 90
        1
176
     1
 90
        6
176
     1
 90
        2
176
     1
 62
     7
176
     1
 90
        3
176
     1
 90
        0
176
     1
 90
        0
176
     1
290
     0
176
     1
 90
        1
176
     1
 40
0.0
176
     1
 90
        0
176
     1
290
     0
176
     1
290
     1
176
     1
290
     1
176
     1
290
     0
176
     1
290
     0
176
     1
290
     0
176
     1
290
     0
176
     1
290
     0
176
     1
290
     0
176
     1
 90
       50
176
     1
 40
0.0
176
     1
 40
1.0
176
     1
 90
        0
176
     1
 62
    18
420
        0
176
     1
 90
       50
176
     1
 90
        3
176
     1
 62
     5
420
      255
176
     1
290
     0
176
     1
 90
       50
176
     1
 90
       50
176
     1
 90
       50
176
     1
290
     0
176
     1
 90
       50
176
     1
 62
   256
176
     0
 40
1.0
176
     0
 90
        2
176
     1
  1
strokes_ogs.tif
176
     1
290
     0
176
     1
 40
1.0
176
     1
 40
1.0
176
     1
1001
ACAD
1000
AcDbSavedByObjectVersion
1070
     0
  0
VISUALSTYLE
  5
3F
102
{ACAD_REACTORS
330
29
102
}
330
29
100
AcDbVisualStyle
  2
JitterOff
 70
    20
177
     3
291
     1
 70
    58
 90
        2
176
     0
 90
        2
176
     0
 90
        0
176
     0
 90
        0
176
     0
 40
0.6
176
     0
 40
30.0
176
     0
 62
     7
420
 16777215
176
     0
 90
        1
176
     0
 90
        4
176
     0
 62
     7
176
     0
 62
   257
176
     0
 90
        1
176
     0
 90
        1
176
     0
 40
1.0
176
     0
 90
       10
176
     2
 62
     7
176
     0
 40
1.0
176
     0
 90
        1
176
     0
 90
        6
176
     0
 90
        2
176
     0
 62
     7
176
     0
 90
        5
176
     0
 90
        0
176
     0
 90
        0
176
     0
290
     0
176
     0
 90
        1
176
     0
 40
0.0
176
     0
 90
        0
176
     0
290
     0
176
     1
290
     1
176
     1
290
     1
176
     1
290
     0
176
     1
290
     0
176
     1
290
     0
176
     1
290
     0
176
     1
290
     0
176
     1
290
     0
176
     1
 90
       50
176
     1
 40
0.0
176
     1
 40
1.0
176
     1
 90
        0
176
     1
 62
    18
420
        0
176
     1
 90
       50
176
     1
 90
        3
176
     1
 62
     5
420
      255
176
     1
290
     0
176
     1
 90
       50
176
     1
 90
       50
176
     1
 90
       50
176
     1
290
     0
176
     1
 90
       50
176
     1
 62
   256
176
     0
 40
1.0
176
     0
 90
        2
176
     1
  1
strokes_ogs.tif
176
     1
290
     0
176
     1
 40
1.0
176
     1
 40
1.0
176
     1
1001
ACAD
1000
AcDbSavedByObjectVersion
1070
     0
  0
VISUALSTYLE
  5
37
102
{ACAD_REACTORS
330
29
102
}
330
29
100
AcDbVisualStyle
  2
Linepattern
 70
    14
177
     3
291
     1
 70
    58
 90
        2
176
     1
 90
        2
176
     1
 90
        0
176
     1
 90
        0
176
     1
 40
0.6
176
     1
 40
30.0
176
     1
 62
     7
420
 16777215
176
     1
 90
        1
176
     1
 90
        4
176
     1
 62
     7
176
     1
 62
   257
176
     1
 90
        7
176
     1
 90
        7
176
     1
 40
1.0
176
     1
 90
        8
176
     1
 62
     7
176
     1
 40
1.0
176
     1
 90
        1
176
     1
 90
        6
176
     1
 90
        2
176
     1
 62
     7
176
     1
 90
        5
176
     1
 90
        0
176
     1
 90
        0
176
     1
290
     0
176
     1
 90
        1
176
     1
 40
0.0
176
     1
 90
        0
176
     1
290
     0
176
     1
290
     1
176
     1
290
     1
176
     1
290
     0
176
     1
290
     0
176
     1
290
     0
176
     1
290
     0
176
     1
290
     0
176
     1
290
     0
176
     1
 90
       50
176
     1
 40
0.0
176
     1
 40
1.0
176
     1
 90
        0
176
     1
 62
    18
420
        0
176
     1
 90
       50
176
     1
 90
        3
176
     1
 62
     5
420
      255
176
     1
290
     0
176
     1
 90
       50
176
     1
 90
       50
176
     1
 90
       50
176
     1
290
     0
176
     1
 90
       50
176
     1
 62
   256
176
     0
 40
1.0
176
     0
 90
        2
176
     1
  1
strokes_ogs.tif
176
     1
290
     0
176
     1
 40
1.0
176
     1
 40
1.0
176
     1
1001
ACAD
1000
AcDbSavedByObjectVersion
1070
     0
  0
VISUALSTYLE
  5
40
102
{ACAD_REACTORS
330
29
102
}
330
29
100
AcDbVisualStyle
  2
OverhangOff
 70
    21
177
     3
291
     1
 70
    58
 90
        2
176
     0
 90
        2
176
     0
 90
        0
176
     0
 90
        0
176
     0
 40
0.6
176
     0
 40
30.0
176
     0
 62
     7
420
 16777215
176
     0
 90
        1
176
     0
 90
        4
176
     0
 62
     7
176
     0
 62
   257
176
     0
 90
        1
176
     0
 90
        1
176
     0
 40
1.0
176
     0
 90
        9
176
     2
 62
     7
176
     0
 40
1.0
176
     0
 90
        1
176
     0
 90
        6
176
     0
 90
        2
176
     0
 62
     7
176
     0
 90
        5
176
     0
 90
        0
176
     0
 90
        0
176
     0
290
     0
176
     0
 90
        1
176
     0
 40
0.0
176
     0
 90
        0
176
     0
290
     0
176
     1
290
     1
176
     1
290
     1
176
     1
290
     0
176
     1
290
     0
176
     1
290
     0
176
     1
290
     0
176
     1
290
     0
176
     1
290
     0
176
     1
 90
       50
176
     1
 40
0.0
176
     1
 40
1.0
176
     1
 90
        0
176
     1
 62
    18
420
        0
176
     1
 90
       50
176
     1
 90
        3
176
     1
 62
     5
420
      255
176
     1
290
     0
176
     1
 90
       50
176
     1
 90
       50
176
     1
 90
       50
176
     1
290
     0
176
     1
 90
       50
176
     1
 62
   256
176
     0
 40
1.0
176
     0
 90
        2
176
     1
  1
strokes_ogs.tif
176
     1
290
     0
176
     1
 40
1.0
176
     1
 40
1.0
176
     1
1001
ACAD
1000
AcDbSavedByObjectVersion
1070
     0
  0
VISUALSTYLE
  5
33
102
{ACAD_REACTORS
330
29
102
}
330
29
100
AcDbVisualStyle
  2
Realistic
 70
     8
177
     3
291
     0
 70
    58
 90
        2
176
     1
 90
        3
176
     1
 90
        0
176
     1
 90
        2
176
     1
 40
0.6
176
     1
 40
30.0
176
     1
 62
     7
420
 16777215
176
     1
 90
        0
176
     1
 90
        0
176
     1
 62
     7
176
     1
 62
   257
176
     1
 90
        1
176
     1
 90
        1
176
     1
 40
1.0
176
     1
 90
        8
176
     1
 62
   257
176
     1
 40
1.0
176
     1
 90
        1
176
     1
 90
        6
176
     1
 90
        2
176
     1
 62
     7
176
     1
 90
        3
176
     1
 90
        0
176
     1
 90
        0
176
     1
290
     0
176
     1
 90
       13
176
     1
 40
0.0
176
     1
 90
        0
176
     1
290
     0
176
     1
290
     1
176
     1
290
     1
176
     1
290
     0
176
     1
290
     0
176
     1
290
     0
176
     1
290
     0
176
     1
290
     0
176
     1
290
     0
176
     1
 90
       50
176
     1
 40
0.0
176
     1
 40
1.0
176
     1
 90
        0
176
     1
 62
    18
420
        0
176
     1
 90
       50
176
     1
 90
        3
176
     1
 62
     5
420
      255
176
     1
290
     0
176
     1
 90
       50
176
     1
 90
       50
176
     1
 90
       50
176
     1
290
     0
176
     1
 90
       50
176
     1
 62
   256
176
     0
 40
1.0
176
     0
 90
        2
176
     1
  1
strokes_ogs.tif
176
     1
290
     0
176
     1
 40
1.0
176
     1
 40
1.0
176
     1
1001
ACAD
1000
AcDbSavedByObjectVersion
1070
     0
  0
VISUALSTYLE
  5
3E
102
{ACAD_REACTORS
330
29
102
}
330
29
100
AcDbVisualStyle
  2
Shaded
 70
    27
177
     3
291
     0
 70
    58
 90
        2
176
     1
 90
        2
176
     1
 90
        1
176
     1
 90
        2
176
     1
 40
0.6
176
     1
 40
30.0
176
     1
 62
     7
420
 16777215
176
     1
 90
        0
176
     1
 90
        4
176
     1
 62
     7
176
     1
 62
   257
176
     1
 90
        1
176
     1
 90
        1
176
     1
 40
1.0
176
     1
 90
        8
176
     1
 62
   257
176
     1
 40
1.0
176
     1
 90
        1
176
     1
 90
        6
176
     1
 90
        2
176
     1
 62
     8
420
  7895160
176
     1
 90
        3
176
     1
 90
        0
176
     1
 90
        0
176
     1
290
     0
176
     1
 90
        5
176
     1
 40
0.0
176
     1
 90
        0
176
     1
290
     0
176
     1
290
     1
176
     1
290
     1
176
     1
290
     0
176
     1
290
     0
176
     1
290
     0
176
     1
290
     0
176
     1
290
     0
176
     1
290
     0
176
     1
 90
       50
176
     1
 40
0.0
176
     1
 40
1.0
176
     1
 90
        0
176
     1
 62
    18
420
        0
176
     1
 90
       50
176
     1
 90
        3
176
     1
 62
     5
420
      255
176
     1
290
     0
176
     1
 90
       50
176
     1
 90
       50
176
     1
 90
       50
176
     1
290
     0
176
     1
 90
       50
176
     1
 62
   256
176
     0
 40
1.0
176
     0
 90
        2
176
     1
  1
strokes_ogs.tif
176
     1
290
     0
176
     1
 40
1.0
176
     1
 40
1.0
176
     1
1001
ACAD
1000
AcDbSavedByObjectVersion
1070
     0
  0
VISUALSTYLE
  5
3D
102
{ACAD_REACTORS
330
29
102
}
330
29
100
AcDbVisualStyle
  2
Shaded with edges
 70
    26
177
     3
291
     0
 70
    58
 90
        2
176
     1
 90
        2
176
     1
 90
        1
176
     1
 90
        2
176
     1
 40
0.6
176
     1
 40
30.0
176
     1
 62
     7
420
 16777215
176
     1
 90
        1
176
     1
 90
        2
176
     1
 62
     7
176
     1
 62
   257
176
     1
 90
        2
176
     1
 90
        1
176
     1
 40
1.0
176
     1
 90
        8
176
     1
 62
   257
176
     1
 40
1.0
176
     1
 90
        1
176
     1
 90
        6
176
     1
 90
        2
176
     1
 62
     7
176
     1
 90
        3
176
     1
 90
        0
176
     1
 90
        0
176
     1
290
     0
176
     1
 90
        5
176
     1
 40
0.0
176
     1
 90
        0
176
     1
290
     0
176
     1
290
     1
176
     1
290
     1
176
     1
290
     0
176
     1
290
     0
176
     1
290
     0
176
     1
290
     0
176
     1
290
     0
176
     1
290
     0
176
     1
 90
       50
176
     1
 40
0.0
176
     1
 40
1.0
176
     1
 90
        0
176
     1
 62
    18
420
        0
176
     1
 90
       50
176
     1
 90
        3
176
     1
 62
     5
420
      255
176
     1
290
     0
176
     1
 90
       50
176
     1
 90
       50
176
     1
 90
       50
176
     1
290
     0
176
     1
 90
       50
176
     1
 62
   256
176
     0
 40
1.0
176
     0
 90
        2
176
     1
  1
strokes_ogs.tif
176
     1
290
     0
176
     1
 40
1.0
176
     1
 40
1.0
176
     1
1001
ACAD
1000
AcDbSavedByObjectVersion
1070
     0
  0
VISUALSTYLE
  5
3A
102
{ACAD_REACTORS
330
29
102
}
330
29
100
AcDbVisualStyle
  2
Shades of Gray
 70
    23
177
     3
291
     0
 70
    58
 90
        2
176
     1
 90
        2
176
     1
 90
        3
176
     1
 90
        0
176
     1
 40
0.6
176
     1
 40
30.0
176
     1
 62
     7
420
 16777215
176
     1
 90
        2
176
     1
 90
        2
176
     1
 62
     7
176
     1
 62
     7
176
     1
 90
        1
176
     1
 90
        1
176
     1
 40
40.0
176
     1
 90
        8
176
     1
 62
     7
176
     1
 40
1.0
176
     1
 90
        1
176
     1
 90
        6
176
     1
 90
        2
176
     1
 62
     7
176
     1
 90
        3
176
     1
 90
        0
176
     1
 90
        0
176
     1
290
     0
176
     1
 90
        1
176
     1
 40
0.0
176
     1
 90
        0
176
     1
290
     0
176
     1
290
     1
176
     1
290
     1
176
     1
290
     0
176
     1
290
     0
176
     1
290
     0
176
     1
290
     0
176
     1
290
     0
176
     1
290
     0
176
     1
 90
       50
176
     1
 40
0.0
176
     1
 40
1.0
176
     1
 90
        0
176
     1
 62
    18
420
        0
176
     1
 90
       50
176
     1
 90
        3
176
     1
 62
     5
420
      255
176
     1
290
     0
176
     1
 90
       50
176
     1
 90
       50
176
     1
 90
       50
176
     1
290
     0
176
     1
 90
       50
176
     1
 62
   256
176
     0
 40
1.0
176
     0
 90
        2
176
     1
  1
strokes_ogs.tif
176
     1
290
     0
176
     1
 40
1.0
176
     1
 40
1.0
176
     1
1001
ACAD
1000
AcDbSavedByObjectVersion
1070
     0
  0
VISUALSTYLE
  5
3B
102
{ACAD_REACTORS
330
29
102
}
330
29
100
AcDbVisualStyle
  2
Sketchy
 70
    24
177
     3
291
     0
 70
    58
 90
        1
176
     1
 90
        2
176
     1
 90
        2
176
     1
 90
        0
176
     1
 40
0.6
176
     1
 40
30.0
176
     1
 62
     7
420
 16777215
176
     1
 90
        2
176
     1
 90
        2
176
     1
 62
     7
176
     1
 62
     7
176
     1
 90
        1
176
     1
 90
        1
176
     1
 40
40.0
176
     1
 90
       11
176
     1
 62
     7
176
     1
 40
1.0
176
     1
 90
        1
176
     1
 90
        6
176
     1
 90
        2
176
     1
 62
     7
176
     1
 90
        6
176
     1
 90
        0
176
     1
 90
        0
176
     1
290
     0
176
     1
 90
        1
176
     1
 40
0.0
176
     1
 90
        0
176
     1
290
     0
176
     1
290
     1
176
     1
290
     1
176
     1
290
     0
176
     1
290
     0
176
     1
290
     0
176
     1
290
     0
176
     1
290
     0
176
     1
290
     0
176
     1
 90
       50
176
     1
 40
0.0
176
     1
 40
1.0
176
     1
 90
        0
176
     1
 62
    18
420
        0
176
     1
 90
       50
176
     1
 90
        3
176
     1
 62
     5
420
      255
176
     1
290
     0
176
     1
 90
       50
176
     1
 90
       50
176
     1
 90
       50
176
     1
290
     0
176
     1
 90
       50
176
     1
 62
   256
176
     0
 40
1.0
176
     0
 90
        2
176
     1
  1
strokes_ogs.tif
176
     1
290
     0
176
     1
 40
1.0
176
     1
 40
1.0
176
     1
1001
ACAD
1000
AcDbSavedByObjectVersion
1070
     0
  0
VISUALSTYLE
  5
36
102
{ACAD_REACTORS
330
29
102
}
330
29
100
AcDbVisualStyle
  2
Thicken
 70
    13
177
     3
291
     1
 70
    58
 90
        2
176
     1
 90
        2
176
     1
 90
        0
176
     1
 90
        0
176
     1
 40
0.6
176
     1
 40
30.0
176
     1
 62
     7
420
 16777215
176
     1
 90
        1
176
     1
 90
        4
176
     1
 62
     7
176
     1
 62
   257
176
     1
 90
        1
176
     1
 90
        1
176
     1
 40
1.0
176
     1
 90
       12
176
     1
 62
     7
176
     1
 40
1.0
176
     1
 90
        1
176
     1
 90
        6
176
     1
 90
        2
176
     1
 62
     7
176
     1
 90
        5
176
     1
 90
        0
176
     1
 90
        0
176
     1
290
     0
176
     1
 90
        1
176
     1
 40
0.0
176
     1
 90
        0
176
     1
290
     0
176
     1
290
     1
176
     1
290
     1
176
     1
290
     0
176
     1
290
     0
176
     1
290
     0
176
     1
290
     0
176
     1
290
     0
176
     1
290
     0
176
     1
 90
       50
176
     1
 40
0.0
176
     1
 40
1.0
176
     1
 90
        0
176
     1
 62
    18
420
        0
176
     1
 90
       50
176
     1
 90
        3
176
     1
 62
     5
420
      255
176
     1
290
     0
176
     1
 90
       50
176
     1
 90
       50
176
     1
 90
       50
176
     1
290
     0
176
     1
 90
       50
176
     1
 62
   256
176
     0
 40
1.0
176
     0
 90
        2
176
     1
  1
strokes_ogs.tif
176
     1
290
     0
176
     1
 40
1.0
176
     1
 40
1.0
176
     1
1001
ACAD
1000
AcDbSavedByObjectVersion
1070
     0
  0
VISUALSTYLE
  5
30
102
{ACAD_REACTORS
330
29
102
}
330
29
100
AcDbVisualStyle
  2
Wireframe
 70
     5
177
     3
291
     0
 70
    58
 90
        0
176
     1
 90
        2
176
     1
 90
        0
176
     1
 90
        0
176
     1
 40
0.6
176
     1
 40
30.0
176
     1
 62
     7
420
 16777215
176
     1
 90
        1
176
     1
 90
        4
176
     1
 62
     7
176
     1
 62
   257
176
     1
 90
        1
176
     1
 90
        1
176
     1
 40
1.0
176
     1
 90
        0
176
     1
 62
   257
176
     1
 40
1.0
176
     1
 90
        1
176
     1
 90
        6
176
     1
 90
        2
176
     1
 62
     7
176
     1
 90
        3
176
     1
 90
        0
176
     1
 90
        0
176
     1
290
     0
176
     1
 90
        1
176
     1
 40
0.0
176
     1
 90
        0
176
     1
290
     0
176
     1
290
     1
176
     1
290
     1
176
     1
290
     0
176
     1
290
     0
176
     1
290
     0
176
     1
290
     0
176
     1
290
     0
176
     1
290
     0
176
     1
 90
       50
176
     1
 40
0.0
176
     1
 40
1.0
176
     1
 90
        0
176
     1
 62
    18
420
        0
176
     1
 90
       50
176
     1
 90
        3
176
     1
 62
     5
420
      255
176
     1
290
     0
176
     1
 90
       50
176
     1
 90
       50
176
     1
 90
       50
176
     1
290
     0
176
     1
 90
       50
176
     1
 62
   256
176
     0
 40
1.0
176
     0
 90
        2
176
     1
  1
strokes_ogs.tif
176
     1
290
     0
176
     1
 40
1.0
176
     1
 40
1.0
176
     1
1001
ACAD
1000
AcDbSavedByObjectVersion
1070
     0
  0
VISUALSTYLE
  5
3C
102
{ACAD_REACTORS
330
29
102
}
330
29
100
AcDbVisualStyle
  2
X-Ray
 70
    25
177
     3
291
     0
 70
    58
 90
        2
176
     1
 90
        2
176
     1
 90
        1
176
     1
 90
        1
176
     1
 40
0.5
176
     1
 40
30.0
176
     1
 62
     7
420
 16777215
176
     1
 90
        1
176
     1
 90
        0
176
     1
 62
     7
176
     1
 62
   257
176
     1
 90
        1
176
     1
 90
        1
176
     1
 40
1.0
176
     1
 90
        8
176
     1
 62
     7
176
     1
 40
1.0
176
     1
 90
        1
176
     1
 90
        6
176
     1
 90
        2
176
     1
 62
     7
176
     1
 90
        3
176
     1
 90
        0
176
     1
 90
        0
176
     1
290
     0
176
     1
 90
       13
176
     1
 40
0.0
176
     1
 90
        0
176
     1
290
     0
176
     1
290
     1
176
     1
290
     1
176
     1
290
     0
176
     1
290
     0
176
     1
290
     0
176
     1
290
     0
176
     1
290
     0
176
     1
290
     0
176
     1
 90
       50
176
     1
 40
0.0
176
     1
 40
1.0
176
     1
 90
        0
176
     1
 62
    18
420
        0
176
     1
 90
       50
176
     1
 90
        3
176
     1
 62
     5
420
      255
176
     1
290
     0
176
     1
 90
       50
176
     1
 90
       50
176
     1
 90
       50
176
     1
290
     0
176
     1
 90
       50
176
     1
 62
   256
176
     0
 40
1.0
176
     0
 90
        2
176
     1
  1
strokes_ogs.tif
176
     1
290
     0
176
     1
 40
1.0
176
     1
 40
1.0
176
     1
1001
ACAD
1000
AcDbSavedByObjectVersion
1070
     0
  0
DICTIONARYVAR
  5
E4
102
{ACAD_REACTORS
330
E1
102
}
330
E1
100
DictionaryVariables
280
     0
  1
1:1
  0
DICTIONARYVAR
  5
E3
102
{ACAD_REACTORS
330
E1
102
}
330
E1
100
DictionaryVariables
280
     0
  1
Copy of Standard
  0
DICTIONARYVAR
  5
E2
102
{ACAD_REACTORS
330
E1
102
}
330
E1
100
DictionaryVariables
280
     0
  1
STANDARD
  0
DICTIONARYVAR
  5
1A59
102
{ACAD_REACTORS
330
E1
102
}
330
E1
100
DictionaryVariables
280
     0
  1
Metric50
  0
DICTIONARYVAR
  5
1A5A
102
{ACAD_REACTORS
330
E1
102
}
330
E1
100
DictionaryVariables
280
     0
  1
Metric50
  0
DICTIONARY
  5
1A60
330
1A50
100
AcDbDictionary
280
     1
281
     1
  3
ACAD_XREC_ROUNDTRIP
360
1A61
  0
DICTIONARY
  5
117
330
6F
100
AcDbDictionary
280
     1
281
     1
  0
DICTIONARY
  5
1A
330
19
100
AcDbDictionary
280
     1
281
     1
  3
BUMPTILE
360
1C
  3
DIFFUSETILE
360
1B
  3
OPACITYTILE
360
1F
  3
REFLECTIONTILE
360
1E
  3
REFRACTIONTILE
360
20
  3
SPECULARTILE
360
1D
  0
DICTIONARY
  5
12
330
11
100
AcDbDictionary
280
     1
281
     1
  3
BUMPTILE
360
14
  3
DIFFUSETILE
360
13
  3
OPACITYTILE
360
17
  3
REFLECTIONTILE
360
16
  3
REFRACTIONTILE
360
18
  3
SPECULARTILE
360
15
  0
DICTIONARY
  5
22
330
21
100
AcDbDictionary
280
     1
281
     1
  3
BUMPTILE
360
24
  3
DIFFUSETILE
360
23
  3
OPACITYTILE
360
27
  3
REFLECTIONTILE
360
26
  3
REFRACTIONTILE
360
28
  3
SPECULARTILE
360
25
  0
DICTIONARY
  5
1A5E
330
1A4E
100
AcDbDictionary
280
     1
281
     1
  3
ACAD_XREC_ROUNDTRIP
360
1A5F
  0
DICTIONARY
  5
1A5B
330
65
100
AcDbDictionary
280
     1
281
     1
  3
ACAD_ROUNDTRIP_2008_TABLESTYLE_CELLSTYLEMAP
360
1A5C
  0
XRECORD
  5
1A61
102
{ACAD_REACTORS
330
1A60
102
}
330
1A60
100
AcDbXrecord
280
     1
102
DISPLAYNAME
  1
Metric50
102
FLAGS
 90
        0
  0
XRECORD
  5
1C
102
{ACAD_REACTORS
330
1A
102
}
330
1A
100
AcDbXrecord
280
     1
270
     1
271
     1
  0
XRECORD
  5
1B
102
{ACAD_REACTORS
330
1A
102
}
330
1A
100
AcDbXrecord
280
     1
270
     1
271
     1
  0
XRECORD
  5
1F
102
{ACAD_REACTORS
330
1A
102
}
330
1A
100
AcDbXrecord
280
     1
270
     1
271
     1
  0
XRECORD
  5
1E
102
{ACAD_REACTORS
330
1A
102
}
330
1A
100
AcDbXrecord
280
     1
270
     1
271
     1
  0
XRECORD
  5
20
102
{ACAD_REACTORS
330
1A
102
}
330
1A
100
AcDbXrecord
280
     1
270
     1
271
     1
  0
XRECORD
  5
1D
102
{ACAD_REACTORS
330
1A
102
}
330
1A
100
AcDbXrecord
280
     1
270
     1
271
     1
  0
XRECORD
  5
14
102
{ACAD_REACTORS
330
12
102
}
330
12
100
AcDbXrecord
280
     1
270
     1
271
     1
  0
XRECORD
  5
13
102
{ACAD_REACTORS
330
12
102
}
330
12
100
AcDbXrecord
280
     1
270
     1
271
     1
  0
XRECORD
  5
17
102
{ACAD_REACTORS
330
12
102
}
330
12
100
AcDbXrecord
280
     1
270
     1
271
     1
  0
XRECORD
  5
16
102
{ACAD_REACTORS
330
12
102
}
330
12
100
AcDbXrecord
280
     1
270
     1
271
     1
  0
XRECORD
  5
18
102
{ACAD_REACTORS
330
12
102
}
330
12
100
AcDbXrecord
280
     1
270
     1
271
     1
  0
XRECORD
  5
15
102
{ACAD_REACTORS
330
12
102
}
330
12
100
AcDbXrecord
280
     1
270
     1
271
     1
  0
XRECORD
  5
24
102
{ACAD_REACTORS
330
22
102
}
330
22
100
AcDbXrecord
280
     1
270
     1
271
     1
  0
XRECORD
  5
23
102
{ACAD_REACTORS
330
22
102
}
330
22
100
AcDbXrecord
280
     1
270
     1
271
     1
  0
XRECORD
  5
27
102
{ACAD_REACTORS
330
22
102
}
330
22
100
AcDbXrecord
280
     1
270
     1
271
     1
  0
XRECORD
  5
26
102
{ACAD_REACTORS
330
22
102
}
330
22
100
AcDbXrecord
280
     1
270
     1
271
     1
  0
XRECORD
  5
28
102
{ACAD_REACTORS
330
22
102
}
330
22
100
AcDbXrecord
280
     1
270
     1
271
     1
  0
XRECORD
  5
25
102
{ACAD_REACTORS
330
22
102
}
330
22
100
AcDbXrecord
280
     1
270
     1
271
     1
  0
XRECORD
  5
1A5F
102
{ACAD_REACTORS
330
1A5E
102
}
330
1A5E
100
AcDbXrecord
280
     1
102
DISPLAYNAME
  1
Metric50
102
FLAGS
 90
        0
  0
CELLSTYLEMAP
  5
1A5C
102
{ACAD_REACTORS
330
1A5B
102
}
330
1A5B
100
AcDbCellStyleMap
 90
        3
300
CELLSTYLE
  1
TABLEFORMAT_BEGIN
 90
        5
170
     1
 91
        0
 92
    32768
 62
   257
 93
        1
300
CONTENTFORMAT
  1
CONTENTFORMAT_BEGIN
 90
        0
 91
        0
 92
      512
 93
        0
300

 40
0.0
140
1.0
 94
        5
 62
     0
340
55
144
6.0
309
CONTENTFORMAT_END
171
     1
301
MARGIN
  1
CELLMARGIN_BEGIN
 40
1.5
 40
1.5
 40
1.5
 40
1.5
 40
4.5
 40
4.5
309
CELLMARGIN_END
 94
        6
 95
        1
302
GRIDFORMAT
  1
GRIDFORMAT_BEGIN
 90
        0
 91
        1
 62
     0
 92
       -2
340
0
 93
        0
 40
1.125
309
GRIDFORMAT_END
 95
        2
302
GRIDFORMAT
  1
GRIDFORMAT_BEGIN
 90
        0
 91
        1
 62
     0
 92
       -2
340
0
 93
        0
 40
1.125
309
GRIDFORMAT_END
 95
        4
302
GRIDFORMAT
  1
GRIDFORMAT_BEGIN
 90
        0
 91
        1
 62
     0
 92
       -2
340
0
 93
        0
 40
1.125
309
GRIDFORMAT_END
 95
        8
302
GRIDFORMAT
  1
GRIDFORMAT_BEGIN
 90
        0
 91
        1
 62
     0
 92
       -2
340
0
 93
        0
 40
1.125
309
GRIDFORMAT_END
 95
       16
302
GRIDFORMAT
  1
GRIDFORMAT_BEGIN
 90
        0
 91
        1
 62
     0
 92
       -2
340
0
 93
        0
 40
1.125
309
GRIDFORMAT_END
 95
       32
302
GRIDFORMAT
  1
GRIDFORMAT_BEGIN
 90
        0
 91
        1
 62
     0
 92
       -2
340
0
 93
        0
 40
1.125
309
GRIDFORMAT_END
309
TABLEFORMAT_END
  1
CELLSTYLE_BEGIN
 90
        1
 91
        1
300
_TITLE
309
CELLSTYLE_END
300
CELLSTYLE
  1
TABLEFORMAT_BEGIN
 90
        5
170
     1
 91
        0
 92
        0
 62
   257
 93
        1
300
CONTENTFORMAT
  1
CONTENTFORMAT_BEGIN
 90
        0
 91
        0
 92
      512
 93
        0
300

 40
0.0
140
1.0
 94
        5
 62
     0
340
55
144
4.5
309
CONTENTFORMAT_END
171
     1
301
MARGIN
  1
CELLMARGIN_BEGIN
 40
1.5
 40
1.5
 40
1.5
 40
1.5
 40
4.5
 40
4.5
309
CELLMARGIN_END
 94
        6
 95
        1
302
GRIDFORMAT
  1
GRIDFORMAT_BEGIN
 90
        0
 91
        1
 62
     0
 92
       -2
340
0
 93
        0
 40
1.125
309
GRIDFORMAT_END
 95
        2
302
GRIDFORMAT
  1
GRIDFORMAT_BEGIN
 90
        0
 91
        1
 62
     0
 92
       -2
340
0
 93
        0
 40
1.125
309
GRIDFORMAT_END
 95
        4
302
GRIDFORMAT
  1
GRIDFORMAT_BEGIN
 90
        0
 91
        1
 62
     0
 92
       -2
340
0
 93
        0
 40
1.125
309
GRIDFORMAT_END
 95
        8
302
GRIDFORMAT
  1
GRIDFORMAT_BEGIN
 90
        0
 91
        1
 62
     0
 92
       -2
340
0
 93
        0
 40
1.125
309
GRIDFORMAT_END
 95
       16
302
GRIDFORMAT
  1
GRIDFORMAT_BEGIN
 90
        0
 91
        1
 62
     0
 92
       -2
340
0
 93
        0
 40
1.125
309
GRIDFORMAT_END
 95
       32
302
GRIDFORMAT
  1
GRIDFORMAT_BEGIN
 90
        0
 91
        1
 62
     0
 92
       -2
340
0
 93
        0
 40
1.125
309
GRIDFORMAT_END
309
TABLEFORMAT_END
  1
CELLSTYLE_BEGIN
 90
        2
 91
        1
300
_HEADER
309
CELLSTYLE_END
300
CELLSTYLE
  1
TABLEFORMAT_BEGIN
 90
        5
170
     1
 91
        0
 92
        0
 62
   257
 93
        1
300
CONTENTFORMAT
  1
CONTENTFORMAT_BEGIN
 90
        0
 91
        0
 92
      512
 93
        0
300

 40
0.0
140
1.0
 94
        2
 62
     0
340
55
144
4.5
309
CONTENTFORMAT_END
171
     1
301
MARGIN
  1
CELLMARGIN_BEGIN
 40
1.5
 40
1.5
 40
1.5
 40
1.5
 40
4.5
 40
4.5
309
CELLMARGIN_END
 94
        6
 95
        1
302
GRIDFORMAT
  1
GRIDFORMAT_BEGIN
 90
        0
 91
        1
 62
     0
 92
       -2
340
0
 93
        0
 40
1.125
309
GRIDFORMAT_END
 95
        2
302
GRIDFORMAT
  1
GRIDFORMAT_BEGIN
 90
        0
 91
        1
 62
     0
 92
       -2
340
0
 93
        0
 40
1.125
309
GRIDFORMAT_END
 95
        4
302
GRIDFORMAT
  1
GRIDFORMAT_BEGIN
 90
        0
 91
        1
 62
     0
 92
       -2
340
0
 93
        0
 40
1.125
309
GRIDFORMAT_END
 95
        8
302
GRIDFORMAT
  1
GRIDFORMAT_BEGIN
 90
        0
 91
        1
 62
     0
 92
       -2
340
0
 93
        0
 40
1.125
309
GRIDFORMAT_END
 95
       16
302
GRIDFORMAT
  1
GRIDFORMAT_BEGIN
 90
        0
 91
        1
 62
     0
 92
       -2
340
0
 93
        0
 40
1.125
309
GRIDFORMAT_END
 95
       32
302
GRIDFORMAT
  1
GRIDFORMAT_BEGIN
 90
        0
 91
        1
 62
     0
 92
       -2
340
0
 93
        0
 40
1.125
309
GRIDFORMAT_END
309
TABLEFORMAT_END
  1
CELLSTYLE_BEGIN
 90
        3
 91
        2
300
_DATA
309
CELLSTYLE_END
  0
ENDSEC
  0
SECTION
  2
ACDSDATA
 70
     2
 71
     8
  0
ACDSSCHEMA
 90
        0
  1
AcDb_Thumbnail_Schema
  2
AcDbDs::ID
280
    10
 91
        8
  2
Thumbnail_Data
280
    15
 91
        0
101
ACDSRECORD
 95
        0
 90
        1
  2
AcDbDs::TreatedAsObjectData
280
     1
291
     1
101
ACDSRECORD
 95
        0
 90
        2
  2
AcDbDs::Legacy
280
     1
291
     1
101
ACDSRECORD
  1
AcDbDs::ID
 90
        3
  2
AcDs:Indexable
280
     1
291
     1
101
ACDSRECORD
  1
AcDbDs::ID
 90
        4
  2
AcDbDs::HandleAttribute
280
     7
282
     1
  0
ACDSSCHEMA
 90
        1
  1
AcDbDs::TreatedAsObjectDataSchema
  2
AcDbDs::TreatedAsObjectData
280
     1
 91
        0
  0
ACDSSCHEMA
 90
        2
  1
AcDbDs::LegacySchema
  2
AcDbDs::Legacy
280
     1
 91
        0
  0
ACDSSCHEMA
 90
        3
  1
AcDbDs::IndexedPropertySchema
  2
AcDs:Indexable
280
     1
 91
        0
  0
ACDSSCHEMA
 90
        4
  1
AcDbDs::HandleAttributeSchema
  2
AcDbDs::HandleAttribute
280
     7
 91
        1
284
     1
  0
ACDSRECORD
 90
        0
  2
AcDbDs::ID
280
    10
320
6F
  2
Thumbnail_Data
280
    15
 94
     2045
310
89504E470D0A1A0A0000000D49484452000001000000007208030000008B31FF2A00000300504C5445212830000000C8C8C80000000000000000000000000000000000000000000000000000330000660000990000CC0000FF0033000033330033660033990033CC0033FF0066000066330066660066990066CC0066FF0099
310
000099330099660099990099CC0099FF00CC0000CC3300CC6600CC9900CCCC00CCFF00FF0000FF3300FF6600FF9900FFCC00FFFF3300003300333300663300993300CC3300FF3333003333333333663333993333CC3333FF3366003366333366663366993366CC3366FF3399003399333399663399993399CC3399FF33CC00
310
33CC3333CC6633CC9933CCCC33CCFF33FF0033FF3333FF6633FF9933FFCC33FFFF6600006600336600666600996600CC6600FF6633006633336633666633996633CC6633FF6666006666336666666666996666CC6666FF6699006699336699666699996699CC6699FF66CC0066CC3366CC6666CC9966CCCC66CCFF66FF0066
310
FF3366FF6666FF9966FFCC66FFFF9900009900339900669900999900CC9900FF9933009933339933669933999933CC9933FF9966009966339966669966999966CC9966FF9999009999339999669999999999CC9999FF99CC0099CC3399CC6699CC9999CCCC99CCFF99FF0099FF3399FF6699FF9999FFCC99FFFFCC0000CC00
310
33CC0066CC0099CC00CCCC00FFCC3300CC3333CC3366CC3399CC33CCCC33FFCC6600CC6633CC6666CC6699CC66CCCC66FFCC9900CC9933CC9966CC9999CC99CCCC99FFCCCC00CCCC33CCCC66CCCC99CCCCCCCCCCFFCCFF00CCFF33CCFF66CCFF99CCFFCCCCFFFFFF0000FF0033FF0066FF0099FF00CCFF00FFFF3300FF3333
310
FF3366FF3399FF33CCFF33FFFF6600FF6633FF6666FF6699FF66CCFF66FFFF9900FF9933FF9966FF9999FF99CCFF99FFFFCC00FFCC33FFCC66FFCC99FFCCCCFFCCFFFFFF00FFFF33FFFF66FFFF99FFFFCCFFFFFF0000000D0D0D1A1A1A2828283535354343435050505D5D5D6B6B6B787878868686939393A1A1A1AEAEAEBB
310
BBBBC9C9C9D6D6D6E4E4E4F1F1F1FFFFFF000000000000000000000000000000000000000000000000000000000000B21171F6000004B84944415478DAED9C5B8283200C45B3A1EEFF2F3F6CA3DBB8FF23CF0145C0471104666AA756AD395C6212E910E51BA89386CE8E3B014C0013C00430014C0013C00430014C0013C004
310
30014C0013C00430014C0013C03800D83CC605C0BC3CC60620DBD84360681F80310000783100CE8E6369FE960133FFC403D40650600700C3C0C7C0F698BD0328F067BEDD0EC3AB001CB6C36A615800EF520033786C000419D18E0A00B60DAD00E2E903EE057042524F01F8B004B03C1D05001D3F81F763A73E00E8E71300F4
310
31370094EDEF0660BBDE7F5A29BF5100089B3A7307A03CB1619B22E9639A55576CAE0720B04308129E029697A701DC65FCAF01847608F2012C34C41505740880A4C99E02A81440A47509E0AC0F50F03C05F45314DD1C9A7D051CB1E38D00C42000C2BAD6490570E8043953466A0E00AE2AA004C0694BAA02A0020091AECC03
310
B8900DFCDA07840AF818F7FFF9EC018859920370291BA8E104E10CC902C0710017A3C2AA00844D82380A602FB14B01B81C145756400280CBEC62B1701CC01D3941230A4899B206407C53E7D70B84900690E94803409583BCDB44B8ED44AB0050BE2F0060B381AC257A23E9086455D9F3097D0190D9DF7219B44DC81536C6CD
310
0260AFAE4206433F0054254BA80288153EAB17CB4B5928CA0360EBFDCCB2AF64485BA8EA41E27F7E8055404175C3E4CDA6FBE9E63902D50090E9746580B00A2800A0F32666E52B99E9C46D95A70128FFC7FBAD0000BBA9024CC4DCA10262E7BCF842B72C004030E580D700B0E2E68C0B20E3F82D804E86005C3AACDC17B68D
310
D55A669400A05E01984F4829207D0E3AF6091480BE00F035000C5A394180BBF101EE7EE60527087715841E10B716466B00C85D0633A990B91BA466569879021D2AC04482FF3FEEEE6026B4653FA070A79C20F03DD86A019037C6844740DF2B2C0300BFB3900340D2A81DFBBEF6B7FE1010A6D3CD8FD00A50812032B9B0BB29
310
FCFF6757008C217B0AA00200BA6602AF74C21D0D0193000BDAF8803C80B06E84E81B090544DE7C4C01B2D38366D3E1D539600F40F8567F0AA0D58C106F8600B6015416C03E01D3C9CEBEC0C6DA0A40A880C080A8024009A19702F83609A05401DBEF491C05D0D210482A40C47C00E0975313007609780AA0969CE04601A9CB
310
20A236160268F532B85600451510D87A0E80EF03DA5400720A403CE0079510089D605B7140008068570166CF4200E827120C1520520A8825BD88D4CA2200540737E60455262BEC7467FDAB14C0E139B80DE0E645FB7583582D81DDB62D2B40CD8C5549E0F2526059EA15620DC0EE82D2DA05361EC3843FB111A11DC4D78F14
310
6B2980842E0968EB97A55A21681800CE7EAD0089819C13B81980B78CF9007AC40790298358FDC3ACF89502DAF00170F705D8D9AFF52F97F4231FD0505174FD7591B5DBB6AEDB9B49E15D05F8E055A0BD7982BB9F80DCB63874AEDE4E38D12680FA00CE6E9B7FB70B00DBCF3C02803B0470E01C32B749293539623339BDECB0
310
3500E4362D0690FC4F529E028250E47100F7ED959E52141F02D9AF127405A0C809C6C61EED0FBE9E00D009007A0EFE5000827EB74EE60D007297AC7F008D5D050EED75A5ADF6A756E280078740F2B0A00687C0AD9F0A376C10EAEBCD00ACDF2F02402F55402300BA6934DB6C83B6E1E53F014C0778B6FD0146F83B107C05C1
310
350000000049454E44AE426082
  0
ENDSEC
  0
EOF
